batch_id,path,dir,lines,status,clone_of
b0001,hbsd/src/lib/msun/src/s_signgam.c,lib/msun/src,3,DEFERRED,
b0001,hbsd/src/lib/msun/src/s_lrintf.c,lib/msun/src,6,DEFERRED,
b0001,hbsd/src/lib/msun/src/s_llrint.c,lib/msun/src,6,DEFERRED,
b0001,hbsd/src/lib/msun/src/s_llrintf.c,lib/msun/src,6,DEFERRED,
b0002,hbsd/src/lib/libc/locale/c16rtomb_iconv.c,lib/libc/locale,7,DEFERRED,
b0002,hbsd/src/lib/libc/locale/c32rtomb_iconv.c,lib/libc/locale,7,DEFERRED,
b0002,hbsd/src/lib/libc/locale/mbrtoc16_iconv.c,lib/libc/locale,7,DEFERRED,
b0002,hbsd/src/lib/libc/locale/mbrtoc32_iconv.c,lib/libc/locale,7,DEFERRED,
b0003,hbsd/src/lib/msun/src/s_lrintl.c,lib/msun/src,6,DEFERRED,
b0003,hbsd/src/lib/msun/src/s_llrintl.c,lib/msun/src,6,DEFERRED,
b0003,hbsd/src/lib/msun/src/s_lroundf.c,lib/msun/src,8,DEFERRED,
b0003,hbsd/src/lib/msun/src/s_lroundl.c,lib/msun/src,8,DEFERRED,
b0004,hbsd/src/lib/libc_nonshared/__stub.c,lib/libc_nonshared,31,DEFERRED,
b0005,hbsd/src/sys/security/mac_none/mac_none.c,sys/security/mac_none,54,DEFERRED,
b0006,hbsd/src/sys/security/mac_pimd/mac_pimd.c,sys/security/mac_pimd,71,DEFERRED,
b0007,hbsd/src/sys/security/mac_ntpd/mac_ntpd.c,sys/security/mac_ntpd,74,DEFERRED,
b0008,hbsd/src/lib/libc/csu/aarch64/reloc.c,lib/libc/csu/aarch64,75,DEFERRED,
b0009,hbsd/src/lib/libc/softfloat/negsf2.c,lib/libc/softfloat,19,VERIFIED,
b0009,hbsd/src/lib/libc/softfloat/gtsf2.c,lib/libc/softfloat,19,VERIFIED,
b0009,hbsd/src/lib/libc/softfloat/gtdf2.c,lib/libc/softfloat,19,VERIFIED,
b0009,hbsd/src/lib/libc/softfloat/nesf2.c,lib/libc/softfloat,19,VERIFIED,
b0010s1,hbsd/src/lib/libc/softfloat/nedf2.c,lib/libc/softfloat,19,DEFERRED,
b0010s2,hbsd/src/lib/libc/softfloat/ltsf2.c,lib/libc/softfloat,19,DEFERRED,
b0010s3,hbsd/src/lib/libc/softfloat/ltdf2.c,lib/libc/softfloat,19,DEFERRED,
b0010s4,hbsd/src/lib/libc/softfloat/eqsf2.c,lib/libc/softfloat,19,DEFERRED,
b0011,hbsd/src/lib/libc/softfloat/eqdf2.c,lib/libc/softfloat,19,DEFERRED,
b0011,hbsd/src/lib/libc/softfloat/negdf2.c,lib/libc/softfloat,19,DEFERRED,
b0011,hbsd/src/lib/libc/softfloat/gesf2.c,lib/libc/softfloat,19,DEFERRED,
b0011,hbsd/src/lib/libc/softfloat/lesf2.c,lib/libc/softfloat,19,DEFERRED,
b0012s1,hbsd/src/lib/libc/softfloat/gedf2.c,lib/libc/softfloat,19,VERIFIED,
b0012s2,hbsd/src/lib/libc/softfloat/ledf2.c,lib/libc/softfloat,19,VERIFIED,
b0012s3,hbsd/src/lib/libc/softfloat/negxf2.c,lib/libc/softfloat,22,DEFERRED,
b0012s4,hbsd/src/lib/libc/softfloat/gtxf2.c,lib/libc/softfloat,22,VERIFIED,
b0013,hbsd/src/lib/libc/gen/_rand48.c,lib/libc/gen,18,VERIFIED,
b0013,hbsd/src/lib/libc/gen/nrand48.c,lib/libc/gen,23,VERIFIED,
b0013,hbsd/src/lib/libc/gen/erand48.c,lib/libc/gen,24,VERIFIED,
b0013,hbsd/src/lib/libc/gen/jrand48.c,lib/libc/gen,23,VERIFIED,
b0014,hbsd/src/lib/libc/softfloat/nexf2.c,lib/libc/softfloat,22,VERIFIED,
b0014,hbsd/src/lib/libc/softfloat/gttf2.c,lib/libc/softfloat,23,VERIFIED,
b0014,hbsd/src/lib/libc/softfloat/netf2.c,lib/libc/softfloat,23,VERIFIED,
b0014,hbsd/src/lib/libc/softfloat/eqtf2.c,lib/libc/softfloat,21,VERIFIED,
b0015,hbsd/src/lib/libc/gen/pmadvise.c,lib/libc/gen,23,VERIFIED,
b0015,hbsd/src/lib/libc/gen/timespec_getres.c,lib/libc/gen,24,VERIFIED,
b0015,hbsd/src/lib/libc/gen/lrand48.c,lib/libc/gen,21,DEFERRED,
b0015,hbsd/src/lib/libc/gen/drand48.c,lib/libc/gen,22,DEFERRED,
b0016s1,hbsd/src/lib/libc/softfloat/lttf2.c,lib/libc/softfloat,23,DEFERRED,
b0016s2,hbsd/src/lib/libc/softfloat/gexf2.c,lib/libc/softfloat,22,VERIFIED,
b0016s3,hbsd/src/lib/libc/softfloat/getf2.c,lib/libc/softfloat,23,DEFERRED,
b0016s4,hbsd/src/lib/libc/softfloat/letf2.c,lib/libc/softfloat,23,DEFERRED,
b0017,hbsd/src/lib/libc/gen/mrand48.c,lib/libc/gen,23,VERIFIED,
b0017,hbsd/src/lib/libc/gen/lcong48.c,lib/libc/gen,22,VERIFIED,
b0017,hbsd/src/lib/libc/gen/srand48.c,lib/libc/gen,23,VERIFIED,
b0017,hbsd/src/lib/libc/gen/seed48.c,lib/libc/gen,26,VERIFIED,
b0018,hbsd/src/lib/libc/aarch64/string/strsep.c,lib/libc/aarch64/string,57,VERIFIED,
b0018,hbsd/src/lib/libc/aarch64/string/memset_resolver.c,lib/libc/aarch64/string,55,DEFERRED,
b0019,hbsd/src/lib/libc/uuid/uuid_stream.c,lib/libc/uuid,112,VERIFIED,
b0020s1,hbsd/src/lib/libc/sys/pdwait.c,lib/libc/sys,20,DEFERRED,
b0020s2,hbsd/src/lib/libc/sys/closefrom.c,lib/libc/sys,37,VERIFIED,
b0020s3,hbsd/src/lib/libc/sys/sigwait.c,lib/libc/sys,36,DEFERRED,
b0020s4,hbsd/src/lib/libc/sys/getdents.c,lib/libc/sys,38,VERIFIED,
b0021,hbsd/src/lib/libc/stdlib/_Exit.c,lib/libc/stdlib,20,VERIFIED,
b0021,hbsd/src/lib/libc/stdlib/remque.c,lib/libc/stdlib,27,VERIFIED,
b0021,hbsd/src/lib/libc/stdlib/l64a.c,lib/libc/stdlib,42,VERIFIED,
b0021,hbsd/src/lib/libc/stdlib/a64l.c,lib/libc/stdlib,44,VERIFIED,
b0022,hbsd/src/lib/libc/aarch64/gen/infinity.c,lib/libc/aarch64/gen,11,DEFERRED,
b0022,hbsd/src/lib/libc/aarch64/gen/fpgetmask.c,lib/libc/aarch64/gen,43,DEFERRED,
b0022,hbsd/src/lib/libc/aarch64/gen/flt_rounds.c,lib/libc/aarch64/gen,46,DEFERRED,
b0022,hbsd/src/lib/libc/aarch64/gen/fpsetmask.c,lib/libc/aarch64/gen,48,DEFERRED,
b0023,hbsd/src/lib/libc/gdtoa/glue.c,lib/libc/gdtoa,11,DEFERRED,
b0023,hbsd/src/lib/libc/gdtoa/machdep_ldisd.c,lib/libc/gdtoa,48,DEFERRED,
b0023,hbsd/src/lib/libc/gdtoa/machdep_ldisQ.c,lib/libc/gdtoa,51,DEFERRED,
b0023,hbsd/src/lib/libc/gdtoa/machdep_ldisx.c,lib/libc/gdtoa,52,DEFERRED,
b0024,hbsd/src/lib/libc/sys/stat.c,lib/libc/sys,40,DEFERRED,
b0024,hbsd/src/lib/libc/sys/mknod.c,lib/libc/sys,42,DEFERRED,
b0024,hbsd/src/lib/libc/sys/lstat.c,lib/libc/sys,40,DEFERRED,
b0024,hbsd/src/lib/libc/sys/POSIX2x_Fork.c,lib/libc/sys,41,DEFERRED,
b0025,hbsd/src/lib/libc/sys/fork.c,lib/libc/sys,41,DEFERRED,
b0025,hbsd/src/lib/libc/sys/fsync.c,lib/libc/sys,41,DEFERRED,
b0025,hbsd/src/lib/libc/sys/fdatasync.c,lib/libc/sys,41,DEFERRED,
b0025,hbsd/src/lib/libc/sys/close.c,lib/libc/sys,42,DEFERRED,
b0026,hbsd/src/lib/libc/stdbit/stdc_count_ones.c,lib/libc/stdbit,38,VERIFIED,
b0026,hbsd/src/lib/libc/stdbit/stdc_has_single_bit.c,lib/libc/stdbit,38,VERIFIED,
b0026,hbsd/src/lib/libc/stdbit/stdc_count_zeros.c,lib/libc/stdbit,38,VERIFIED,
b0026,hbsd/src/lib/libc/stdbit/stdc_first_trailing_one.c,lib/libc/stdbit,52,VERIFIED,
b0027,hbsd/src/lib/libc/sys/read.c,lib/libc/sys,42,DEFERRED,
b0027,hbsd/src/lib/libc/sys/msync.c,lib/libc/sys,42,DEFERRED,
b0027,hbsd/src/lib/libc/sys/write.c,lib/libc/sys,42,DEFERRED,
b0027,hbsd/src/lib/libc/sys/wait4.c,lib/libc/sys,41,DEFERRED,
b0028,hbsd/src/lib/libc/sys/sendmsg.c,lib/libc/sys,42,DEFERRED,
b0028,hbsd/src/lib/libc/sys/accept.c,lib/libc/sys,42,DEFERRED,
b0028,hbsd/src/lib/libc/sys/connect.c,lib/libc/sys,42,DEFERRED,
b0028,hbsd/src/lib/libc/sys/writev.c,lib/libc/sys,43,DEFERRED,
b0029,hbsd/src/sys/security/mac_veriexec/mac_veriexec_sha384.c,sys/security/mac_veriexec,41,DEFERRED,
b0029,hbsd/src/sys/security/mac_veriexec/mac_veriexec_sha256.c,sys/security/mac_veriexec,41,DEFERRED,
b0029,hbsd/src/sys/security/mac_veriexec/mac_veriexec_sha512.c,sys/security/mac_veriexec,41,DEFERRED,
b0029,hbsd/src/sys/security/mac_veriexec/mac_veriexec_sha1.c,sys/security/mac_veriexec,49,SKIPPED,
b0030,hbsd/src/lib/msun/src/k_sinf.c,lib/msun/src,41,VERIFIED,
b0030,hbsd/src/lib/msun/src/k_cosf.c,lib/msun/src,41,VERIFIED,
b0030,hbsd/src/lib/msun/src/s_logbl.c,lib/msun/src,50,DEFERRED,
b0030,hbsd/src/lib/msun/src/s_rintf.c,lib/msun/src,50,DEFERRED,
b0031,hbsd/src/lib/libc/string/wcspbrk.c,lib/libc/string,58,VERIFIED,
b0031,hbsd/src/lib/libc/string/ffs.c,lib/libc/string,45,VERIFIED,
b0031,hbsd/src/lib/libc/string/ffsl.c,lib/libc/string,45,VERIFIED,
b0031,hbsd/src/lib/libc/string/strcmp.c,lib/libc/string,47,VERIFIED,
b0032,hbsd/src/lib/libc/string/memcmp.c,lib/libc/string,52,VERIFIED,
b0032,hbsd/src/lib/libc/string/flsl.c,lib/libc/string,47,VERIFIED,
b0032,hbsd/src/lib/libc/string/flsll.c,lib/libc/string,46,VERIFIED,
b0032,hbsd/src/lib/libc/string/wcsncmp.c,lib/libc/string,52,VERIFIED,
b0033,hbsd/src/lib/libc/quad/iordi3.c,lib/libc/quad,51,DEFERRED,
b0033,hbsd/src/lib/libc/quad/negdi2.c,lib/libc/quad,50,DEFERRED,
b0033,hbsd/src/lib/libc/quad/notdi2.c,lib/libc/quad,51,DEFERRED,
b0033,hbsd/src/lib/libc/quad/floatunsdidf.c,lib/libc/quad,52,DEFERRED,
b0034,hbsd/src/lib/libc/quad/ucmpdi2.c,lib/libc/quad,51,DEFERRED,
b0034,hbsd/src/lib/libc/quad/fixdfdi.c,lib/libc/quad,55,VERIFIED,
b0034,hbsd/src/lib/libc/quad/cmpdi2.c,lib/libc/quad,52,DEFERRED,
b0034,hbsd/src/lib/libc/quad/subdi3.c,lib/libc/quad,52,DEFERRED,
b0035,hbsd/src/lib/libc/stdbit/stdc_bit_width.c,lib/libc/stdbit,53,VERIFIED,
b0035,hbsd/src/lib/libc/stdbit/stdc_first_trailing_zero.c,lib/libc/stdbit,53,VERIFIED,
b0035,hbsd/src/lib/libc/stdbit/stdc_bit_floor.c,lib/libc/stdbit,53,VERIFIED,
b0035,hbsd/src/lib/libc/stdbit/stdc_first_leading_one.c,lib/libc/stdbit,57,VERIFIED,
b0036,hbsd/src/lib/libc/stdbit/stdc_first_leading_zero.c,lib/libc/stdbit,57,VERIFIED,
b0036,hbsd/src/lib/libc/stdbit/stdc_trailing_ones.c,lib/libc/stdbit,56,VERIFIED,
b0036,hbsd/src/lib/libc/stdbit/stdc_trailing_zeros.c,lib/libc/stdbit,56,VERIFIED,
b0036,hbsd/src/lib/libc/stdbit/stdc_leading_ones.c,lib/libc/stdbit,60,VERIFIED,
b0037,hbsd/src/sys/x86/linux/linux_dummy_x86.c,sys/x86/linux,50,DEFERRED,
b0037,hbsd/src/sys/x86/linux/linux_vdso_selector_x86.c,sys/x86/linux,67,DEFERRED,
b0037,hbsd/src/sys/x86/linux/linux_x86.c,sys/x86/linux,112,DEFERRED,
b0038,hbsd/src/lib/msun/src/s_fminimuml.c,lib/msun/src,55,DEFERRED,
b0038,hbsd/src/lib/msun/src/s_fmaximuml.c,lib/msun/src,54,DEFERRED,
b0038,hbsd/src/lib/msun/src/s_fminimumf.c,lib/msun/src,61,DEFERRED,
b0038,hbsd/src/lib/msun/src/s_fmaximumf.c,lib/msun/src,60,DEFERRED,
b0039,hbsd/src/lib/libc/locale/mbsrtowcs.c,lib/libc/locale,54,DEFERRED,
b0039,hbsd/src/lib/libc/locale/wcsrtombs.c,lib/libc/locale,55,DEFERRED,
b0039,hbsd/src/lib/libc/locale/mbtowc.c,lib/libc/locale,67,DEFERRED,
b0039,hbsd/src/lib/libc/locale/wcwidth.c,lib/libc/locale,60,DEFERRED,
b0040,hbsd/src/lib/libc/quad/adddi3.c,lib/libc/quad,53,DEFERRED,
b0040,hbsd/src/lib/libc/quad/ashldi3.c,lib/libc/quad,58,DEFERRED,
b0040,hbsd/src/lib/libc/quad/lshldi3.c,lib/libc/quad,58,DEFERRED,
b0040,hbsd/src/lib/libc/quad/floatdidf.c,lib/libc/quad,67,DEFERRED,
b0041,hbsd/src/lib/libc/locale/wcstombs.c,lib/libc/locale,57,DEFERRED,
b0041,hbsd/src/lib/libc/locale/wctomb.c,lib/libc/locale,59,DEFERRED,
b0041,hbsd/src/lib/libc/locale/btowc.c,lib/libc/locale,63,DEFERRED,
b0041,hbsd/src/lib/libc/locale/mblen.c,lib/libc/locale,61,DEFERRED,
b0042,hbsd/src/lib/libc/quad/floatdisf.c,lib/libc/quad,69,DEFERRED,
b0042,hbsd/src/lib/libc/quad/ashrdi3.c,lib/libc/quad,67,DEFERRED,
b0042,hbsd/src/lib/libc/quad/fixunsdfdi.c,lib/libc/quad,89,DEFERRED,
b0042,hbsd/src/lib/libc/quad/fixunssfdi.c,lib/libc/quad,94,DEFERRED,
b0043,hbsd/src/lib/libcalendar/easter.c,lib/libcalendar,101,DEFERRED,
b0043,hbsd/src/lib/libcalendar/calendar.c,lib/libcalendar,330,DEFERRED,
b0044,hbsd/src/lib/libc/quad/muldi3.c,lib/libc/quad,239,DEFERRED,
b0044,hbsd/src/lib/libc/quad/qdivrem.c,lib/libc/quad,272,DEFERRED,
b0045,hbsd/src/lib/libc/locale/wcstol.c,lib/libc/locale,139,DEFERRED,
b0045,hbsd/src/lib/libc/locale/wcstoull.c,lib/libc/locale,138,DEFERRED,
b0045,hbsd/src/lib/libc/locale/wcstoimax.c,lib/libc/locale,140,DEFERRED,
b0045,hbsd/src/lib/libc/locale/wcstoll.c,lib/libc/locale,139,DEFERRED,
b0046,hbsd/src/sys/security/mac_stub/mac_stub.c,sys/security/mac_stub,1978,DEFERRED,
b0047,hbsd/src/lib/libc/softfloat/bits32/softfloat.c,lib/libc/softfloat/bits32,2344,DEFERRED,
b0048,hbsd/src/lib/libc/softfloat/bits64/softfloat.c,lib/libc/softfloat/bits64,5596,DEFERRED,
b0049,hbsd/src/lib/libc/softfloat/negtf2.c,lib/libc/softfloat,24,DEFERRED,
b0049,hbsd/src/lib/libc/softfloat/unorddf2.c,lib/libc/softfloat,23,DEFERRED,
b0049,hbsd/src/lib/libc/softfloat/unordsf2.c,lib/libc/softfloat,23,DEFERRED,
b0049,hbsd/src/lib/libc/softfloat/fpgetmask.c,lib/libc/softfloat,47,DEFERRED,
b0050,hbsd/src/lib/libc/stdbit/stdc_leading_zeros.c,lib/libc/stdbit,60,VERIFIED,
b0050,hbsd/src/lib/libc/stdbit/stdc_bit_ceil.c,lib/libc/stdbit,71,VERIFIED,
b0051,hbsd/src/lib/libc/quad/udivdi3.c,lib/libc/quad,46,DEFERRED,
b0051,hbsd/src/lib/libc/quad/umoddi3.c,lib/libc/quad,48,DEFERRED,
b0051,hbsd/src/lib/libc/quad/anddi3.c,lib/libc/quad,51,DEFERRED,
b0051,hbsd/src/lib/libc/quad/xordi3.c,lib/libc/quad,51,DEFERRED,
b0052,hbsd/src/lib/libc/softfloat/fpgetsticky.c,lib/libc/softfloat,47,DEFERRED,
b0052,hbsd/src/lib/libc/softfloat/fpgetround.c,lib/libc/softfloat,52,DEFERRED,
b0052,hbsd/src/lib/libc/softfloat/fpsetmask.c,lib/libc/softfloat,55,DEFERRED,
b0052,hbsd/src/lib/libc/softfloat/fpsetround.c,lib/libc/softfloat,55,DEFERRED,
b0053,hbsd/src/lib/libc/quad/fixsfdi.c,lib/libc/quad,57,VERIFIED,
b0053,hbsd/src/lib/libc/quad/divdi3.c,lib/libc/quad,58,VERIFIED,
b0053,hbsd/src/lib/libc/quad/moddi3.c,lib/libc/quad,60,DEFERRED,
b0053,hbsd/src/lib/libc/quad/lshrdi3.c,lib/libc/quad,57,DEFERRED,
b0054,hbsd/src/usr.bin/cksum/crc32.c,usr.bin/cksum,119,DEFERRED,
b0054,hbsd/src/usr.bin/cksum/crc.c,usr.bin/cksum,137,DEFERRED,
b0055,hbsd/src/lib/libc/amd64/gen/fpgetprec.c,lib/libc/amd64/gen,7,DEFERRED,
b0055,hbsd/src/lib/libc/amd64/gen/fpgetround.c,lib/libc/amd64/gen,7,DEFERRED,
b0055,hbsd/src/lib/libc/amd64/gen/fpgetmask.c,lib/libc/amd64/gen,7,DEFERRED,
b0055,hbsd/src/lib/libc/amd64/gen/fpgetsticky.c,lib/libc/amd64/gen,7,DEFERRED,
b0056,hbsd/src/lib/libc/amd64/gen/fpsetround.c,lib/libc/amd64/gen,7,DEFERRED,
b0056,hbsd/src/lib/libc/amd64/gen/fpsetprec.c,lib/libc/amd64/gen,7,DEFERRED,
b0056,hbsd/src/lib/libc/amd64/gen/fpsetmask.c,lib/libc/amd64/gen,7,DEFERRED,
b0056,hbsd/src/lib/libc/amd64/gen/infinity.c,lib/libc/amd64/gen,11,CLONE,hbsd/src/lib/libc/aarch64/gen/infinity.c
b0057,hbsd/src/lib/msun/src/s_crealf.c,lib/msun/src,35,DEFERRED,
b0057,hbsd/src/lib/msun/src/s_creal.c,lib/msun/src,35,DEFERRED,
b0057,hbsd/src/lib/msun/src/s_creall.c,lib/msun/src,35,DEFERRED,
b0057,hbsd/src/lib/msun/src/s_conj.c,lib/msun/src,38,DEFERRED,
b0058,hbsd/src/lib/libc/locale/mbrtoc32.c,lib/libc/locale,52,DEFERRED,
b0058,hbsd/src/lib/libc/locale/wcrtomb.c,lib/libc/locale,51,DEFERRED,
b0058,hbsd/src/lib/libc/locale/wctob.c,lib/libc/locale,55,DEFERRED,
b0058,hbsd/src/lib/libc/locale/mbrlen.c,lib/libc/locale,50,DEFERRED,
b0059,hbsd/src/lib/libc/iconv/citrus_bcs_strtol.c,lib/libc/iconv,57,DEFERRED,
b0059,hbsd/src/lib/libc/iconv/citrus_bcs_strtoul.c,lib/libc/iconv,57,DEFERRED,
b0059,hbsd/src/lib/libc/iconv/citrus_db_hash.c,lib/libc/iconv,64,DEFERRED,
b0059,hbsd/src/lib/libc/iconv/citrus_mmap.c,lib/libc/iconv,95,DEFERRED,
b0060,hbsd/src/lib/msun/src/s_llround.c,lib/msun/src,8,DEFERRED,
b0060,hbsd/src/lib/msun/src/s_llroundf.c,lib/msun/src,8,DEFERRED,
b0060,hbsd/src/lib/msun/src/s_llroundl.c,lib/msun/src,8,DEFERRED,
b0060,hbsd/src/lib/msun/src/w_drem.c,lib/msun/src,14,DEFERRED,
b0061,hbsd/src/bin/csh/iconv_stub.c,bin/csh,78,DEFERRED,
b0062,hbsd/src/lib/libc/iconv/iconv_close.c,lib/libc/iconv,37,DEFERRED,
b0062,hbsd/src/lib/libc/iconv/iconvctl.c,lib/libc/iconv,37,DEFERRED,
b0062,hbsd/src/lib/libc/iconv/__iconv_free_list.c,lib/libc/iconv,37,DEFERRED,
b0062,hbsd/src/lib/libc/iconv/iconv_open.c,lib/libc/iconv,37,DEFERRED,
b0063,hbsd/src/lib/libc/iconv/iconv_canonicalize.c,lib/libc/iconv,37,DEFERRED,
b0063,hbsd/src/lib/libc/iconv/__iconv_get_list.c,lib/libc/iconv,37,DEFERRED,
b0063,hbsd/src/lib/libc/iconv/iconvlist.c,lib/libc/iconv,37,DEFERRED,
b0063,hbsd/src/lib/libc/iconv/iconv_set_relocation_prefix.c,lib/libc/iconv,37,DEFERRED,
b0064,hbsd/src/lib/libc/locale/nomacros.c,lib/libc/locale,15,DEFERRED,
b0064,hbsd/src/lib/libc/locale/ctype.c,lib/libc/locale,32,DEFERRED,
b0064,hbsd/src/lib/libc/locale/mbsinit.c,lib/libc/locale,47,DEFERRED,
b0064,hbsd/src/lib/libc/locale/rpmatch.c,lib/libc/locale,54,VERIFIED,
b0065,hbsd/src/lib/libc/stdlib/strtoq.c,lib/libc/stdlib,44,DEFERRED,
b0065,hbsd/src/lib/libc/stdlib/strtouq.c,lib/libc/stdlib,44,DEFERRED,
b0065,hbsd/src/lib/libc/stdlib/div.c,lib/libc/stdlib,46,DEFERRED,
b0065,hbsd/src/lib/libc/stdlib/ldiv.c,lib/libc/stdlib,46,DEFERRED,
b0066,hbsd/src/lib/libc/gdtoa/_ldtoa.c,lib/libc/gdtoa,107,DEFERRED,
b0066,hbsd/src/lib/libc/gdtoa/_hldtoa.c,lib/libc/gdtoa,176,DEFERRED,
b0066,hbsd/src/lib/libc/gdtoa/_hdtoa.c,lib/libc/gdtoa,143,DEFERRED,
b0067,hbsd/src/lib/libc/compat-43/setrgid.c,lib/libc/compat-43,39,VERIFIED,
b0067,hbsd/src/lib/libc/compat-43/setruid.c,lib/libc/compat-43,39,VERIFIED,
b0067,hbsd/src/lib/libc/compat-43/setpgrp.c,lib/libc/compat-43,39,DEFERRED,
b0067,hbsd/src/lib/libc/compat-43/sethostid.c,lib/libc/compat-43,45,VERIFIED,
b0068,hbsd/src/lib/libc/gen/libc_dlopen.c,lib/libc/gen,56,DEFERRED,
b0068,hbsd/src/lib/libc/gen/uname.c,lib/libc/gen,45,DEFERRED,
b0068,hbsd/src/lib/libc/gen/opendir.c,lib/libc/gen,46,DEFERRED,
b0068,hbsd/src/lib/libc/gen/time.c,lib/libc/gen,48,VERIFIED,
b0069,hbsd/src/lib/libc/stdlib/atoi.c,lib/libc/stdlib,50,DEFERRED,
b0069,hbsd/src/lib/libc/stdlib/atol.c,lib/libc/stdlib,50,DEFERRED,
b0069,hbsd/src/lib/libc/stdlib/atof.c,lib/libc/stdlib,50,DEFERRED,
b0069,hbsd/src/lib/libc/stdlib/atoll.c,lib/libc/stdlib,50,DEFERRED,
b0070,hbsd/src/lib/msun/src/s_conjl.c,lib/msun/src,38,DEFERRED,
b0070,hbsd/src/lib/msun/src/s_cimagf.c,lib/msun/src,38,DEFERRED,
b0070,hbsd/src/lib/msun/src/s_cimag.c,lib/msun/src,38,DEFERRED,
b0070,hbsd/src/lib/msun/src/s_cargl.c,lib/msun/src,37,DEFERRED,
b0071,hbsd/src/lib/libc/aarch64/string/strlcat.c,lib/libc/aarch64/string,27,DEFERRED,
b0071,hbsd/src/lib/libc/aarch64/string/strpbrk.c,lib/libc/aarch64/string,43,DEFERRED,
b0071,hbsd/src/lib/libc/aarch64/string/memcpy_resolver.c,lib/libc/aarch64/string,42,DEFERRED,
b0071,hbsd/src/lib/libc/aarch64/string/memmove_resolver.c,lib/libc/aarch64/string,42,DEFERRED,
b0072,hbsd/src/lib/libc/iconv/iconv_open_into.c,lib/libc/iconv,37,DEFERRED,
b0072,hbsd/src/lib/libc/iconv/__iconv.c,lib/libc/iconv,38,DEFERRED,
b0072,hbsd/src/lib/libc/iconv/iconv.c,lib/libc/iconv,39,DEFERRED,
b0072,hbsd/src/lib/libc/iconv/citrus_hash.c,lib/libc/iconv,51,DEFERRED,
b0073,hbsd/src/lib/msun/ld128/b_tgammal.c,lib/msun/ld128,12,DEFERRED,
b0073,hbsd/src/lib/msun/ld128/s_nanl.c,lib/msun/ld128,46,DEFERRED,
b0073,hbsd/src/lib/msun/ld128/k_cosl.c,lib/msun/ld128,55,VERIFIED,
b0073,hbsd/src/lib/msun/ld128/k_sinl.c,lib/msun/ld128,55,DEFERRED,
b0074,hbsd/src/lib/libc/gen/isatty.c,lib/libc/gen,43,VERIFIED,
b0074,hbsd/src/lib/libc/gen/valloc.c,lib/libc/gen,44,VERIFIED,
b0074,hbsd/src/lib/libc/gen/ftok.c,lib/libc/gen,44,VERIFIED,
b0074,hbsd/src/lib/libc/gen/fdevname.c,lib/libc/gen,54,VERIFIED,
b0075,hbsd/src/lib/libc/locale/collcmp.c,lib/libc/locale,62,DEFERRED,
b0075,hbsd/src/lib/libc/locale/mbrtowc.c,lib/libc/locale,52,DEFERRED,
b0075,hbsd/src/lib/libc/locale/c32rtomb.c,lib/libc/locale,58,DEFERRED,
b0075,hbsd/src/lib/libc/locale/mbstowcs.c,lib/libc/locale,55,DEFERRED,
b0076,hbsd/src/lib/libc/net/sockatmark.c,lib/libc/net,39,VERIFIED,
b0076,hbsd/src/lib/libc/net/ntoh.c,lib/libc/net,59,DEFERRED,
b0076,hbsd/src/lib/libc/net/vars.c,lib/libc/net,44,DEFERRED,
b0076,hbsd/src/lib/libc/net/if_nametoindex.c,lib/libc/net,99,VERIFIED,
b0077,hbsd/src/lib/libc/secure/strcat_chk.c,lib/libc/secure,60,VERIFIED,
b0077,hbsd/src/lib/libc/secure/strlcat_chk.c,lib/libc/secure,70,VERIFIED,
b0077,hbsd/src/lib/libc/secure/fgets_chk.c,lib/libc/secure,54,VERIFIED,
b0077,hbsd/src/lib/libc/secure/vsprintf_chk.c,lib/libc/secure,58,VERIFIED,
b0078,hbsd/src/lib/libc/locale/runetype.c,lib/libc/locale,88,DEFERRED,
b0078,hbsd/src/lib/libc/locale/nextwctype.c,lib/libc/locale,102,DEFERRED,
b0078,hbsd/src/lib/libc/locale/wctype.c,lib/libc/locale,114,VERIFIED,
b0078,hbsd/src/lib/libc/locale/mbsnrtowcs.c,lib/libc/locale,102,DEFERRED,
b0079s1,hbsd/src/lib/msun/src/e_lgammaf.c,lib/msun/src,31,PENDING,
b0079s2,hbsd/src/lib/msun/src/s_finitef.c,lib/msun/src,29,PENDING,
b0079s3,hbsd/src/lib/msun/src/e_gammaf_r.c,lib/msun/src,30,PENDING,
b0079s4,hbsd/src/lib/msun/src/s_copysignf.c,lib/msun/src,33,PENDING,
b0080s1,hbsd/src/lib/msun/src/s_conjf.c,lib/msun/src,38,PENDING,
b0080s2,hbsd/src/lib/msun/src/s_carg.c,lib/msun/src,37,PENDING,
b0080s3,hbsd/src/lib/msun/src/s_cargf.c,lib/msun/src,37,PENDING,
b0080s4,hbsd/src/lib/msun/src/e_remainderl.c,lib/msun/src,37,PENDING,
b0081,hbsd/src/lib/libc/amd64/string/strcpy.c,lib/libc/amd64/string,37,DEFERRED,
b0081,hbsd/src/lib/libc/amd64/string/strnlen.c,lib/libc/amd64/string,41,DEFERRED,
b0081,hbsd/src/lib/libc/amd64/string/strpbrk.c,lib/libc/amd64/string,43,DEFERRED,hbsd/src/lib/libc/aarch64/string/strpbrk.c
b0081,hbsd/src/lib/libc/amd64/string/strncpy.c,lib/libc/amd64/string,43,DEFERRED,
b0082,hbsd/src/lib/msun/ld80/s_nanl.c,lib/msun/ld80,46,DEFERRED,
b0082,hbsd/src/lib/msun/ld80/k_sinl.c,lib/msun/ld80,58,DEFERRED,
b0082,hbsd/src/lib/msun/ld80/invtrig.c,lib/msun/ld80,81,DEFERRED,
b0082,hbsd/src/lib/msun/ld80/k_cosl.c,lib/msun/ld80,74,DEFERRED,
b0083,hbsd/src/lib/libc/locale/fix_grouping.c,lib/libc/locale,85,DEFERRED,
b0083,hbsd/src/lib/libc/locale/c16rtomb.c,lib/libc/locale,80,DEFERRED,
b0083,hbsd/src/lib/libc/locale/tolower.c,lib/libc/locale,75,DEFERRED,
b0083,hbsd/src/lib/libc/locale/toupper.c,lib/libc/locale,77,DEFERRED,
b0084,hbsd/src/lib/msun/ld128/k_tanl.c,lib/msun/ld128,114,VERIFIED,
b0084,hbsd/src/lib/msun/ld128/invtrig.c,lib/msun/ld128,99,DEFERRED,
b0084,hbsd/src/lib/msun/ld128/s_expl.c,lib/msun/ld128,319,DEFERRED,
b0084,hbsd/src/lib/msun/ld128/e_lgammal_r.c,lib/msun/ld128,326,DEFERRED,
b0085,hbsd/src/usr.sbin/cxgbetool/reg_defs_t4vf.c,usr.sbin/cxgbetool,167,DEFERRED,
b0085,hbsd/src/usr.sbin/cxgbetool/tcbshowt4.c,usr.sbin/cxgbetool,414,VERIFIED,
b0085,hbsd/src/usr.sbin/cxgbetool/tcbshowt5.c,usr.sbin/cxgbetool,425,VERIFIED,
b0085,hbsd/src/usr.sbin/cxgbetool/tcbshowt6.c,usr.sbin/cxgbetool,441,VERIFIED,
b0086,hbsd/src/lib/msun/src/e_lgammal.c,lib/msun/src,21,DEFERRED,
b0086,hbsd/src/lib/msun/src/s_fabs.c,lib/msun/src,26,DEFERRED,
b0086,hbsd/src/lib/msun/src/e_gamma.c,lib/msun/src,29,DEFERRED,
b0086,hbsd/src/lib/msun/src/s_finite.c,lib/msun/src,25,DEFERRED,
b0087,hbsd/src/lib/libc/gen/uexterr_gettext.c,lib/libc/gen,43,DEFERRED,
b0087,hbsd/src/lib/libc/gen/inotify.c,lib/libc/gen,48,DEFERRED,
b0087,hbsd/src/lib/libc/gen/arc4random_uniform.c,lib/libc/gen,47,VERIFIED,
b0087,hbsd/src/lib/libc/gen/scandir_b.c,lib/libc/gen,27,DEFERRED,
b0088,hbsd/src/lib/msun/ld128/s_cospil.c,lib/msun/ld128,108,DEFERRED,
b0088,hbsd/src/lib/msun/ld128/s_sinpil.c,lib/msun/ld128,111,DEFERRED,
b0088,hbsd/src/lib/msun/ld128/s_cexpl.c,lib/msun/ld128,91,DEFERRED,
b0088,hbsd/src/lib/msun/ld128/s_tanpil.c,lib/msun/ld128,122,DEFERRED,
b0089,hbsd/src/lib/msun/ld128/e_powl.c,lib/msun/ld128,440,DEFERRED,
b0089,hbsd/src/lib/msun/ld128/s_exp2l.c,lib/msun/ld128,426,DEFERRED,
b0089,hbsd/src/lib/msun/ld128/s_erfl.c,lib/msun/ld128,325,DEFERRED,
b0089,hbsd/src/lib/msun/ld128/s_logl.c,lib/msun/ld128,731,DEFERRED,
b0090,hbsd/src/lib/libc/gen/getgrouplist.c,lib/libc/gen,43,DEFERRED,
b0090,hbsd/src/lib/libc/gen/utime.c,lib/libc/gen,49,VERIFIED,
b0090,hbsd/src/lib/libc/gen/getbootfile.c,lib/libc/gen,49,DEFERRED,
b0090,hbsd/src/lib/libc/gen/getdomainname.c,lib/libc/gen,50,DEFERRED,
b0091,hbsd/src/lib/libc/stdio/fsetpos.c,lib/libc/stdio,45,DEFERRED,
b0091,hbsd/src/lib/libc/stdio/getwchar.c,lib/libc/stdio,56,DEFERRED,
b0091,hbsd/src/lib/libc/stdio/fgetpos.c,lib/libc/stdio,47,VERIFIED,
b0091,hbsd/src/lib/libc/stdio/putwchar.c,lib/libc/stdio,57,DEFERRED,
b0092,hbsd/src/lib/libc/stdio/setbuffer.c,lib/libc/stdio,52,DEFERRED,
b0092,hbsd/src/lib/libc/stdio/remove.c,lib/libc/stdio,50,VERIFIED,
b0092,hbsd/src/lib/libc/stdio/wscanf.c,lib/libc/stdio,62,DEFERRED,
b0092,hbsd/src/lib/libc/stdio/getwc.c,lib/libc/stdio,59,DEFERRED,
b0093,hbsd/src/lib/msun/ld80/s_cexpl.c,lib/msun/ld80,104,DEFERRED,
b0093,hbsd/src/lib/msun/ld80/s_cospil.c,lib/msun/ld80,121,DEFERRED,
b0093,hbsd/src/lib/msun/ld80/s_sinpil.c,lib/msun/ld80,130,DEFERRED,
b0093,hbsd/src/lib/msun/ld80/s_tanpil.c,lib/msun/ld80,133,DEFERRED,
b0094,hbsd/src/lib/msun/ld80/k_tanl.c,lib/msun/ld80,119,DEFERRED,
b0094,hbsd/src/lib/msun/ld80/b_expl.c,lib/msun/ld80,113,DEFERRED,
b0094,hbsd/src/lib/msun/ld80/s_expl.c,lib/msun/ld80,272,DEFERRED,
b0094,hbsd/src/lib/msun/ld80/s_exp2l.c,lib/msun/ld80,287,DEFERRED,
b0095,hbsd/src/lib/msun/ld80/e_powl.c,lib/msun/ld80,656,DEFERRED,
b0095,hbsd/src/lib/msun/ld80/s_logl.c,lib/msun/ld80,715,DEFERRED,
b0096,hbsd/src/lib/libc/sys/recvmsg.c,lib/libc/sys,42,DEFERRED,
b0096,hbsd/src/lib/libc/sys/accept4.c,lib/libc/sys,42,DEFERRED,
b0096,hbsd/src/lib/libc/sys/pselect.c,lib/libc/sys,42,DEFERRED,
b0096,hbsd/src/lib/libc/sys/aio_suspend.c,lib/libc/sys,42,DEFERRED,
b0097,hbsd/src/lib/libc/sys/wait6.c,lib/libc/sys,43,DEFERRED,
b0097,hbsd/src/lib/libc/sys/sendto.c,lib/libc/sys,43,DEFERRED,
b0097,hbsd/src/lib/libc/sys/clock_nanosleep.c,lib/libc/sys,43,DEFERRED,
b0097,hbsd/src/lib/libc/sys/ppoll.c,lib/libc/sys,43,DEFERRED,
b0098,hbsd/src/lib/libc/stdio/getw.c,lib/libc/stdio,43,VERIFIED,
b0098,hbsd/src/lib/libc/stdio/vwscanf.c,lib/libc/stdio,48,DEFERRED,
b0098,hbsd/src/lib/libc/stdio/vwprintf.c,lib/libc/stdio,48,DEFERRED,
b0098,hbsd/src/lib/libc/stdio/setbuf.c,lib/libc/stdio,42,DEFERRED,
b0099,hbsd/src/lib/libc/string/wcsncat.c,lib/libc/string,59,VERIFIED,
b0099,hbsd/src/lib/libc/string/ffsll.c,lib/libc/string,45,VERIFIED,
b0099,hbsd/src/lib/libc/string/strpbrk.c,lib/libc/string,49,VERIFIED,
b0099,hbsd/src/lib/libc/string/fls.c,lib/libc/string,46,VERIFIED,
b0100,hbsd/src/lib/libc/stdio/rget.c,lib/libc/stdio,51,VERIFIED,
b0100,hbsd/src/lib/libc/stdio/wprintf.c,lib/libc/stdio,62,DEFERRED,
b0100,hbsd/src/lib/libc/stdio/clrerr.c,lib/libc/stdio,56,DEFERRED,
b0100,hbsd/src/lib/libc/stdio/feof.c,lib/libc/stdio,59,DEFERRED,
b0101,hbsd/src/lib/libc/stdio/getc.c,lib/libc/stdio,61,DEFERRED,
b0101,hbsd/src/lib/libc/stdio/vprintf.c,lib/libc/stdio,52,DEFERRED,
b0101,hbsd/src/lib/libc/stdio/putw.c,lib/libc/stdio,57,DEFERRED,
b0101,hbsd/src/lib/libc/stdio/fputc.c,lib/libc/stdio,61,DEFERRED,
b0102,hbsd/src/lib/libc/gen/aio_write2.c,lib/libc/gen,58,DEFERRED,
b0102,hbsd/src/lib/libc/gen/seekdir.c,lib/libc/gen,54,DEFERRED,
b0102,hbsd/src/lib/libc/gen/signal.c,lib/libc/gen,55,DEFERRED,
b0102,hbsd/src/lib/libc/gen/getentropy.c,lib/libc/gen,78,DEFERRED,
b0103,hbsd/src/lib/libc/stdio/fwscanf.c,lib/libc/stdio,62,DEFERRED,
b0103,hbsd/src/lib/libc/stdio/ferror.c,lib/libc/stdio,59,DEFERRED,
b0103,hbsd/src/lib/libc/stdio/fwprintf.c,lib/libc/stdio,62,DEFERRED,
b0103,hbsd/src/lib/libc/stdio/swscanf.c,lib/libc/stdio,63,DEFERRED,
b0104,hbsd/src/lib/libc/stdio/fprintf.c,lib/libc/stdio,66,DEFERRED,
b0104,hbsd/src/lib/libc/stdio/sscanf.c,lib/libc/stdio,68,DEFERRED,
b0104,hbsd/src/lib/libc/stdio/vscanf.c,lib/libc/stdio,62,DEFERRED,
b0104,hbsd/src/lib/libc/stdio/perror.c,lib/libc/stdio,71,DEFERRED,
b0105,hbsd/src/lib/libc/string/strspn.c,lib/libc/string,70,DEFERRED,
b0105,hbsd/src/lib/libc/string/strcspn.c,lib/libc/string,71,DEFERRED,
b0105,hbsd/src/lib/libc/string/strsep.c,lib/libc/string,71,DEFERRED,
b0105,hbsd/src/lib/libc/string/wcslcpy.c,lib/libc/string,71,DEFERRED,
b0106,hbsd/src/lib/libc/stdio/fputwc.c,lib/libc/stdio,87,DEFERRED,
b0106,hbsd/src/lib/libc/stdio/fputs.c,lib/libc/stdio,74,DEFERRED,
b0106,hbsd/src/lib/libc/stdio/vsprintf.c,lib/libc/stdio,68,DEFERRED,
b0106,hbsd/src/lib/libc/stdio/scanf.c,lib/libc/stdio,74,DEFERRED,
b0107,hbsd/src/lib/libc/stdio/flags.c,lib/libc/stdio,113,VERIFIED,
b0107,hbsd/src/lib/libc/stdio/fgetwc.c,lib/libc/stdio,108,DEFERRED,
b0107,hbsd/src/lib/libc/stdio/snprintf.c,lib/libc/stdio,105,DEFERRED,
b0107,hbsd/src/lib/libc/stdio/gets_s.c,lib/libc/stdio,100,DEFERRED,
b0108,hbsd/src/bin/pax/getoldopt.c,bin/pax,69,VERIFIED,
b0108,hbsd/src/bin/pax/tty_subs.c,bin/pax,184,DEFERRED,
b0108,hbsd/src/bin/pax/gen_subs.c,bin/pax,380,DEFERRED,
b0108,hbsd/src/bin/pax/cache.c,bin/pax,417,DEFERRED,
b0109,hbsd/src/lib/libc/stdio/fgetc.c,lib/libc/stdio,51,DEFERRED,
b0109,hbsd/src/lib/libc/stdio/putwc.c,lib/libc/stdio,58,DEFERRED,
b0109,hbsd/src/lib/libc/stdio/swprintf.c,lib/libc/stdio,63,DEFERRED,
b0109,hbsd/src/lib/libc/stdio/rewind.c,lib/libc/stdio,56,DEFERRED,
b0110,hbsd/src/lib/libc/posix1e/mac_set.c,lib/libc/posix1e,68,DEFERRED,
b0110,hbsd/src/lib/libc/posix1e/acl_delete.c,lib/libc/posix1e,78,DEFERRED,
b0110,hbsd/src/lib/libc/posix1e/extattr.c,lib/libc/posix1e,76,DEFERRED,
b0110,hbsd/src/lib/libc/posix1e/acl_copy.c,lib/libc/posix1e,85,DEFERRED,
b0111,hbsd/src/lib/libthr/arch/amd64/amd64/thr_machdep.c,lib/libthr/arch/amd64/amd64,48,DEFERRED,
b0112,hbsd/src/lib/libc/aarch64/string/bzero.c,lib/libc/aarch64/string,14,DEFERRED,
b0112,hbsd/src/lib/libc/aarch64/string/bcopy.c,lib/libc/aarch64/string,14,DEFERRED,
b0112,hbsd/src/lib/libc/aarch64/string/strcat.c,lib/libc/aarch64/string,20,DEFERRED,
b0112,hbsd/src/lib/libc/aarch64/string/strncat.c,lib/libc/aarch64/string,31,DEFERRED,
b0113,hbsd/src/lib/libc/string/mempcpy.c,lib/libc/string,39,DEFERRED,
b0113,hbsd/src/lib/libc/string/stpncpy.c,lib/libc/string,46,VERIFIED,
b0113,hbsd/src/lib/libc/string/wcpncpy.c,lib/libc/string,46,DEFERRED,
b0113,hbsd/src/lib/libc/string/wmempcpy.c,lib/libc/string,40,DEFERRED,
b0114,hbsd/src/lib/libc/string/stpcpy.c,lib/libc/string,44,VERIFIED,
b0114,hbsd/src/lib/libc/string/wmemcpy.c,lib/libc/string,46,DEFERRED,
b0114,hbsd/src/lib/libc/string/wcpcpy.c,lib/libc/string,43,DEFERRED,
b0114,hbsd/src/lib/libc/string/wmemchr.c,lib/libc/string,52,VERIFIED,
b0115,hbsd/src/lib/libc/secure/memmove_chk.c,lib/libc/secure,47,DEFERRED,
b0115,hbsd/src/lib/libc/secure/memcpy_chk.c,lib/libc/secure,51,DEFERRED,
b0115,hbsd/src/lib/libc/secure/vsnprintf_chk.c,lib/libc/secure,49,DEFERRED,
b0115,hbsd/src/lib/libc/secure/strncpy_chk.c,lib/libc/secure,51,DEFERRED,
b0116,hbsd/src/lib/libc/string/strdup.c,lib/libc/string,47,DEFERRED,
b0116,hbsd/src/lib/libc/string/wcscat.c,lib/libc/string,52,DEFERRED,
b0116,hbsd/src/lib/libc/string/wmemcmp.c,lib/libc/string,53,VERIFIED,
b0116,hbsd/src/lib/libc/string/wcscspn.c,lib/libc/string,58,VERIFIED,
b0117,hbsd/src/lib/libc/secure/stpncpy_chk.c,lib/libc/secure,51,DEFERRED,
b0117,hbsd/src/lib/libc/secure/strcpy_chk.c,lib/libc/secure,52,DEFERRED,
b0117,hbsd/src/lib/libc/secure/stpcpy_chk.c,lib/libc/secure,53,VERIFIED,
b0117,hbsd/src/lib/libc/secure/snprintf_chk.c,lib/libc/secure,56,DEFERRED,
b0118,hbsd/src/lib/libc/stdio/fgets.c,lib/libc/stdio,115,DEFERRED,
b0118,hbsd/src/lib/libc/stdio/fwrite.c,lib/libc/stdio,103,DEFERRED,
b0118,hbsd/src/lib/libc/stdio/fgetws.c,lib/libc/stdio,129,DEFERRED,
b0118,hbsd/src/lib/libc/stdio/fdopen.c,lib/libc/stdio,111,DEFERRED,
b0119,hbsd/src/bin/sh/mystring.c,bin/sh,92,DEFERRED,
b0119,hbsd/src/bin/sh/mail.c,bin/sh,111,DEFERRED,
b0119,hbsd/src/bin/sh/error.c,bin/sh,194,DEFERRED,
b0119,hbsd/src/bin/sh/arith_yylex.c,bin/sh,274,DEFERRED,
b0120,hbsd/src/lib/libc/amd64/string/bzero.c,lib/libc/amd64/string,14,DEFERRED,hbsd/src/lib/libc/aarch64/string/bzero.c
b0120,hbsd/src/lib/libc/amd64/string/bcopy.c,lib/libc/amd64/string,14,DEFERRED,hbsd/src/lib/libc/aarch64/string/bcopy.c
b0120,hbsd/src/lib/libc/amd64/string/strncat.c,lib/libc/amd64/string,31,DEFERRED,hbsd/src/lib/libc/aarch64/string/strncat.c
b0120,hbsd/src/lib/libc/amd64/string/strlcat.c,lib/libc/amd64/string,27,DEFERRED,
b0121,hbsd/src/lib/libc/string/wmemmove.c,lib/libc/string,45,DEFERRED,
b0121,hbsd/src/lib/libc/string/strcat.c,lib/libc/string,44,VERIFIED,
b0121,hbsd/src/lib/libc/string/wcscpy.c,lib/libc/string,50,DEFERRED,
b0121,hbsd/src/lib/libc/string/wmemset.c,lib/libc/string,52,DEFERRED,
b0122,hbsd/src/lib/libc/uuid/uuid_create.c,lib/libc/uuid,45,DEFERRED,
b0122,hbsd/src/lib/libc/uuid/uuid_create_nil.c,lib/libc/uuid,46,DEFERRED,
b0122,hbsd/src/lib/libc/uuid/uuid_hash.c,lib/libc/uuid,49,DEFERRED,
b0122,hbsd/src/lib/libc/uuid/uuid_equal.c,lib/libc/uuid,55,VERIFIED,
b0123,hbsd/src/sbin/ipf/libipf/familyname.c,sbin/ipf/libipf,13,DEFERRED,
b0123,hbsd/src/sbin/ipf/libipf/ftov.c,sbin/ipf/libipf,15,DEFERRED,
b0123,hbsd/src/sbin/ipf/libipf/vtof.c,sbin/ipf/libipf,15,DEFERRED,
b0123,hbsd/src/sbin/ipf/libipf/freembt.c,sbin/ipf/libipf,16,DEFERRED,
b0124,hbsd/src/sbin/ipf/libipf/printifname.c,sbin/ipf/libipf,19,DEFERRED,
b0124,hbsd/src/sbin/ipf/libipf/resetlexer.c,sbin/ipf/libipf,24,DEFERRED,
b0124,hbsd/src/sbin/ipf/libipf/alist_free.c,sbin/ipf/libipf,19,DEFERRED,
b0124,hbsd/src/sbin/ipf/libipf/msgdsize.c,sbin/ipf/libipf,19,DEFERRED,
b0125,hbsd/src/lib/libc/gen/cpuset_free.c,lib/libc/gen,33,DEFERRED,
b0125,hbsd/src/lib/libc/gen/cpuset_alloc.c,lib/libc/gen,33,DEFERRED,
b0125,hbsd/src/lib/libc/gen/exect.c,lib/libc/gen,42,VERIFIED,
b0125,hbsd/src/lib/libc/gen/clock_getcpuclockid.c,lib/libc/gen,40,DEFERRED,
b0126,hbsd/src/lib/libc/stdlib/abs.c,lib/libc/stdlib,38,DEFERRED,
b0126,hbsd/src/lib/libc/stdlib/labs.c,lib/libc/stdlib,38,DEFERRED,
b0126,hbsd/src/lib/libc/stdlib/strtonum.c,lib/libc/stdlib,65,DEFERRED,
b0126,hbsd/src/lib/libc/stdlib/reallocf.c,lib/libc/stdlib,46,VERIFIED,
b0127,hbsd/src/lib/libc/stdio/vasprintf.c,lib/libc/stdio,74,DEFERRED,
b0127,hbsd/src/lib/libc/stdio/ungetwc.c,lib/libc/stdio,89,DEFERRED,
b0127,hbsd/src/lib/libc/stdio/fscanf.c,lib/libc/stdio,74,DEFERRED,
b0127,hbsd/src/lib/libc/stdio/vsscanf.c,lib/libc/stdio,74,DEFERRED,
b0128,hbsd/src/lib/libc/locale/wcstof.c,lib/libc/locale,92,DEFERRED,
b0128,hbsd/src/lib/libc/locale/wcstold.c,lib/libc/locale,92,DEFERRED,
b0128,hbsd/src/lib/libc/locale/wctrans.c,lib/libc/locale,100,DEFERRED,
b0128,hbsd/src/lib/libc/locale/mbrtoc16.c,lib/libc/locale,88,DEFERRED,
b0129,hbsd/src/lib/libc/net/if_indextoname.c,lib/libc/net,92,VERIFIED,
b0129,hbsd/src/lib/libc/net/getproto.c,lib/libc/net,133,DEFERRED,
b0129,hbsd/src/lib/libc/net/map_v4v6.c,lib/libc/net,107,VERIFIED,
b0129,hbsd/src/lib/libc/net/gai_strerror.c,lib/libc/net,124,DEFERRED,
b0130,hbsd/src/lib/libc/locale/wcsnrtombs.c,lib/libc/locale,124,DEFERRED,
b0130,hbsd/src/lib/libc/locale/wcstod.c,lib/libc/locale,115,DEFERRED,
b0130,hbsd/src/lib/libc/locale/lmessages.c,lib/libc/locale,133,DEFERRED,
b0130,hbsd/src/lib/libc/locale/iswctype.c,lib/libc/locale,188,VERIFIED,
b0131,hbsd/src/lib/libc/db/btree/bt_page.c,lib/libc/db/btree,90,DEFERRED,
b0131,hbsd/src/lib/libc/db/btree/bt_get.c,lib/libc/db/btree,95,DEFERRED,
b0131,hbsd/src/lib/libc/db/btree/bt_close.c,lib/libc/db/btree,175,DEFERRED,
b0131,hbsd/src/lib/libc/db/btree/bt_conv.c,lib/libc/db/btree,208,DEFERRED,
b0132,hbsd/src/lib/libc/gen/readdir.c,lib/libc/gen,138,DEFERRED,
b0132,hbsd/src/lib/libc/gen/utxdb.c,lib/libc/gen,174,DEFERRED,
b0132,hbsd/src/lib/libc/gen/strtofflags.c,lib/libc/gen,165,VERIFIED,
b0132,hbsd/src/lib/libc/gen/disklabel.c,lib/libc/gen,162,DEFERRED,
b0133,hbsd/src/lib/libc/db/hash/hash_log2.c,lib/libc/db/hash,48,VERIFIED,
b0133,hbsd/src/lib/libc/db/hash/hash_func.c,lib/libc/db/hash,186,DEFERRED,
b0133,hbsd/src/lib/libc/db/hash/ndbm.c,lib/libc/db/hash,208,DEFERRED,
b0133,hbsd/src/lib/libc/db/hash/hash_buf.c,lib/libc/db/hash,354,DEFERRED,
b0134,hbsd/src/lib/libc/csu/amd64/reloc.c,lib/libc/csu/amd64,68,DEFERRED,
b0135,hbsd/src/lib/msun/src/s_scalbnf.c,lib/msun/src,41,DEFERRED,
b0135,hbsd/src/lib/msun/src/s_fabsf.c,lib/msun/src,30,DEFERRED,
b0135,hbsd/src/lib/msun/src/s_copysign.c,lib/msun/src,29,DEFERRED,
b0135,hbsd/src/lib/msun/src/e_gammaf.c,lib/msun/src,31,DEFERRED,
b0136,hbsd/src/lib/msun/src/e_scalb.c,lib/msun/src,43,VERIFIED,
b0136,hbsd/src/lib/msun/src/s_frexpf.c,lib/msun/src,40,VERIFIED,
b0136,hbsd/src/lib/msun/src/e_scalbf.c,lib/msun/src,40,VERIFIED,
b0136,hbsd/src/lib/msun/src/s_scalbnl.c,lib/msun/src,49,DEFERRED,
b0137,hbsd/src/lib/libc/string/wcsrchr.c,lib/libc/string,46,DEFERRED,
b0137,hbsd/src/lib/libc/string/wcsdup.c,lib/libc/string,42,DEFERRED,
b0137,hbsd/src/lib/libc/string/strlcpy.c,lib/libc/string,52,VERIFIED,
b0137,hbsd/src/lib/libc/string/wcscasecmp.c,lib/libc/string,44,DEFERRED,
b0138,hbsd/src/sys/kern/subr_dummy_vdso_tc.c,sys/kern,47,DEFERRED,
b0138,hbsd/src/sys/kern/subr_early.c,sys/kern,69,DEFERRED,
b0138,hbsd/src/sys/kern/subr_bufring.c,sys/kern,62,DEFERRED,
b0138,hbsd/src/sys/kern/kern_sdt.c,sys/kern,69,DEFERRED,
b0139,hbsd/src/lib/libc/stdio/putc.c,lib/libc/stdio,61,DEFERRED,
b0139,hbsd/src/lib/libc/stdio/tmpnam.c,lib/libc/stdio,57,DEFERRED,
b0139,hbsd/src/lib/libc/stdio/getchar.c,lib/libc/stdio,64,DEFERRED,
b0139,hbsd/src/lib/libc/stdio/fileno.c,lib/libc/stdio,75,DEFERRED,
b0140,hbsd/src/lib/libc/stdio/putchar.c,lib/libc/stdio,66,DEFERRED,
b0140,hbsd/src/lib/libc/stdio/vdprintf.c,lib/libc/stdio,70,DEFERRED,
b0140,hbsd/src/lib/libc/stdio/xprintf_errno.c,lib/libc/stdio,69,DEFERRED,
b0140,hbsd/src/lib/libc/stdio/printf.c,lib/libc/stdio,65,DEFERRED,
b0141,hbsd/src/lib/msun/src/s_fminf.c,lib/msun/src,60,DEFERRED,
b0141,hbsd/src/lib/msun/src/s_fminl.c,lib/msun/src,54,DEFERRED,
b0141,hbsd/src/lib/msun/src/s_nextafterl.c,lib/msun/src,76,DEFERRED,
b0141,hbsd/src/lib/msun/src/e_sqrtf.c,lib/msun/src,93,DEFERRED,
b0142,hbsd/src/lib/libc/amd64/string/strsep.c,lib/libc/amd64/string,57,VERIFIED,hbsd/src/lib/libc/aarch64/string/strsep.c
b0142,hbsd/src/lib/libc/amd64/string/amd64_archlevel.c,lib/libc/amd64/string,241,DEFERRED,
b0143,hbsd/src/lib/libc/stdio/vswscanf.c,lib/libc/stdio,97,DEFERRED,
b0143,hbsd/src/lib/libc/stdio/wbuf.c,lib/libc/stdio,88,VERIFIED,
b0143,hbsd/src/lib/libc/stdio/fopen.c,lib/libc/stdio,95,DEFERRED,
b0143,hbsd/src/lib/libc/stdio/vswprintf.c,lib/libc/stdio,110,DEFERRED,
b0144,hbsd/src/sys/geom/uzip/g_uzip_wrkthr.c,sys/geom/uzip,68,DEFERRED,
b0144,hbsd/src/sys/geom/uzip/g_uzip_zlib.c,sys/geom/uzip,115,DEFERRED,
b0144,hbsd/src/sys/geom/uzip/g_uzip_lzma.c,sys/geom/uzip,124,DEFERRED,
b0144,hbsd/src/sys/geom/uzip/g_uzip_zstd.c,sys/geom/uzip,154,DEFERRED,
b0145,hbsd/src/lib/libc/locale/isctype.c,lib/libc/locale,202,VERIFIED,
b0145,hbsd/src/lib/libc/locale/wcstoul.c,lib/libc/locale,137,DEFERRED,
b0145,hbsd/src/lib/libc/locale/wcstoumax.c,lib/libc/locale,138,DEFERRED,
b0145,hbsd/src/lib/libc/locale/lnumeric.c,lib/libc/locale,129,DEFERRED,
b0146,hbsd/src/sys/kern/sys_getrandom.c,sys/kern,127,DEFERRED,
b0146,hbsd/src/sys/kern/subr_efi_map.c,sys/kern,178,DEFERRED,
b0146,hbsd/src/sys/kern/subr_hash.c,sys/kern,147,DEFERRED,
b0146,hbsd/src/sys/kern/kern_sema.c,sys/kern,175,DEFERRED,
b0147,hbsd/src/lib/libc/locale/big5.c,lib/libc/locale,194,DEFERRED,
b0147,hbsd/src/lib/libc/locale/gbk.c,lib/libc/locale,196,DEFERRED,
b0147,hbsd/src/lib/libc/locale/ascii.c,lib/libc/locale,193,DEFERRED,
b0147,hbsd/src/lib/libc/locale/mskanji.c,lib/libc/locale,187,DEFERRED,
b0148,hbsd/src/bin/ed/re.c,bin/ed,127,DEFERRED,
b0148,hbsd/src/bin/ed/undo.c,bin/ed,148,DEFERRED,
b0148,hbsd/src/bin/ed/glbl.c,bin/ed,215,DEFERRED,
b0148,hbsd/src/bin/ed/buf.c,bin/ed,282,DEFERRED,
b0149,hbsd/src/lib/libc/db/btree/bt_split.c,lib/libc/db/btree,798,DEFERRED,
b0150,hbsd/src/usr.sbin/ntp/ntpdc/nl.c,usr.sbin/ntp/ntpdc,894,DEFERRED,
b0151,hbsd/src/lib/libc/db/btree/bt_search.c,lib/libc/db/btree,196,DEFERRED,
b0151,hbsd/src/lib/libc/db/btree/bt_overflow.c,lib/libc/db/btree,212,DEFERRED,
b0151,hbsd/src/lib/libc/db/btree/bt_utils.c,lib/libc/db/btree,242,DEFERRED,
b0151,hbsd/src/lib/libc/db/btree/bt_debug.c,lib/libc/db/btree,312,DEFERRED,
b0152,hbsd/src/lib/msun/src/s_tanhf.c,lib/msun/src,54,DEFERRED,
b0152,hbsd/src/lib/msun/src/e_remainderf.c,lib/msun/src,62,VERIFIED,
b0152,hbsd/src/lib/msun/src/s_modff.c,lib/msun/src,54,VERIFIED,
b0152,hbsd/src/lib/msun/src/s_floorf.c,lib/msun/src,58,VERIFIED,
b0153,hbsd/src/lib/libc/locale/localeconv.c,lib/libc/locale,113,DEFERRED,
b0153,hbsd/src/lib/libc/locale/wcsftime.c,lib/libc/locale,121,DEFERRED,
b0153,hbsd/src/lib/libc/locale/ldpart.c,lib/libc/locale,166,DEFERRED,
b0153,hbsd/src/lib/libc/locale/gb2312.c,lib/libc/locale,187,DEFERRED,
b0154,hbsd/src/lib/libc/nameser/ns_netint.c,lib/libc/nameser,56,DEFERRED,
b0154,hbsd/src/lib/libc/nameser/ns_ttl.c,lib/libc/nameser,160,DEFERRED,
b0154,hbsd/src/lib/libc/nameser/ns_samedomain.c,lib/libc/nameser,207,DEFERRED,
b0154,hbsd/src/lib/libc/nameser/ns_parse.c,lib/libc/nameser,273,DEFERRED,
b0155,hbsd/src/lib/libc/db/btree/bt_put.c,lib/libc/db/btree,311,DEFERRED,
b0155,hbsd/src/lib/libc/db/btree/bt_open.c,lib/libc/db/btree,444,DEFERRED,
b0155,hbsd/src/lib/libc/db/btree/bt_seq.c,lib/libc/db/btree,437,DEFERRED,
b0155,hbsd/src/lib/libc/db/btree/bt_delete.c,lib/libc/db/btree,631,DEFERRED,
b0156,hbsd/src/lib/libc/locale/table.c,lib/libc/locale,259,DEFERRED,
b0156,hbsd/src/lib/libc/locale/utf8.c,lib/libc/locale,424,DEFERRED,
b0156,hbsd/src/lib/libc/locale/euc.c,lib/libc/locale,452,DEFERRED,
b0156,hbsd/src/lib/libc/locale/collate.c,lib/libc/locale,993,DEFERRED,
b0157,hbsd/src/lib/libc/db/db/db.c,lib/libc/db/db,184,DEFERRED,
b0158,hbsd/src/lib/libc/string/wcstok.c,lib/libc/string,85,DEFERRED,
b0158,hbsd/src/lib/libc/string/strcasecmp.c,lib/libc/string,83,DEFERRED,
b0158,hbsd/src/lib/libc/string/strxfrm.c,lib/libc/string,102,DEFERRED,
b0158,hbsd/src/lib/libc/string/strmode.c,lib/libc/string,144,VERIFIED,
b0159,hbsd/src/lib/libc/locale/none.c,lib/libc/locale,211,DEFERRED,
b0159,hbsd/src/lib/libc/locale/nl_langinfo.c,lib/libc/locale,206,DEFERRED,
b0159,hbsd/src/lib/libc/locale/gb18030.c,lib/libc/locale,252,DEFERRED,
b0159,hbsd/src/lib/libc/locale/setrunelocale.c,lib/libc/locale,223,DEFERRED,
b0160,hbsd/src/sbin/ipf/libipf/icmpcode.c,sbin/ipf/libipf,23,DEFERRED,
b0160,hbsd/src/sbin/ipf/libipf/dupmbt.c,sbin/ipf/libipf,24,DEFERRED,
b0160,hbsd/src/sbin/ipf/libipf/icmptypename.c,sbin/ipf/libipf,28,DEFERRED,
b0160,hbsd/src/sbin/ipf/libipf/optvalue.c,sbin/ipf/libipf,33,DEFERRED,
b0161,hbsd/src/sys/fs/procfs/procfs_note.c,sys/fs/procfs,51,DEFERRED,
b0161,hbsd/src/sys/fs/procfs/procfs_type.c,sys/fs/procfs,56,VERIFIED,
b0161,hbsd/src/sys/fs/procfs/procfs_osrel.c,sys/fs/procfs,70,DEFERRED,
b0161,hbsd/src/sys/fs/procfs/procfs_mem.c,sys/fs/procfs,80,DEFERRED,
b0162,hbsd/src/bin/setfacl/util.c,bin/setfacl,76,VERIFIED,
b0162,hbsd/src/bin/setfacl/file.c,bin/setfacl,73,DEFERRED,
b0162,hbsd/src/bin/setfacl/mask.c,bin/setfacl,108,VERIFIED,
b0162,hbsd/src/bin/setfacl/remove.c,bin/setfacl,168,DEFERRED,
b0163,hbsd/src/bin/cat/cat.c,bin/cat,525,DEFERRED,
b0164,hbsd/src/usr.bin/false/false.c,usr.bin/false,36,DEFERRED,
b0165,hbsd/src/usr.bin/true/true.c,usr.bin/true,36,DEFERRED,
b0166,hbsd/src/bin/sync/sync.c,bin/sync,38,DEFERRED,
b0167,hbsd/src/usr.sbin/route6d/misc/cksum.c,usr.sbin/route6d/misc,52,DEFERRED,
b0168,hbsd/src/bin/domainname/domainname.c,bin/domainname,77,VERIFIED,
b0169,hbsd/src/bin/realpath/realpath.c,bin/realpath,81,DEFERRED,
b0170,hbsd/src/bin/hostname/hostname.c,bin/hostname,102,VERIFIED,
b0171,hbsd/src/bin/echo/echo.c,bin/echo,111,DEFERRED,
b0172,hbsd/src/bin/rmdir/rmdir.c,bin/rmdir,116,DEFERRED,
b0173,hbsd/src/bin/pwd/pwd.c,bin/pwd,118,VERIFIED,
b0174,hbsd/src/lib/libc/quad/TESTS/mul.c,lib/libc/quad/TESTS,62,DEFERRED,
b0174,hbsd/src/lib/libc/quad/TESTS/divrem.c,lib/libc/quad/TESTS,66,DEFERRED,
b0175,hbsd/src/bin/sleep/sleep.c,bin/sleep,130,DEFERRED,
b0176,hbsd/src/bin/nproc/nproc.c,bin/nproc,132,DEFERRED,
b0177,hbsd/src/bin/kill/kill.c,bin/kill,179,DEFERRED,
b0178,hbsd/src/bin/mkdir/mkdir.c,bin/mkdir,206,DEFERRED,
b0179,hbsd/src/bin/chflags/chflags.c,bin/chflags,217,DEFERRED,
b0180,hbsd/src/bin/kenv/kenv.c,bin/kenv,223,DEFERRED,
b0181,hbsd/src/bin/pwait/pwait.c,bin/pwait,260,DEFERRED,
b0182,hbsd/src/bin/getfacl/getfacl.c,bin/getfacl,287,DEFERRED,
b0183,hbsd/src/bin/cpuset/cpuset.c,bin/cpuset,326,DEFERRED,
b0184,hbsd/src/lib/libc/db/test/hash.tests/driver2.c,lib/libc/db/test/hash.tests,102,DEFERRED,
b0184,hbsd/src/lib/libc/db/test/hash.tests/tdel.c,lib/libc/db/test/hash.tests,110,DEFERRED,
b0184,hbsd/src/lib/libc/db/test/hash.tests/thash4.c,lib/libc/db/test/hash.tests,120,DEFERRED,
b0185,hbsd/src/lib/libc/db/test/hash.tests/tseq.c,lib/libc/db/test/hash.tests,76,DEFERRED,
b0185,hbsd/src/lib/libc/db/test/hash.tests/tcreat3.c,lib/libc/db/test/hash.tests,93,DEFERRED,
b0185,hbsd/src/lib/libc/db/test/hash.tests/tread2.c,lib/libc/db/test/hash.tests,93,DEFERRED,
b0185,hbsd/src/lib/libc/db/test/hash.tests/tverify.c,lib/libc/db/test/hash.tests,95,DEFERRED,
b0186,hbsd/src/bin/ln/ln.c,bin/ln,378,DEFERRED,
b0187,hbsd/src/bin/stty/util.c,bin/stty,54,DEFERRED,
b0187,hbsd/src/bin/stty/gfmt.c,bin/stty,120,VERIFIED,
b0187,hbsd/src/bin/stty/stty.c,bin/stty,152,DEFERRED,
b0187,hbsd/src/bin/stty/cchar.c,bin/stty,131,DEFERRED,
b0188,hbsd/src/bin/test/test.c,bin/test,624,DEFERRED,
b0189,hbsd/src/bin/df/df.c,bin/df,699,DEFERRED,
b0190,hbsd/src/bin/date/vary.c,bin/date,505,DEFERRED,
b0190,hbsd/src/bin/date/date.c,bin/date,522,DEFERRED,
b0191,hbsd/src/bin/cp/utils.c,bin/cp,496,DEFERRED,
b0191,hbsd/src/bin/cp/cp.c,bin/cp,700,DEFERRED,
b0192,hbsd/src/bin/chio/chio.c,bin/chio,1241,DEFERRED,
b0193,hbsd/src/bin/ed/sub.c,bin/ed,252,DEFERRED,
b0193,hbsd/src/bin/ed/io.c,bin/ed,343,DEFERRED,
b0193,hbsd/src/bin/ed/main.c,bin/ed,1395,DEFERRED,
b0194,hbsd/src/lib/libc/db/hash/hash_bigkey.c,lib/libc/db/hash,642,DEFERRED,
b0194,hbsd/src/lib/libc/db/hash/hash_page.c,lib/libc/db/hash,935,DEFERRED,
b0194,hbsd/src/lib/libc/db/hash/hash.c,lib/libc/db/hash,969,DEFERRED,
b0195,hbsd/src/bin/chmod/chmod.c,bin/chmod,248,DEFERRED,
b0196,hbsd/src/lib/libc/rpc/mt_misc.c,lib/libc/rpc,112,DEFERRED,
b0196,hbsd/src/lib/libc/rpc/crypt_client.c,lib/libc/rpc,98,DEFERRED,
b0196,hbsd/src/lib/libc/rpc/pmap_clnt.c,lib/libc/rpc,114,DEFERRED,
b0196,hbsd/src/lib/libc/rpc/des_crypt.c,lib/libc/rpc,136,DEFERRED,
b0197,hbsd/src/bin/timeout/timeout.c,bin/timeout,499,DEFERRED,
b0198,hbsd/src/bin/rm/rm.c,bin/rm,537,DEFERRED,
b0199,hbsd/src/bin/setfacl/merge.c,bin/setfacl,289,DEFERRED,
b0199,hbsd/src/bin/setfacl/setfacl.c,bin/setfacl,519,DEFERRED,
b0200,hbsd/src/bin/pax/ftree.c,bin/pax,504,DEFERRED,
b0200,hbsd/src/bin/pax/sel_subs.c,bin/pax,602,DEFERRED,
b0200,hbsd/src/bin/pax/pax.c,bin/pax,412,DEFERRED,
b0200,hbsd/src/bin/pax/file_subs.c,bin/pax,939,DEFERRED,
b0201,hbsd/src/lib/msun/aarch64/fenv.c,lib/msun/aarch64,118,DEFERRED,
b0202,hbsd/src/lib/libc/stdio/fpurge.c,lib/libc/stdio,65,DEFERRED,
b0202,hbsd/src/lib/libc/stdio/asprintf.c,lib/libc/stdio,66,DEFERRED,
b0202,hbsd/src/lib/libc/stdio/fwalk.c,lib/libc/stdio,61,VERIFIED,
b0202,hbsd/src/lib/libc/stdio/puts.c,lib/libc/stdio,66,DEFERRED,
b0203,hbsd/src/lib/libc/db/test/dbtest.c,lib/libc/db/test,728,DEFERRED,
b0204,hbsd/src/bin/pax/buf_subs.c,bin/pax,982,DEFERRED,
b0204,hbsd/src/bin/pax/pat_rep.c,bin/pax,1032,DEFERRED,
b0204,hbsd/src/bin/pax/tar.c,bin/pax,1075,DEFERRED,
b0204,hbsd/src/bin/pax/cpio.c,bin/pax,1106,DEFERRED,
b0205,hbsd/src/sys/fs/fifofs/fifo_vnops.c,sys/fs/fifofs,354,DEFERRED,
b0206,hbsd/src/sys/compat/freebsd32/freebsd32_abort2.c,sys/compat/freebsd32,66,DEFERRED,
b0206,hbsd/src/sys/compat/freebsd32/freebsd32_capability.c,sys/compat/freebsd32,155,DEFERRED,
b0206,hbsd/src/sys/compat/freebsd32/freebsd32_ioctl.c,sys/compat/freebsd32,231,DEFERRED,
b0206,hbsd/src/sys/compat/freebsd32/freebsd32_syscalls.c,sys/compat/freebsd32,611,DEFERRED,
b0207,hbsd/src/bin/pax/ar_subs.c,bin/pax,1231,DEFERRED,
b0207,hbsd/src/bin/pax/ar_io.c,bin/pax,1272,DEFERRED,
b0207,hbsd/src/bin/pax/options.c,bin/pax,1579,DEFERRED,
b0207,hbsd/src/bin/pax/tables.c,bin/pax,1280,DEFERRED,
b0208,hbsd/src/sys/compat/linux/linux_errno.c,sys/compat/linux,37,DEFERRED,
b0208,hbsd/src/sys/compat/linux/linux_elf32.c,sys/compat/linux,35,DEFERRED,
b0208,hbsd/src/sys/compat/linux/linux_elf64.c,sys/compat/linux,35,DEFERRED,
b0208,hbsd/src/sys/compat/linux/linux_getcwd.c,sys/compat/linux,79,DEFERRED,
b0209,hbsd/src/sys/compat/linuxkpi/common/src/linux_domain.c,sys/compat/linuxkpi/common/src,56,DEFERRED,
b0209,hbsd/src/sys/compat/linuxkpi/common/src/linux_folio.c,sys/compat/linuxkpi/common/src,58,DEFERRED,
b0209,hbsd/src/sys/compat/linuxkpi/common/src/linux_eventfd.c,sys/compat/linuxkpi/common/src,63,DEFERRED,
b0209,hbsd/src/sys/compat/linuxkpi/common/src/linux_cmdline.c,sys/compat/linuxkpi/common/src,63,DEFERRED,
b0210,hbsd/src/bin/pkill/pkill.c,bin/pkill,874,DEFERRED,
b0211,hbsd/src/sys/fs/mntfs/mntfs_vnops.c,sys/fs/mntfs,96,DEFERRED,
b0212,hbsd/src/lib/libc/stdlib/mergesort_b.c,lib/libc/stdlib,27,DEFERRED,
b0212,hbsd/src/lib/libc/stdlib/bsearch_b.c,lib/libc/stdlib,27,DEFERRED,
b0212,hbsd/src/lib/libc/stdlib/heapsort_b.c,lib/libc/stdlib,27,DEFERRED,
b0212,hbsd/src/lib/libc/stdlib/lsearch.c,lib/libc/stdlib,57,DEFERRED,
b0213,hbsd/src/sys/fs/deadfs/dead_vnops.c,sys/fs/deadfs,167,DEFERRED,
b0214,hbsd/src/lib/libc/stdlib/bsearch.c,lib/libc/stdlib,85,DEFERRED,
b0214,hbsd/src/lib/libc/stdlib/ptsname.c,lib/libc/stdlib,114,DEFERRED,
b0214,hbsd/src/lib/libc/stdlib/strtoumax.c,lib/libc/stdlib,134,DEFERRED,
b0214,hbsd/src/lib/libc/stdlib/strtoul.c,lib/libc/stdlib,133,DEFERRED,
b0215,hbsd/src/bin/dd/gen.c,bin/dd,22,DEFERRED,
b0215,hbsd/src/bin/dd/misc.c,bin/dd,197,DEFERRED,
b0215,hbsd/src/bin/dd/position.c,bin/dd,215,VERIFIED,
b0215,hbsd/src/bin/dd/conv.c,bin/dd,262,VERIFIED,
b0216,hbsd/src/lib/libc/stdlib/strtoll.c,lib/libc/stdlib,157,DEFERRED,
b0216,hbsd/src/lib/libc/stdlib/tsearch.c,lib/libc/stdlib,194,DEFERRED,
b0216,hbsd/src/lib/libc/stdlib/tdelete.c,lib/libc/stdlib,205,DEFERRED,
b0216,hbsd/src/lib/libc/stdlib/realpath.c,lib/libc/stdlib,243,DEFERRED,
b0217,hbsd/src/sys/kern/vfs_hash.c,sys/kern,240,DEFERRED,
b0217,hbsd/src/sys/kern/kern_tslog.c,sys/kern,232,DEFERRED,
b0217,hbsd/src/sys/kern/subr_clockcalib.c,sys/kern,180,DEFERRED,
b0217,hbsd/src/sys/kern/subr_stack.c,sys/kern,285,DEFERRED,
b0218,hbsd/src/bin/sh/bltin/echo.c,bin/sh/bltin,105,DEFERRED,
b0219,hbsd/src/bin/sh/alias.c,bin/sh,270,DEFERRED,
b0219,hbsd/src/bin/sh/output.c,bin/sh,368,DEFERRED,
b0219,hbsd/src/bin/sh/memalloc.c,bin/sh,346,DEFERRED,
b0219,hbsd/src/bin/sh/show.c,bin/sh,401,DEFERRED,
b0220,hbsd/src/bin/dd/args.c,bin/dd,578,DEFERRED,
b0220,hbsd/src/bin/dd/conv_tab.c,bin/dd,284,DEFERRED,
b0220,hbsd/src/bin/dd/dd.c,bin/dd,643,DEFERRED,
b0221,hbsd/src/lib/libc/stdlib/cxa_thread_atexit.c,lib/libc/stdlib,36,DEFERRED,
b0221,hbsd/src/lib/libc/stdlib/lldiv.c,lib/libc/stdlib,41,DEFERRED,
b0221,hbsd/src/lib/libc/stdlib/imaxdiv.c,lib/libc/stdlib,41,DEFERRED,
b0221,hbsd/src/lib/libc/stdlib/strtold.c,lib/libc/stdlib,39,DEFERRED,
b0222,hbsd/src/lib/libc/aarch64/gen/getcontextx.c,lib/libc/aarch64/gen,89,DEFERRED,
b0222,hbsd/src/lib/libc/aarch64/gen/makecontext.c,lib/libc/aarch64/gen,82,DEFERRED,
b0223,hbsd/src/lib/libc/csu/libc_start1.c,lib/libc/csu,207,DEFERRED,
b0224,hbsd/src/bin/uuidgen/uuidgen.c,bin/uuidgen,208,DEFERRED,
b0225,hbsd/src/lib/libc/compat-43/killpg.c,lib/libc/compat-43,47,VERIFIED,
b0225,hbsd/src/lib/libc/compat-43/getwd.c,lib/libc/compat-43,47,DEFERRED,
b0225,hbsd/src/lib/libc/compat-43/gethostid.c,lib/libc/compat-43,50,VERIFIED,
b0225,hbsd/src/lib/libc/compat-43/sigcompat.c,lib/libc/compat-43,181,DEFERRED,
b0226,hbsd/src/lib/libc/db/mpool/mpool-compat.c,lib/libc/db/mpool,41,DEFERRED,
b0226,hbsd/src/lib/libc/db/mpool/mpool.c,lib/libc/db/mpool,489,DEFERRED,
b0227,hbsd/src/bin/stty/key.c,bin/stty,285,DEFERRED,
b0227,hbsd/src/bin/stty/print.c,bin/stty,280,DEFERRED,
b0227,hbsd/src/bin/stty/modes.c,bin/stty,241,DEFERRED,
b0228,hbsd/src/bin/sh/main.c,bin/sh,367,DEFERRED,
b0228,hbsd/src/bin/sh/arith_yacc.c,bin/sh,379,DEFERRED,
b0228,hbsd/src/bin/sh/mksyntax.c,bin/sh,318,DEFERRED,
b0228,hbsd/src/bin/sh/redir.c,bin/sh,357,DEFERRED,
b0229,hbsd/src/lib/libc/iconv/citrus_lookup.c,lib/libc/iconv,362,DEFERRED,
b0229,hbsd/src/lib/libc/iconv/citrus_db_factory.c,lib/libc/iconv,337,DEFERRED,
b0229,hbsd/src/lib/libc/iconv/citrus_db.c,lib/libc/iconv,331,DEFERRED,
b0229,hbsd/src/lib/libc/iconv/citrus_mapper.c,lib/libc/iconv,405,DEFERRED,
b0230,hbsd/src/bin/sh/cd.c,bin/sh,423,DEFERRED,
b0230,hbsd/src/bin/sh/mknodes.c,bin/sh,447,DEFERRED,
b0230,hbsd/src/bin/sh/trap.c,bin/sh,547,DEFERRED,
b0230,hbsd/src/bin/sh/input.c,bin/sh,522,DEFERRED,
b0231,hbsd/src/bin/ls/cmp.c,bin/ls,204,DEFERRED,
b0231,hbsd/src/bin/ls/util.c,bin/ls,228,DEFERRED,
b0231,hbsd/src/bin/ls/print.c,bin/ls,838,DEFERRED,
b0231,hbsd/src/bin/ls/ls.c,bin/ls,1071,DEFERRED,
b0232,hbsd/src/lib/libc/stdlib/malloc/free_sized.c,lib/libc/stdlib/malloc,20,DEFERRED,
b0232,hbsd/src/lib/libc/stdlib/malloc/free_aligned_sized.c,lib/libc/stdlib/malloc,21,DEFERRED,
b0233,hbsd/src/lib/libc/gen/ldexp.c,lib/libc/gen,7,DEFERRED,
b0233,hbsd/src/lib/libc/gen/getprogname.c,lib/libc/gen,14,DEFERRED,
b0233,hbsd/src/lib/libc/gen/setprogname.c,lib/libc/gen,16,DEFERRED,
b0233,hbsd/src/lib/libc/gen/freadlink.c,lib/libc/gen,16,DEFERRED,
b0234,hbsd/src/lib/libthr/sys/thr_error.c,lib/libthr/sys,56,DEFERRED,
b0235,hbsd/src/lib/libc/stdlib/qsort_r.c,lib/libc/stdlib,6,DEFERRED,
b0235,hbsd/src/lib/libc/stdlib/qsort_s.c,lib/libc/stdlib,6,DEFERRED,
b0235,hbsd/src/lib/libc/stdlib/memalignment.c,lib/libc/stdlib,28,DEFERRED,
b0235,hbsd/src/lib/libc/stdlib/qsort_r_compat.c,lib/libc/stdlib,19,DEFERRED,
b0236,hbsd/src/lib/msun/src/w_dremf.c,lib/msun/src,15,DEFERRED,
b0236,hbsd/src/lib/msun/src/w_cabsf.c,lib/msun/src,17,DEFERRED,
b0236,hbsd/src/lib/msun/src/w_cabsl.c,lib/msun/src,17,DEFERRED,
b0236,hbsd/src/lib/msun/src/w_cabs.c,lib/msun/src,20,DEFERRED,
b0237,hbsd/src/lib/msun/src/s_significandf.c,lib/msun/src,23,DEFERRED,
b0237,hbsd/src/lib/msun/src/s_significand.c,lib/msun/src,25,DEFERRED,
b0237,hbsd/src/lib/msun/src/e_gamma_r.c,lib/msun/src,28,DEFERRED,
b0237,hbsd/src/lib/msun/src/e_lgamma.c,lib/msun/src,35,DEFERRED,
b0238,hbsd/src/lib/libc/x86/gen/getcontextx.c,lib/libc/x86/gen,137,DEFERRED,
b0239,hbsd/src/lib/libc/string/swab.c,lib/libc/string,32,DEFERRED,
b0239,hbsd/src/lib/libc/string/strndup.c,lib/libc/string,37,DEFERRED,
b0239,hbsd/src/lib/libc/string/timingsafe_bcmp.c,lib/libc/string,33,DEFERRED,
b0239,hbsd/src/lib/libc/string/memrchr.c,lib/libc/string,38,VERIFIED,
b0240,hbsd/src/lib/libc/secure/stack_protector_compat.c,lib/libc/secure,18,DEFERRED,
b0240,hbsd/src/lib/libc/secure/strlcpy_chk.c,lib/libc/secure,43,DEFERRED,
b0240,hbsd/src/lib/libc/secure/mempcpy_chk.c,lib/libc/secure,49,DEFERRED,
b0240,hbsd/src/lib/libc/secure/memset_chk.c,lib/libc/secure,46,DEFERRED,
b0241,hbsd/src/lib/libc/string/strchr.c,lib/libc/string,36,DEFERRED,
b0241,hbsd/src/lib/libc/string/wcschr.c,lib/libc/string,40,VERIFIED,
b0241,hbsd/src/lib/libc/string/strnlen.c,lib/libc/string,41,VERIFIED,
b0241,hbsd/src/lib/libc/string/wcsnlen.c,lib/libc/string,41,VERIFIED,
b0242,hbsd/src/lib/msun/src/s_ilogbf.c,lib/msun/src,38,DEFERRED,
b0242,hbsd/src/lib/msun/src/s_scalbn.c,lib/msun/src,47,VERIFIED,
b0242,hbsd/src/lib/msun/src/s_ilogb.c,lib/msun/src,41,DEFERRED,
b0242,hbsd/src/lib/msun/src/s_logbf.c,lib/msun/src,37,VERIFIED,
b0243,hbsd/src/lib/libc/sys/select.c,lib/libc/sys,41,DEFERRED,
b0243,hbsd/src/lib/libc/sys/sigsuspend.c,lib/libc/sys,43,DEFERRED,
b0243,hbsd/src/lib/libc/sys/sigwaitinfo.c,lib/libc/sys,41,DEFERRED,
b0243,hbsd/src/lib/libc/sys/poll.c,lib/libc/sys,41,DEFERRED,
b0244,hbsd/src/lib/libc/stdio/fcloseall.c,lib/libc/stdio,38,DEFERRED,
b0244,hbsd/src/lib/libc/stdio/getline.c,lib/libc/stdio,37,DEFERRED,
b0244,hbsd/src/lib/libc/stdio/dprintf.c,lib/libc/stdio,44,DEFERRED,
b0244,hbsd/src/lib/libc/stdio/fwide.c,lib/libc/stdio,50,DEFERRED,
b0245,hbsd/src/lib/libc/sys/vadvise.c,lib/libc/sys,43,DEFERRED,
b0245,hbsd/src/lib/libc/sys/pdfork.c,lib/libc/sys,41,DEFERRED,
b0245,hbsd/src/lib/libc/sys/pipe.c,lib/libc/sys,44,DEFERRED,
b0245,hbsd/src/lib/libc/sys/nanosleep.c,lib/libc/sys,41,DEFERRED,
b0246,hbsd/src/lib/libc/sys/sigprocmask.c,lib/libc/sys,43,DEFERRED,
b0246,hbsd/src/lib/libc/sys/sigaction.c,lib/libc/sys,43,DEFERRED,
b0246,hbsd/src/lib/libc/sys/sigtimedwait.c,lib/libc/sys,42,DEFERRED,
b0246,hbsd/src/lib/libc/sys/readv.c,lib/libc/sys,43,DEFERRED,
b0247,hbsd/src/lib/libc/gen/dirfd.c,lib/libc/gen,45,VERIFIED,
b0247,hbsd/src/lib/libc/gen/_thread_init.c,lib/libc/gen,43,DEFERRED,
b0247,hbsd/src/lib/libc/gen/__pthread_mutex_init_calloc_cb_stub.c,lib/libc/gen,41,DEFERRED,
b0247,hbsd/src/lib/libc/gen/cap_sandboxed.c,lib/libc/gen,48,DEFERRED,
b0248,hbsd/src/lib/libc/gen/memalign.c,lib/libc/gen,43,VERIFIED,
b0248,hbsd/src/lib/libc/gen/ttyslot.c,lib/libc/gen,43,DEFERRED,
b0248,hbsd/src/lib/libc/gen/devname-compat11.c,lib/libc/gen,47,DEFERRED,
b0248,hbsd/src/lib/libc/gen/eventfd.c,lib/libc/gen,51,DEFERRED,
b0249,hbsd/src/lib/libc/sys/setcontext.c,lib/libc/sys,45,DEFERRED,
b0249,hbsd/src/lib/libc/sys/recvfrom.c,lib/libc/sys,43,DEFERRED,
b0249,hbsd/src/lib/libc/sys/kevent.c,lib/libc/sys,44,DEFERRED,
b0249,hbsd/src/lib/libc/sys/open.c,lib/libc/sys,52,DEFERRED,
b0250,hbsd/src/lib/msun/amd64/fenv.c,lib/msun/amd64,185,DEFERRED,
b0251,hbsd/src/lib/msun/src/s_logb.c,lib/msun/src,45,VERIFIED,
b0251,hbsd/src/lib/msun/src/e_atanhf.c,lib/msun/src,42,VERIFIED,
b0251,hbsd/src/lib/msun/src/s_ilogbl.c,lib/msun/src,49,DEFERRED,
b0251,hbsd/src/lib/msun/src/s_truncf.c,lib/msun/src,49,VERIFIED,
b0252,hbsd/src/lib/libthr/thread/thr_main_np.c,lib/libthr/thread,51,DEFERRED,
b0252,hbsd/src/lib/libthr/thread/thr_equal.c,lib/libthr/thread,45,DEFERRED,
b0252,hbsd/src/lib/libthr/thread/thr_self.c,lib/libthr/thread,48,DEFERRED,
b0252,hbsd/src/lib/libthr/thread/thr_multi_np.c,lib/libthr/thread,50,DEFERRED,
b0253,hbsd/src/lib/libc/sys/creat.c,lib/libc/sys,49,DEFERRED,
b0253,hbsd/src/lib/libc/sys/wait3.c,lib/libc/sys,49,DEFERRED,
b0253,hbsd/src/lib/libc/sys/recv.c,lib/libc/sys,47,DEFERRED,
b0253,hbsd/src/lib/libc/sys/waitpid.c,lib/libc/sys,50,DEFERRED,
b0254,hbsd/src/lib/libthr/thread/thr_yield.c,lib/libthr/thread,45,DEFERRED,
b0254,hbsd/src/lib/libthr/thread/thr_getcpuclockid.c,lib/libthr/thread,49,DEFERRED,
b0254,hbsd/src/lib/libthr/thread/thr_getthreadid_np.c,lib/libthr/thread,49,DEFERRED,
b0254,hbsd/src/lib/libthr/thread/thr_ctrdtr.c,lib/libthr/thread,53,DEFERRED,
b0255,hbsd/src/lib/libc/gen/frexp.c,lib/libc/gen,57,VERIFIED,
b0255,hbsd/src/lib/libc/gen/sethostname.c,lib/libc/gen,47,VERIFIED,
b0255,hbsd/src/lib/libc/gen/raise.c,lib/libc/gen,49,DEFERRED,
b0255,hbsd/src/lib/libc/gen/basename.c,lib/libc/gen,51,DEFERRED,
b0256,hbsd/src/lib/libc/gen/setdomainname.c,lib/libc/gen,47,VERIFIED,
b0256,hbsd/src/lib/libc/gen/unvis-compat.c,lib/libc/gen,48,DEFERRED,
b0256,hbsd/src/lib/libc/gen/kqueue1.c,lib/libc/gen,52,DEFERRED,
b0256,hbsd/src/lib/libc/gen/getpeereid.c,lib/libc/gen,57,VERIFIED,
b0257,hbsd/src/lib/libc/string/wcsncasecmp.c,lib/libc/string,48,DEFERRED,
b0257,hbsd/src/lib/libc/string/timingsafe_memcmp.c,lib/libc/string,50,DEFERRED,
b0257,hbsd/src/lib/libc/string/wcslen.c,lib/libc/string,49,VERIFIED,
b0257,hbsd/src/lib/libc/string/strlcat.c,lib/libc/string,57,VERIFIED,
b0258,hbsd/src/lib/libc/gen/dup3.c,lib/libc/gen,61,DEFERRED,
b0258,hbsd/src/lib/libc/gen/alarm.c,lib/libc/gen,52,VERIFIED,
b0258,hbsd/src/lib/libc/gen/setjmperr.c,lib/libc/gen,49,VERIFIED,
b0258,hbsd/src/lib/libc/gen/assert.c,lib/libc/gen,49,DEFERRED,
b0259,hbsd/src/lib/libc/posix1e/acl_cmp_np.c,lib/libc/posix1e,52,VERIFIED,
b0259,hbsd/src/lib/libc/posix1e/acl_free.c,lib/libc/posix1e,53,DEFERRED,
b0259,hbsd/src/lib/libc/posix1e/mac_exec.c,lib/libc/posix1e,45,DEFERRED,
b0259,hbsd/src/lib/libc/posix1e/acl_compat.c,lib/libc/posix1e,61,DEFERRED,
b0260,hbsd/src/lib/libc/rpc/rpcsec_gss_stub.c,lib/libc/rpc,48,DEFERRED,
b0260,hbsd/src/lib/libc/rpc/rpc_commondata.c,lib/libc/rpc,43,DEFERRED,
b0260,hbsd/src/lib/libc/rpc/pmap_prot.c,lib/libc/rpc,61,DEFERRED,
b0260,hbsd/src/lib/libc/rpc/rpc_dtablesize.c,lib/libc/rpc,61,DEFERRED,
b0261,hbsd/src/lib/libc/gen/usleep.c,lib/libc/gen,52,DEFERRED,
b0261,hbsd/src/lib/libc/gen/nice.c,lib/libc/gen,58,VERIFIED,
b0261,hbsd/src/lib/libc/gen/clock.c,lib/libc/gen,51,VERIFIED,
b0261,hbsd/src/lib/libc/gen/aio_read2.c,lib/libc/gen,58,DEFERRED,
b0262,hbsd/src/lib/msun/src/e_acosh.c,lib/msun/src,64,VERIFIED,
b0262,hbsd/src/lib/msun/src/s_cimagl.c,lib/msun/src,38,DEFERRED,
b0262,hbsd/src/lib/msun/src/s_truncl.c,lib/msun/src,63,DEFERRED,
b0262,hbsd/src/lib/msun/src/s_asinh.c,lib/msun/src,58,DEFERRED,
b0263,hbsd/src/lib/msun/src/e_sinhf.c,lib/msun/src,53,VERIFIED,
b0263,hbsd/src/lib/msun/src/e_coshf.c,lib/msun/src,56,VERIFIED,
b0263,hbsd/src/lib/msun/src/s_nexttowardf.c,lib/msun/src,56,VERIFIED,
b0263,hbsd/src/lib/msun/src/s_trunc.c,lib/msun/src,63,VERIFIED,
b0264,hbsd/src/lib/libc/gen/trivial-getcontextx.c,lib/libc/gen,73,DEFERRED,
b0264,hbsd/src/lib/libc/gen/pause.c,lib/libc/gen,53,DEFERRED,
b0264,hbsd/src/lib/libc/gen/gethostname.c,lib/libc/gen,52,DEFERRED,
b0264,hbsd/src/lib/libc/gen/timespec_get.c,lib/libc/gen,56,VERIFIED,
b0265,hbsd/src/lib/libthr/thread/thr_single_np.c,lib/libthr/thread,50,DEFERRED,
b0265,hbsd/src/lib/libthr/thread/thr_getprio.c,lib/libthr/thread,56,DEFERRED,
b0265,hbsd/src/lib/libthr/thread/thr_event.c,lib/libthr/thread,65,DEFERRED,
b0265,hbsd/src/lib/libthr/thread/thr_detach.c,lib/libthr/thread,67,DEFERRED,
b0266,hbsd/src/lib/libc/gen/getosreldate.c,lib/libc/gen,57,VERIFIED,
b0266,hbsd/src/lib/libc/gen/sysctlbyname.c,lib/libc/gen,54,VERIFIED,
b0266,hbsd/src/lib/libc/gen/sched_getaffinity.c,lib/libc/gen,56,DEFERRED,
b0266,hbsd/src/lib/libc/gen/dirname_compat.c,lib/libc/gen,78,DEFERRED,
b0267,hbsd/src/lib/msun/src/e_atanh.c,lib/msun/src,64,VERIFIED,
b0267,hbsd/src/lib/msun/src/s_copysignl.c,lib/msun/src,42,DEFERRED,
b0267,hbsd/src/lib/msun/src/s_sincos.c,lib/msun/src,77,DEFERRED,
b0267,hbsd/src/lib/msun/src/s_nextafterf.c,lib/msun/src,63,VERIFIED,
b0268,hbsd/src/lib/libc/gen/dirname.c,lib/libc/gen,70,DEFERRED,
b0268,hbsd/src/lib/libc/gen/libc_interposing_table.c,lib/libc/gen,55,DEFERRED,
b0268,hbsd/src/lib/libc/gen/check_utility_compat.c,lib/libc/gen,68,VERIFIED,
b0268,hbsd/src/lib/libc/gen/arc4random-compat.c,lib/libc/gen,67,DEFERRED,
b0269,hbsd/src/lib/msun/src/e_remainder.c,lib/msun/src,75,VERIFIED,
b0269,hbsd/src/lib/msun/src/s_floor.c,lib/msun/src,74,VERIFIED,
b0269,hbsd/src/lib/msun/src/s_fabsl.c,lib/msun/src,43,DEFERRED,
b0269,hbsd/src/lib/msun/src/s_nexttoward.c,lib/msun/src,68,DEFERRED,
b0270,hbsd/src/lib/libc/gen/isnan.c,lib/libc/gen,71,DEFERRED,
b0270,hbsd/src/lib/libc/gen/times.c,lib/libc/gen,62,VERIFIED,
b0270,hbsd/src/lib/libc/gen/_once_stub.c,lib/libc/gen,63,DEFERRED,
b0270,hbsd/src/lib/libc/gen/sleep.c,lib/libc/gen,67,DEFERRED,
b0271,hbsd/src/lib/libthr/thread/thr_concurrency.c,lib/libthr/thread,65,DEFERRED,
b0271,hbsd/src/lib/libthr/thread/thr_setprio.c,lib/libthr/thread,66,DEFERRED,
b0271,hbsd/src/lib/libthr/thread/thr_switch_np.c,lib/libthr/thread,60,DEFERRED,
b0271,hbsd/src/lib/libthr/thread/thr_kill.c,lib/libthr/thread,74,DEFERRED,
b0272,hbsd/src/lib/libc/gen/sysctlnametomib.c,lib/libc/gen,54,VERIFIED,
b0272,hbsd/src/lib/libc/gen/isinf.c,lib/libc/gen,72,DEFERRED,
b0272,hbsd/src/lib/libc/gen/basename_compat.c,lib/libc/gen,82,DEFERRED,
b0272,hbsd/src/lib/libc/gen/fdopendir.c,lib/libc/gen,64,DEFERRED,
b0273,hbsd/src/sys/cam/ctl/ctl_nvme_all.c,sys/cam/ctl,34,DEFERRED,
b0273,hbsd/src/sys/cam/ctl/ctl_nvme_cmd_table.c,sys/cam/ctl,35,DEFERRED,
b0273,hbsd/src/sys/cam/ctl/ctl_backend.c,sys/cam/ctl,136,DEFERRED,
b0273,hbsd/src/sys/cam/ctl/ctl_ser_table.c,sys/cam/ctl,79,DEFERRED,
b0274,hbsd/src/lib/libc/inet/inet_neta.c,lib/libc/inet,91,DEFERRED,
b0274,hbsd/src/lib/libc/inet/inet_lnaof.c,lib/libc/inet,65,DEFERRED,
b0274,hbsd/src/lib/libc/inet/inet_netof.c,lib/libc/inet,64,DEFERRED,
b0274,hbsd/src/lib/libc/inet/inet_ntoa.c,lib/libc/inet,73,DEFERRED,
b0275,hbsd/src/lib/libc/stdio/gets.c,lib/libc/stdio,73,DEFERRED,
b0275,hbsd/src/lib/libc/stdio/sprintf.c,lib/libc/stdio,71,DEFERRED,
b0275,hbsd/src/lib/libc/stdio/xprintf_vis.c,lib/libc/stdio,78,DEFERRED,
b0275,hbsd/src/lib/libc/stdio/funopen.c,lib/libc/stdio,72,VERIFIED,
b0276,hbsd/src/lib/msun/src/s_tan.c,lib/msun/src,79,DEFERRED,
b0276,hbsd/src/lib/msun/src/s_tanh.c,lib/msun/src,80,DEFERRED,
b0276,hbsd/src/lib/msun/src/s_nextafter.c,lib/msun/src,79,DEFERRED,
b0276,hbsd/src/lib/msun/src/s_frexpl.c,lib/msun/src,62,VERIFIED,
b0277,hbsd/src/lib/msun/src/s_fmaximum_magf.c,lib/msun/src,68,DEFERRED,
b0277,hbsd/src/lib/msun/src/e_acosl.c,lib/msun/src,83,DEFERRED,
b0277,hbsd/src/lib/msun/src/e_cosh.c,lib/msun/src,81,VERIFIED,
b0277,hbsd/src/lib/msun/src/s_sin.c,lib/msun/src,85,DEFERRED,
b0278,hbsd/src/lib/libthr/thread/thr_affinity.c,lib/libthr/thread,84,DEFERRED,
b0278,hbsd/src/lib/libthr/thread/thr_rwlockattr.c,lib/libthr/thread,92,DEFERRED,
b0278,hbsd/src/lib/libthr/thread/thr_barrierattr.c,lib/libthr/thread,94,DEFERRED,
b0278,hbsd/src/lib/libthr/thread/thr_setschedparam.c,lib/libthr/thread,77,DEFERRED,
b0279,hbsd/src/lib/libc/gen/uexterr_format.c,lib/libc/gen,105,DEFERRED,
b0279,hbsd/src/lib/libc/gen/getlogin.c,lib/libc/gen,84,DEFERRED,
b0279,hbsd/src/lib/libc/gen/semctl.c,lib/libc/gen,90,DEFERRED,
b0279,hbsd/src/lib/libc/gen/fpclassify.c,lib/libc/gen,103,DEFERRED,
b0280,hbsd/src/lib/libc/gen/nftw.c,lib/libc/gen,106,VERIFIED,
b0280,hbsd/src/lib/libc/gen/stringlist.c,lib/libc/gen,112,DEFERRED,
b0280,hbsd/src/lib/libc/gen/elf_utils.c,lib/libc/gen,88,DEFERRED,
b0280,hbsd/src/lib/libc/gen/nftw-compat11.c,lib/libc/gen,112,DEFERRED,
b0281,hbsd/src/lib/libc/resolv/h_errno.c,lib/libc/resolv,49,DEFERRED,
b0281,hbsd/src/lib/libc/resolv/mtctxres.c,lib/libc/resolv,135,DEFERRED,
b0281,hbsd/src/lib/libc/resolv/res_state.c,lib/libc/resolv,122,DEFERRED,
b0281,hbsd/src/lib/libc/resolv/herror.c,lib/libc/resolv,120,DEFERRED,
b0282,hbsd/src/lib/libc/gen/modf.c,lib/libc/gen,134,VERIFIED,
b0282,hbsd/src/lib/libc/gen/initgroups.c,lib/libc/gen,85,DEFERRED,
b0282,hbsd/src/lib/libc/gen/getbsize.c,lib/libc/gen,100,VERIFIED,
b0282,hbsd/src/lib/libc/gen/sigsetops.c,lib/libc/gen,119,VERIFIED,
b0283,hbsd/src/lib/libc/inet/inet_makeaddr.c,lib/libc/inet,68,DEFERRED,
b0283,hbsd/src/lib/libc/inet/nsap_addr.c,lib/libc/inet,117,DEFERRED,
b0283,hbsd/src/lib/libc/inet/inet_network.c,lib/libc/inet,106,DEFERRED,
b0283,hbsd/src/lib/libc/inet/inet_net_ntop.c,lib/libc/inet,173,DEFERRED,
b0284,hbsd/src/lib/libc/gen/sig2str.c,lib/libc/gen,113,DEFERRED,
b0284,hbsd/src/lib/libc/gen/siglist.c,lib/libc/gen,103,DEFERRED,
b0284,hbsd/src/lib/libc/gen/__xuname.c,lib/libc/gen,142,DEFERRED,
b0284,hbsd/src/lib/libc/gen/readdir-compat11.c,lib/libc/gen,112,DEFERRED,
b0285,hbsd/src/lib/libc/db/recno/rec_utils.c,lib/libc/db/recno,108,VERIFIED,
b0285,hbsd/src/lib/libc/db/recno/rec_search.c,lib/libc/db/recno,117,DEFERRED,
b0285,hbsd/src/lib/libc/db/recno/rec_seq.c,lib/libc/db/recno,122,DEFERRED,
b0285,hbsd/src/lib/libc/db/recno/rec_close.c,lib/libc/db/recno,178,DEFERRED,
b0286,hbsd/src/lib/libc/gen/confstr.c,lib/libc/gen,117,DEFERRED,
b0286,hbsd/src/lib/libc/gen/memfd_create.c,lib/libc/gen,130,DEFERRED,
b0286,hbsd/src/lib/libc/gen/statvfs.c,lib/libc/gen,157,DEFERRED,
b0286,hbsd/src/lib/libc/gen/timezone.c,lib/libc/gen,126,DEFERRED,
b0287,hbsd/src/lib/msun/src/s_remquo.c,lib/msun/src,149,DEFERRED,
b0287,hbsd/src/lib/msun/src/e_log2.c,lib/msun/src,113,DEFERRED,
b0287,hbsd/src/lib/msun/src/e_atan2.c,lib/msun/src,125,DEFERRED,
b0287,hbsd/src/lib/msun/src/e_fmodl.c,lib/msun/src,145,DEFERRED,
b0288,hbsd/src/lib/libc/iconv/citrus_lookup_factory.c,lib/libc/iconv,121,DEFERRED,
b0288,hbsd/src/lib/libc/iconv/citrus_bcs.c,lib/libc/iconv,168,DEFERRED,
b0288,hbsd/src/lib/libc/iconv/iconv_compat.c,lib/libc/iconv,121,DEFERRED,
b0288,hbsd/src/lib/libc/iconv/citrus_memstream.c,lib/libc/iconv,147,DEFERRED,
b0289,hbsd/src/lib/libc/db/test/btree.tests/main.c,lib/libc/db/test/btree.tests,759,DEFERRED,
b0290,hbsd/src/lib/libc/inet/inet_ntop.c,lib/libc/inet,200,DEFERRED,
b0290,hbsd/src/lib/libc/inet/inet_pton.c,lib/libc/inet,220,DEFERRED,
b0290,hbsd/src/lib/libc/inet/inet_cidr_pton.c,lib/libc/inet,274,DEFERRED,
b0290,hbsd/src/lib/libc/inet/inet_cidr_ntop.c,lib/libc/inet,261,DEFERRED,
b0291,hbsd/src/bin/ps/nlist.c,bin/ps,60,VERIFIED,
b0291,hbsd/src/bin/ps/fmt.c,bin/ps,130,DEFERRED,
b0291,hbsd/src/bin/ps/keyword.c,bin/ps,483,DEFERRED,
b0291,hbsd/src/bin/ps/print.c,bin/ps,870,DEFERRED,
b0292,hbsd/src/lib/libc/regex/regfree.c,lib/libc/regex,83,VERIFIED,
b0292,hbsd/src/lib/libc/regex/regerror.c,lib/libc/regex,168,DEFERRED,
b0292,hbsd/src/lib/libc/regex/regexec.c,lib/libc/regex,227,DEFERRED,
b0292,hbsd/src/lib/libc/regex/engine.c,lib/libc/regex,1213,DEFERRED,
b0293,hbsd/src/bin/sh/options.c,bin/sh,597,DEFERRED,
b0293,hbsd/src/bin/sh/miscbltin.c,bin/sh,633,DEFERRED,
b0293,hbsd/src/bin/sh/histedit.c,bin/sh,796,DEFERRED,
b0293,hbsd/src/bin/sh/exec.c,bin/sh,847,DEFERRED,
b0294,hbsd/src/sbin/ipf/libipf/printactiveaddr.c,sbin/ipf/libipf,31,DEFERRED,
b0294,hbsd/src/sbin/ipf/libipf/verbose.c,sbin/ipf/libipf,38,DEFERRED,
b0294,hbsd/src/sbin/ipf/libipf/tcpoptnames.c,sbin/ipf/libipf,21,DEFERRED,
b0294,hbsd/src/sbin/ipf/libipf/printsbuf.c,sbin/ipf/libipf,39,DEFERRED,
b0295,hbsd/src/sbin/ipf/libipf/v6ionames.c,sbin/ipf/libipf,27,DEFERRED,
b0295,hbsd/src/sbin/ipf/libipf/tcpflags.c,sbin/ipf/libipf,46,DEFERRED,
b0295,hbsd/src/sbin/ipf/libipf/printtunable.c,sbin/ipf/libipf,28,DEFERRED,
b0295,hbsd/src/sbin/ipf/libipf/printlog.c,sbin/ipf/libipf,37,DEFERRED,
b0296,hbsd/src/sbin/ipf/libipf/count4bits.c,sbin/ipf/libipf,39,DEFERRED,
b0296,hbsd/src/sbin/ipf/libipf/printportcmp.c,sbin/ipf/libipf,27,DEFERRED,
b0296,hbsd/src/sbin/ipf/libipf/ntomask.c,sbin/ipf/libipf,45,DEFERRED,
b0296,hbsd/src/sbin/ipf/libipf/nametokva.c,sbin/ipf/libipf,36,DEFERRED,
b0297,hbsd/src/sbin/ipf/libipf/printfraginfo.c,sbin/ipf/libipf,32,DEFERRED,
b0297,hbsd/src/sbin/ipf/libipf/kvatoname.c,sbin/ipf/libipf,37,DEFERRED,
b0297,hbsd/src/sbin/ipf/libipf/printunit.c,sbin/ipf/libipf,46,DEFERRED,
b0297,hbsd/src/sbin/ipf/libipf/ipf_perror.c,sbin/ipf/libipf,40,DEFERRED,
b0298,hbsd/src/lib/libc/stdlib/insque.c,lib/libc/stdlib,44,DEFERRED,
b0298,hbsd/src/lib/libc/stdlib/tfind.c,lib/libc/stdlib,46,DEFERRED,
b0298,hbsd/src/lib/libc/stdlib/twalk.c,lib/libc/stdlib,48,DEFERRED,
b0298,hbsd/src/lib/libc/stdlib/reallocarray.c,lib/libc/stdlib,39,VERIFIED,
b0299,hbsd/src/lib/libc/sys/lockf.c,lib/libc/sys,82,DEFERRED,
b0299,hbsd/src/lib/libc/sys/brk.c,lib/libc/sys,104,DEFERRED,
b0300,hbsd/src/lib/msun/src/e_acoshf.c,lib/msun/src,45,VERIFIED,
b0300,hbsd/src/lib/msun/src/s_ceilf.c,lib/msun/src,49,VERIFIED,
b0300,hbsd/src/lib/msun/src/s_frexp.c,lib/msun/src,52,VERIFIED,
b0300,hbsd/src/lib/msun/src/s_asinhf.c,lib/msun/src,45,DEFERRED,
b0301,hbsd/src/lib/libc/sys/swapcontext.c,lib/libc/sys,47,DEFERRED,
b0301,hbsd/src/lib/libc/sys/fcntl.c,lib/libc/sys,53,DEFERRED,
b0301,hbsd/src/lib/libc/sys/wait.c,lib/libc/sys,50,DEFERRED,
b0301,hbsd/src/lib/libc/sys/send.c,lib/libc/sys,46,DEFERRED,
b0302,hbsd/src/lib/msun/src/s_cprojf.c,lib/msun/src,42,VERIFIED,
b0302,hbsd/src/lib/msun/src/s_cprojl.c,lib/msun/src,42,DEFERRED,
b0302,hbsd/src/lib/msun/src/s_fdim.c,lib/msun/src,45,DEFERRED,
b0302,hbsd/src/lib/msun/src/s_ceil.c,lib/msun/src,73,VERIFIED,
b0303,hbsd/src/lib/msun/src/s_signbit.c,lib/msun/src,58,DEFERRED,
b0303,hbsd/src/lib/msun/src/e_atanhl.c,lib/msun/src,70,DEFERRED,
b0303,hbsd/src/lib/msun/src/s_cproj.c,lib/msun/src,47,DEFERRED,
b0303,hbsd/src/lib/msun/src/s_roundf.c,lib/msun/src,53,VERIFIED,
b0304,hbsd/src/lib/libc/gen/siginterrupt.c,lib/libc/gen,58,DEFERRED,
b0304,hbsd/src/lib/libc/gen/rewinddir.c,lib/libc/gen,59,DEFERRED,
b0304,hbsd/src/lib/libc/gen/psignal.c,lib/libc/gen,63,VERIFIED,
b0304,hbsd/src/lib/libc/gen/feature_present.c,lib/libc/gen,62,VERIFIED,
b0305,hbsd/src/lib/msun/src/s_lrint.c,lib/msun/src,58,DEFERRED,
b0305,hbsd/src/lib/msun/src/s_fmax.c,lib/msun/src,65,DEFERRED,
b0305,hbsd/src/lib/msun/src/s_fmin.c,lib/msun/src,65,DEFERRED,
b0305,hbsd/src/lib/msun/src/s_fminimum_magl.c,lib/msun/src,63,DEFERRED,
b0306,hbsd/src/lib/msun/src/e_asinl.c,lib/msun/src,73,DEFERRED,
b0306,hbsd/src/lib/msun/src/s_round.c,lib/msun/src,59,VERIFIED,
b0306,hbsd/src/lib/msun/src/e_asinf.c,lib/msun/src,68,DEFERRED,
b0306,hbsd/src/lib/msun/src/s_roundl.c,lib/msun/src,61,VERIFIED,
b0307,hbsd/src/lib/msun/src/s_cpowl.c,lib/msun/src,74,DEFERRED,
b0307,hbsd/src/lib/msun/src/e_log10f.c,lib/msun/src,69,DEFERRED,
b0307,hbsd/src/lib/msun/src/k_tanf.c,lib/msun/src,61,DEFERRED,
b0307,hbsd/src/lib/msun/src/e_rem_pio2f.c,lib/msun/src,75,DEFERRED,
b0308,hbsd/src/lib/msun/src/e_acosf.c,lib/msun/src,80,DEFERRED,
b0308,hbsd/src/lib/msun/src/s_fmaximum_mag.c,lib/msun/src,73,DEFERRED,
b0308,hbsd/src/lib/msun/src/s_nearbyint.c,lib/msun/src,58,DEFERRED,
b0308,hbsd/src/lib/msun/src/s_fmaximum_numl.c,lib/msun/src,69,DEFERRED,
b0309,hbsd/src/lib/msun/src/s_fmaximum_magl.c,lib/msun/src,62,DEFERRED,
b0309,hbsd/src/lib/msun/src/e_hypotf.c,lib/msun/src,80,DEFERRED,
b0309,hbsd/src/lib/msun/src/s_fminimum_magf.c,lib/msun/src,69,DEFERRED,
b0309,hbsd/src/lib/msun/src/s_isnan.c,lib/msun/src,71,DEFERRED,
b0310,hbsd/src/lib/libc/gen/_spinlock_stub.c,lib/libc/gen,77,DEFERRED,
b0310,hbsd/src/lib/libc/gen/closedir.c,lib/libc/gen,72,DEFERRED,
b0310,hbsd/src/lib/libc/gen/getloadavg.c,lib/libc/gen,63,VERIFIED,
b0310,hbsd/src/lib/libc/gen/devname.c,lib/libc/gen,71,VERIFIED,
b0311,hbsd/src/lib/libc/gen/ctermid.c,lib/libc/gen,70,DEFERRED,
b0311,hbsd/src/lib/libc/gen/ulimit.c,lib/libc/gen,70,VERIFIED,
b0311,hbsd/src/lib/libc/gen/ftw.c,lib/libc/gen,88,VERIFIED,
b0311,hbsd/src/lib/libc/gen/ualarm.c,lib/libc/gen,56,VERIFIED,
b0312,hbsd/src/lib/msun/src/s_modf.c,lib/msun/src,74,VERIFIED,
b0312,hbsd/src/lib/msun/src/s_cbrtf.c,lib/msun/src,70,VERIFIED,
b0312,hbsd/src/lib/msun/src/s_cpowf.c,lib/msun/src,74,DEFERRED,
b0312,hbsd/src/lib/msun/src/s_cpow.c,lib/msun/src,75,DEFERRED,
b0313,hbsd/src/lib/libc/string/strcasestr.c,lib/libc/string,71,DEFERRED,
b0313,hbsd/src/lib/libc/string/wcswidth.c,lib/libc/string,68,DEFERRED,
b0313,hbsd/src/lib/libc/string/wcslcat.c,lib/libc/string,75,DEFERRED,
b0313,hbsd/src/lib/libc/string/wcsxfrm.c,lib/libc/string,84,DEFERRED,
b0314,hbsd/src/lib/libc/gen/getmntinfo.c,lib/libc/gen,66,DEFERRED,
b0314,hbsd/src/lib/libc/gen/getmntinfo-compat11.c,lib/libc/gen,66,DEFERRED,
b0314,hbsd/src/lib/libc/gen/sched_setaffinity.c,lib/libc/gen,79,DEFERRED,
b0314,hbsd/src/lib/libc/gen/ftw-compat11.c,lib/libc/gen,98,DEFERRED,
b0315,hbsd/src/lib/msun/i387/invtrig.c,lib/msun/i387,85,DEFERRED,
b0315,hbsd/src/lib/msun/i387/fenv.c,lib/msun/i387,249,DEFERRED,
b0316,hbsd/src/lib/libc/stdlib/abort.c,lib/libc/stdlib,75,DEFERRED,
b0316,hbsd/src/lib/libc/stdlib/set_constraint_handler_s.c,lib/libc/stdlib,98,DEFERRED,
b0316,hbsd/src/lib/libc/stdlib/getsubopt.c,lib/libc/stdlib,91,VERIFIED,
b0316,hbsd/src/lib/libc/stdlib/exit.c,lib/libc/stdlib,93,DEFERRED,
b0317,hbsd/src/lib/libc/stdio/tempnam.c,lib/libc/stdio,85,DEFERRED,
b0317,hbsd/src/lib/libc/stdio/vsnprintf.c,lib/libc/stdio,87,DEFERRED,
b0317,hbsd/src/lib/libc/stdio/xprintf_quote.c,lib/libc/stdio,98,DEFERRED,
b0317,hbsd/src/lib/libc/stdio/wsetup.c,lib/libc/stdio,88,VERIFIED,
b0318,hbsd/src/lib/libc/stdio/fputws.c,lib/libc/stdio,85,DEFERRED,
b0318,hbsd/src/lib/libc/stdio/tmpfile.c,lib/libc/stdio,87,DEFERRED,
b0318,hbsd/src/lib/libc/stdio/xprintf_hexdump.c,lib/libc/stdio,101,DEFERRED,
b0318,hbsd/src/lib/libc/stdio/fgetwln.c,lib/libc/stdio,96,DEFERRED,
b0319,hbsd/src/sbin/dhclient/tree.c,sbin/dhclient,57,DEFERRED,
b0319,hbsd/src/sbin/dhclient/alloc.c,sbin/dhclient,79,DEFERRED,
b0319,hbsd/src/sbin/dhclient/convert.c,sbin/dhclient,117,DEFERRED,
b0319,hbsd/src/sbin/dhclient/inet.c,sbin/dhclient,121,DEFERRED,
b0320,hbsd/src/lib/libc/posix1e/acl_extended_file_np.c,lib/libc/posix1e,82,VERIFIED,
b0320,hbsd/src/lib/libc/posix1e/mac_get.c,lib/libc/posix1e,86,DEFERRED,
b0320,hbsd/src/lib/libc/posix1e/acl_init.c,lib/libc/posix1e,94,DEFERRED,
b0320,hbsd/src/lib/libc/posix1e/acl_perm.c,lib/libc/posix1e,127,VERIFIED,
b0321,hbsd/src/lib/libc/gen/getvfsbyname.c,lib/libc/gen,87,DEFERRED,
b0321,hbsd/src/lib/libc/gen/daemon.c,lib/libc/gen,115,DEFERRED,
b0321,hbsd/src/lib/libc/gen/crypt.c,lib/libc/gen,88,DEFERRED,
b0321,hbsd/src/lib/libc/gen/ttyname.c,lib/libc/gen,111,DEFERRED,
b0322,hbsd/src/lib/msun/src/s_expm1f.c,lib/msun/src,121,DEFERRED,
b0322,hbsd/src/lib/msun/src/s_modfl.c,lib/msun/src,101,DEFERRED,
b0322,hbsd/src/lib/msun/src/e_asin.c,lib/msun/src,113,DEFERRED,
b0322,hbsd/src/lib/msun/src/k_exp.c,lib/msun/src,108,DEFERRED,
b0323,hbsd/src/lib/libc/iconv/citrus_prop.c,lib/libc/iconv,446,DEFERRED,
b0324,hbsd/src/lib/libc/inet/inet_addr.c,lib/libc/inet,210,DEFERRED,
b0324,hbsd/src/lib/libc/inet/inet_net_pton.c,lib/libc/inet,259,DEFERRED,
b0325,hbsd/src/bin/mv/mv.c,bin/mv,495,DEFERRED,
b0326,hbsd/src/lib/libc/stdio/makebuf.c,lib/libc/stdio,112,DEFERRED,
b0326,hbsd/src/lib/libc/stdio/xprintf_time.c,lib/libc/stdio,122,DEFERRED,
b0326,hbsd/src/lib/libc/stdio/fclose.c,lib/libc/stdio,134,DEFERRED,
b0326,hbsd/src/lib/libc/stdio/ftell.c,lib/libc/stdio,137,DEFERRED,
b0327,hbsd/src/lib/msun/src/s_atan.c,lib/msun/src,120,DEFERRED,
b0327,hbsd/src/lib/msun/src/e_sinhl.c,lib/msun/src,131,DEFERRED,
b0327,hbsd/src/lib/msun/src/s_exp2f.c,lib/msun/src,136,DEFERRED,
b0327,hbsd/src/lib/msun/src/e_sqrtl.c,lib/msun/src,158,DEFERRED,
b0328,hbsd/src/lib/libc/stdlib/strtoull.c,lib/libc/stdlib,134,DEFERRED,
b0328,hbsd/src/lib/libc/stdlib/getopt.c,lib/libc/stdlib,133,DEFERRED,
b0328,hbsd/src/lib/libc/stdlib/system.c,lib/libc/stdlib,140,DEFERRED,
b0328,hbsd/src/lib/libc/stdlib/hsearch_r.c,lib/libc/stdlib,147,DEFERRED,
b0329,hbsd/src/lib/libc/iconv/citrus_stdenc.c,lib/libc/iconv,147,DEFERRED,
b0329,hbsd/src/lib/libc/iconv/citrus_pivot_factory.c,lib/libc/iconv,225,DEFERRED,
b0329,hbsd/src/lib/libc/iconv/citrus_none.c,lib/libc/iconv,237,DEFERRED,
b0329,hbsd/src/lib/libc/iconv/bsd_iconv.c,lib/libc/iconv,309,DEFERRED,
b0330,hbsd/src/lib/msun/bsdsrc/b_exp.c,lib/msun/bsdsrc,122,DEFERRED,
b0330,hbsd/src/lib/msun/bsdsrc/b_tgamma.c,lib/msun/bsdsrc,396,DEFERRED,
b0330,hbsd/src/lib/msun/bsdsrc/b_log.c,lib/msun/bsdsrc,400,DEFERRED,
b0331,hbsd/src/lib/libc/db/recno/rec_delete.c,lib/libc/db/recno,183,DEFERRED,
b0331,hbsd/src/lib/libc/db/recno/rec_open.c,lib/libc/db/recno,234,DEFERRED,
b0331,hbsd/src/lib/libc/db/recno/rec_get.c,lib/libc/db/recno,287,DEFERRED,
b0331,hbsd/src/lib/libc/db/recno/rec_put.c,lib/libc/db/recno,270,DEFERRED,
b0332,hbsd/src/lib/libc/locale/lmonetary.c,lib/libc/locale,228,DEFERRED,
b0332,hbsd/src/lib/libc/locale/rune.c,lib/libc/locale,246,DEFERRED,
b0332,hbsd/src/lib/libc/locale/setlocale.c,lib/libc/locale,322,DEFERRED,
b0332,hbsd/src/lib/libc/locale/xlocale.c,lib/libc/locale,380,DEFERRED,
b0333,hbsd/src/lib/libc/gen/nlist.c,lib/libc/gen,306,DEFERRED,
b0333,hbsd/src/lib/libc/gen/dlfcn.c,lib/libc/gen,383,DEFERRED,
b0333,hbsd/src/lib/libc/gen/errlst.c,lib/libc/gen,222,DEFERRED,
b0333,hbsd/src/lib/libc/gen/exec.c,lib/libc/gen,369,DEFERRED,
b0334,hbsd/src/bin/ps/ps.c,bin/ps,1548,DEFERRED,
b0335,hbsd/src/lib/libc/gen/tls.c,lib/libc/gen,450,DEFERRED,
b0335,hbsd/src/lib/libc/gen/syslog.c,lib/libc/gen,496,DEFERRED,
b0335,hbsd/src/lib/libc/gen/fnmatch.c,lib/libc/gen,491,DEFERRED,
b0335,hbsd/src/lib/libc/gen/_pthread_stubs.c,lib/libc/gen,363,DEFERRED,
b0336,hbsd/src/lib/libc/regex/regcomp.c,lib/libc/regex,2262,DEFERRED,
b0337,hbsd/src/lib/libc/net/getprotoent.c,lib/libc/net,549,DEFERRED,
b0337,hbsd/src/lib/libc/net/nscachedcli.c,lib/libc/net,572,DEFERRED,
b0337,hbsd/src/lib/libc/net/getnameinfo.c,lib/libc/net,554,DEFERRED,
b0337,hbsd/src/lib/libc/net/ip6opt.c,lib/libc/net,598,VERIFIED,
b0338,hbsd/src/lib/libc/nameser/ns_name.c,lib/libc/nameser,1152,DEFERRED,
b0338,hbsd/src/lib/libc/nameser/ns_print.c,lib/libc/nameser,1250,DEFERRED,
b0339,hbsd/src/lib/libc/softfloat/fpsetsticky.c,lib/libc/softfloat,55,DEFERRED,
b0339,hbsd/src/lib/libc/softfloat/timesoftfloat.c,lib/libc/softfloat,2636,DEFERRED,
b0340,hbsd/src/bin/sh/var.c,bin/sh,963,DEFERRED,
b0340,hbsd/src/bin/sh/eval.c,bin/sh,1367,DEFERRED,
b0340,hbsd/src/bin/sh/jobs.c,bin/sh,1576,DEFERRED,
b0340,hbsd/src/bin/sh/expand.c,bin/sh,1545,DEFERRED,
b0341,hbsd/src/lib/libc/string/bzero.c,lib/libc/string,2,DEFERRED,
b0341,hbsd/src/lib/libc/string/memcpy.c,lib/libc/string,2,DEFERRED,
b0341,hbsd/src/lib/libc/string/memmove.c,lib/libc/string,2,DEFERRED,
b0341,hbsd/src/lib/libc/string/memset_explicit.c,lib/libc/string,27,DEFERRED,
b0342,hbsd/src/usr.bin/getopt/getopt.c,usr.bin/getopt,41,DEFERRED,
b0343,hbsd/src/usr.sbin/nologin/nologin.c,usr.sbin/nologin,49,VERIFIED,
b0344,hbsd/src/usr.bin/revoke/revoke.c,usr.bin/revoke,59,DEFERRED,
b0345,hbsd/src/usr.bin/logname/logname.c,usr.bin/logname,61,DEFERRED,
b0346,hbsd/src/usr.bin/tty/tty.c,usr.bin/tty,67,VERIFIED,
b0347,hbsd/src/usr.sbin/boottrace/boottrace.c,usr.sbin/boottrace,71,VERIFIED,
b0348,hbsd/src/usr.sbin/accton/accton.c,usr.sbin/accton,75,VERIFIED,
b0349,hbsd/src/usr.bin/dirname/dirname.c,usr.bin/dirname,77,DEFERRED,
b0350,hbsd/src/usr.bin/fsync/fsync.c,usr.bin/fsync,77,DEFERRED,
b0351,hbsd/src/usr.bin/locate/bigram/locate.bigram.c,usr.bin/locate/bigram,97,DEFERRED,
b0352,hbsd/src/usr.bin/biff/biff.c,usr.bin/biff,100,DEFERRED,
b0353,hbsd/src/usr.bin/mesg/mesg.c,usr.bin/mesg,100,DEFERRED,
b0354,hbsd/src/sbin/comcontrol/comcontrol.c,sbin/comcontrol,106,DEFERRED,
b0355,hbsd/src/usr.sbin/lptcontrol/lptcontrol.c,usr.sbin/lptcontrol,106,DEFERRED,
b0356,hbsd/src/sys/compat/linuxkpi/common/src/linuxkpi_hdmikmod.c,sys/compat/linuxkpi/common/src,7,DEFERRED,
b0356,hbsd/src/sys/compat/linuxkpi/common/src/linuxkpi_videokmod.c,sys/compat/linuxkpi/common/src,7,DEFERRED,
b0356,hbsd/src/sys/compat/linuxkpi/common/src/linux_seq_buf.c,sys/compat/linuxkpi/common/src,64,DEFERRED,
b0356,hbsd/src/sys/compat/linuxkpi/common/src/linux_kmod.c,sys/compat/linuxkpi/common/src,33,DEFERRED,
b0357,hbsd/src/usr.bin/c89/c89.c,usr.bin/c89,111,DEFERRED,
b0358,hbsd/src/usr.sbin/fifolog/fifolog_writer/fifolog_writer.c,usr.sbin/fifolog/fifolog_writer,115,DEFERRED,
b0359,hbsd/src/usr.bin/bluetooth/bthost/bthost.c,usr.bin/bluetooth/bthost,144,DEFERRED,
b0360,hbsd/src/lib/libc/string/strncmp.c,lib/libc/string,48,VERIFIED,
b0360,hbsd/src/lib/libc/string/bcmp.c,lib/libc/string,51,VERIFIED,
b0360,hbsd/src/lib/libc/string/memccpy.c,lib/libc/string,48,DEFERRED,
b0360,hbsd/src/lib/libc/string/strchrnul.c,lib/libc/string,59,DEFERRED,
b0361,hbsd/src/lib/msun/src/s_tgammaf.c,lib/msun/src,42,DEFERRED,
b0361,hbsd/src/lib/msun/src/s_isfinite.c,lib/msun/src,58,VERIFIED,
b0361,hbsd/src/lib/msun/src/s_isnormal.c,lib/msun/src,58,VERIFIED,
b0361,hbsd/src/lib/msun/src/s_scalbln.c,lib/msun/src,53,VERIFIED,
b0362,hbsd/src/lib/libc/string/memchr.c,lib/libc/string,56,DEFERRED,
b0362,hbsd/src/lib/libc/string/strcpy.c,lib/libc/string,50,DEFERRED,
b0362,hbsd/src/lib/libc/string/wcsspn.c,lib/libc/string,60,VERIFIED,
b0362,hbsd/src/lib/libc/string/strrchr.c,lib/libc/string,51,DEFERRED,
b0363,hbsd/src/lib/libc/string/wcscmp.c,lib/libc/string,52,VERIFIED,
b0363,hbsd/src/lib/libc/string/wcsstr.c,lib/libc/string,57,VERIFIED,
b0363,hbsd/src/lib/libc/string/memset_s.c,lib/libc/string,63,DEFERRED,
b0363,hbsd/src/lib/libc/string/strncat.c,lib/libc/string,60,VERIFIED,
b0364,hbsd/src/lib/msun/src/e_sinh.c,lib/msun/src,75,VERIFIED,
b0364,hbsd/src/lib/msun/src/s_tanf.c,lib/msun/src,69,DEFERRED,
b0364,hbsd/src/lib/msun/src/s_fmaxl.c,lib/msun/src,54,DEFERRED,
b0364,hbsd/src/lib/msun/src/s_fmaxf.c,lib/msun/src,60,DEFERRED,
b0365,hbsd/src/usr.sbin/extattrctl/extattrctl.c,usr.sbin/extattrctl,265,DEFERRED,
b0366,hbsd/src/lib/libc/secure/sprintf_chk.c,lib/libc/secure,61,VERIFIED,
b0366,hbsd/src/lib/libc/secure/strncat_chk.c,lib/libc/secure,70,VERIFIED,
b0366,hbsd/src/lib/libc/secure/libc_stack_protector.c,lib/libc/secure,137,DEFERRED,
b0367,hbsd/src/lib/libthr/thread/thr_getschedparam.c,lib/libthr/thread,68,DEFERRED,
b0367,hbsd/src/lib/libthr/thread/thr_sigqueue.c,lib/libthr/thread,79,DEFERRED,
b0367,hbsd/src/lib/libthr/thread/thr_autoinit.c,lib/libthr/thread,65,DEFERRED,
b0367,hbsd/src/lib/libthr/thread/thr_symbols.c,lib/libthr/thread,58,DEFERRED,
b0368,hbsd/src/lib/msun/src/s_cosf.c,lib/msun/src,84,VERIFIED,
b0368,hbsd/src/lib/msun/src/s_fmaximum.c,lib/msun/src,65,DEFERRED,
b0368,hbsd/src/lib/msun/src/k_sin.c,lib/msun/src,66,DEFERRED,
b0368,hbsd/src/lib/msun/src/s_fminimum_mag.c,lib/msun/src,74,DEFERRED,
b0369,hbsd/src/usr.bin/ipcrm/ipcrm.c,usr.bin/ipcrm,298,DEFERRED,
b0370,hbsd/src/lib/msun/src/s_atanl.c,lib/msun/src,81,DEFERRED,
b0370,hbsd/src/lib/msun/src/s_fminimum_numl.c,lib/msun/src,71,DEFERRED,
b0370,hbsd/src/lib/msun/src/s_fmaximum_mag_numl.c,lib/msun/src,77,DEFERRED,
b0370,hbsd/src/lib/msun/src/s_rint.c,lib/msun/src,88,DEFERRED,
b0371,hbsd/src/lib/msun/src/e_acoshl.c,lib/msun/src,85,DEFERRED,
b0371,hbsd/src/lib/msun/src/s_cos.c,lib/msun/src,85,DEFERRED,
b0371,hbsd/src/lib/msun/src/s_sinf.c,lib/msun/src,82,VERIFIED,
b0371,hbsd/src/lib/msun/src/s_fminimum.c,lib/msun/src,66,DEFERRED,
b0372,hbsd/src/lib/msun/src/s_fminimum_mag_numl.c,lib/msun/src,79,DEFERRED,
b0372,hbsd/src/lib/msun/src/s_fmaximum_numf.c,lib/msun/src,76,DEFERRED,
b0372,hbsd/src/lib/msun/src/s_fminimum_numf.c,lib/msun/src,77,DEFERRED,
b0372,hbsd/src/lib/msun/src/s_ceill.c,lib/msun/src,96,DEFERRED,
b0373,hbsd/src/lib/msun/src/s_fmaximum_num.c,lib/msun/src,80,DEFERRED,
b0373,hbsd/src/lib/msun/src/s_fminimum_num.c,lib/msun/src,82,DEFERRED,
b0373,hbsd/src/lib/msun/src/e_log10.c,lib/msun/src,90,DEFERRED,
b0373,hbsd/src/lib/msun/src/s_fmaximum_mag_num.c,lib/msun/src,88,DEFERRED,
b0374,hbsd/src/lib/msun/src/s_floorl.c,lib/msun/src,96,DEFERRED,
b0374,hbsd/src/lib/msun/src/e_logf.c,lib/msun/src,86,DEFERRED,
b0374,hbsd/src/lib/msun/src/e_log2f.c,lib/msun/src,79,DEFERRED,
b0374,hbsd/src/lib/msun/src/s_fmaximum_mag_numf.c,lib/msun/src,84,DEFERRED,
b0375,hbsd/src/lib/msun/src/s_fminimum_mag_num.c,lib/msun/src,90,DEFERRED,
b0375,hbsd/src/lib/msun/src/s_sinl.c,lib/msun/src,92,DEFERRED,
b0375,hbsd/src/lib/msun/src/e_fmodf.c,lib/msun/src,103,DEFERRED,
b0375,hbsd/src/lib/msun/src/s_lround.c,lib/msun/src,68,DEFERRED,
b0376,hbsd/src/lib/msun/src/e_hypot.c,lib/msun/src,125,DEFERRED,
b0376,hbsd/src/lib/msun/src/s_tanpif.c,lib/msun/src,114,DEFERRED,
b0376,hbsd/src/lib/msun/src/s_csqrt.c,lib/msun/src,112,DEFERRED,
b0376,hbsd/src/lib/msun/src/s_sinpif.c,lib/msun/src,118,DEFERRED,
b0377,hbsd/src/lib/libc/nls/msgcat.c,lib/libc/nls,489,DEFERRED,
b0378,hbsd/src/lib/libc/posix1e/acl_valid.c,lib/libc/posix1e,123,DEFERRED,
b0378,hbsd/src/lib/libc/posix1e/acl_entry.c,lib/libc/posix1e,145,DEFERRED,
b0378,hbsd/src/lib/libc/posix1e/acl_calc_mask.c,lib/libc/posix1e,128,DEFERRED,
b0378,hbsd/src/lib/libc/posix1e/acl_branding.c,lib/libc/posix1e,167,DEFERRED,
b0379,hbsd/src/lib/libc/stdio/_flock_stub.c,lib/libc/stdio,138,DEFERRED,
b0379,hbsd/src/lib/libc/stdio/refill.c,lib/libc/stdio,142,DEFERRED,
b0379,hbsd/src/lib/libc/stdio/fflush.c,lib/libc/stdio,147,DEFERRED,
b0379,hbsd/src/lib/libc/stdio/fopencookie.c,lib/libc/stdio,165,DEFERRED,
b0380,hbsd/src/lib/libc/stdlib/rand.c,lib/libc/stdlib,162,DEFERRED,
b0380,hbsd/src/lib/libc/stdlib/cxa_thread_atexit_impl.c,lib/libc/stdlib,151,DEFERRED,
b0380,hbsd/src/lib/libc/stdlib/strtol.c,lib/libc/stdlib,155,DEFERRED,
b0380,hbsd/src/lib/libc/stdlib/strtoimax.c,lib/libc/stdlib,156,DEFERRED,
b0381,hbsd/src/lib/libc/stdlib/getenv.c,lib/libc/stdlib,761,DEFERRED,
b0382,hbsd/src/lib/libc/gen/scandir-compat11.c,lib/libc/gen,151,DEFERRED,
b0382,hbsd/src/lib/libc/gen/getutxent.c,lib/libc/gen,240,DEFERRED,
b0382,hbsd/src/lib/libc/gen/err.c,lib/libc/gen,223,DEFERRED,
b0382,hbsd/src/lib/libc/gen/sysctl.c,lib/libc/gen,213,DEFERRED,
b0383,hbsd/src/sbin/hastd/proto_socketpair.c,sbin/hastd,235,DEFERRED,
b0383,hbsd/src/sbin/hastd/proto_common.c,sbin/hastd,231,DEFERRED,
b0383,hbsd/src/sbin/hastd/ebuf.c,sbin/hastd,261,DEFERRED,
b0383,hbsd/src/sbin/hastd/metadata.c,sbin/hastd,224,DEFERRED,
b0384,hbsd/src/lib/libc/stdlib/heapsort.c,lib/libc/stdlib,196,DEFERRED,
b0384,hbsd/src/lib/libc/stdlib/qsort.c,lib/libc/stdlib,248,DEFERRED,
b0384,hbsd/src/lib/libc/stdlib/atexit.c,lib/libc/stdlib,255,DEFERRED,
b0384,hbsd/src/lib/libc/stdlib/radixsort.c,lib/libc/stdlib,307,DEFERRED,
b0385,hbsd/src/lib/libc/regex/grot/debug.c,lib/libc/regex/grot,209,DEFERRED,
b0385,hbsd/src/lib/libc/regex/grot/split.c,lib/libc/regex/grot,313,DEFERRED,
b0385,hbsd/src/lib/libc/regex/grot/main.c,lib/libc/regex/grot,491,DEFERRED,
b0386,hbsd/src/lib/libc/net/ether_addr.c,lib/libc/net,230,DEFERRED,
b0386,hbsd/src/lib/libc/net/getnetbynis.c,lib/libc/net,259,DEFERRED,
b0386,hbsd/src/lib/libc/net/gethostbynis.c,lib/libc/net,297,DEFERRED,
b0386,hbsd/src/lib/libc/net/getnetbyht.c,lib/libc/net,283,DEFERRED,
b0387,hbsd/src/lib/libc/resolv/res_update.c,lib/libc/resolv,218,DEFERRED,
b0387,hbsd/src/lib/libc/resolv/res_data.c,lib/libc/resolv,331,DEFERRED,
b0387,hbsd/src/lib/libc/resolv/res_comp.c,lib/libc/resolv,271,DEFERRED,
b0387,hbsd/src/lib/libc/resolv/res_mkquery.c,lib/libc/resolv,295,DEFERRED,
b0388,hbsd/src/lib/libc/gen/scandir.c,lib/libc/gen,252,DEFERRED,
b0388,hbsd/src/lib/libc/gen/fmtcheck.c,lib/libc/gen,321,DEFERRED,
b0388,hbsd/src/lib/libc/gen/pututxline.c,lib/libc/gen,334,DEFERRED,
b0388,hbsd/src/lib/libc/gen/opendir2.c,lib/libc/gen,336,DEFERRED,
b0389,hbsd/src/lib/libc/iconv/citrus_esdb.c,lib/libc/iconv,366,DEFERRED,
b0389,hbsd/src/lib/libc/iconv/citrus_module.c,lib/libc/iconv,315,DEFERRED,
b0389,hbsd/src/lib/libc/iconv/citrus_csmapper.c,lib/libc/iconv,386,DEFERRED,
b0389,hbsd/src/lib/libc/iconv/citrus_iconv.c,lib/libc/iconv,371,DEFERRED,
b0390,hbsd/src/lib/msun/ld80/b_tgammal.c,lib/msun/ld80,419,DEFERRED,
b0390,hbsd/src/lib/msun/ld80/b_logl.c,lib/msun/ld80,375,DEFERRED,
b0390,hbsd/src/lib/msun/ld80/s_erfl.c,lib/msun/ld80,333,DEFERRED,
b0390,hbsd/src/lib/msun/ld80/e_lgammal_r.c,lib/msun/ld80,354,DEFERRED,
b0391,hbsd/src/bin/sh/parser.c,bin/sh,2274,DEFERRED,
b0392,hbsd/src/usr.sbin/lpr/lptest/lptest.c,usr.sbin/lpr/lptest,73,DEFERRED,
b0393,hbsd/src/usr.bin/file2c/file2c.c,usr.bin/file2c,90,DEFERRED,
b0394,hbsd/src/sbin/ipf/libipf/count6bits.c,sbin/ipf/libipf,28,DEFERRED,
b0394,hbsd/src/sbin/ipf/libipf/getsumd.c,sbin/ipf/libipf,22,DEFERRED,
b0394,hbsd/src/sbin/ipf/libipf/binprint.c,sbin/ipf/libipf,29,DEFERRED,
b0394,hbsd/src/sbin/ipf/libipf/printbuf.c,sbin/ipf/libipf,31,DEFERRED,
b0395,hbsd/src/usr.sbin/fifolog/fifolog_create/fifolog_create.c,usr.sbin/fifolog/fifolog_create,115,DEFERRED,
b0396,hbsd/src/sbin/kldunload/kldunload.c,sbin/kldunload,116,VERIFIED,
b0397,hbsd/src/usr.bin/nohup/nohup.c,usr.bin/nohup,121,DEFERRED,
b0398,hbsd/src/usr.bin/protect/protect.c,usr.bin/protect,122,VERIFIED,
b0399,hbsd/src/sbin/nfsiod/nfsiod.c,sbin/nfsiod,127,VERIFIED,
b0400,hbsd/src/sbin/mount_nullfs/mount_nullfs.c,sbin/mount_nullfs,129,DEFERRED,
b0401,hbsd/src/usr.bin/colrm/colrm.c,usr.bin/colrm,134,DEFERRED,
b0402,hbsd/src/usr.sbin/snapinfo/snapinfo.c,usr.sbin/snapinfo,181,DEFERRED,
b0403,hbsd/src/sbin/ipf/libipf/poolio.c,sbin/ipf/libipf,50,DEFERRED,
b0403,hbsd/src/sbin/ipf/libipf/fill6bits.c,sbin/ipf/libipf,46,DEFERRED,
b0403,hbsd/src/sbin/ipf/libipf/tcp_flags.c,sbin/ipf/libipf,46,DEFERRED,
b0403,hbsd/src/sbin/ipf/libipf/checkrev.c,sbin/ipf/libipf,45,DEFERRED,
b0404,hbsd/src/sbin/dmesg/dmesg.c,sbin/dmesg,201,DEFERRED,
b0405,hbsd/src/usr.bin/locate/code/locate.code.c,usr.bin/locate/code,233,DEFERRED,
b0406,hbsd/src/lib/libc/string/wcsncpy.c,lib/libc/string,60,DEFERRED,
b0406,hbsd/src/lib/libc/string/strnstr.c,lib/libc/string,61,VERIFIED,
b0406,hbsd/src/lib/libc/string/strverscmp.c,lib/libc/string,91,DEFERRED,
b0406,hbsd/src/lib/libc/string/strncpy.c,lib/libc/string,69,DEFERRED,
b0407,hbsd/src/usr.bin/uname/uname.c,usr.bin/uname,288,DEFERRED,
b0408,hbsd/src/sbin/nvmecontrol/disconnect.c,sbin/nvmecontrol,82,DEFERRED,
b0408,hbsd/src/sbin/nvmecontrol/nc_util.c,sbin/nvmecontrol,58,VERIFIED,
b0408,hbsd/src/sbin/nvmecontrol/nsid.c,sbin/nvmecontrol,78,DEFERRED,
b0408,hbsd/src/sbin/nvmecontrol/reset.c,sbin/nvmecontrol,83,DEFERRED,
b0409,hbsd/src/usr.sbin/nfsdumpstate/nfsdumpstate.c,usr.sbin/nfsdumpstate,315,DEFERRED,
b0410,hbsd/src/usr.bin/cksum/sum1.c,usr.bin/cksum,65,VERIFIED,
b0410,hbsd/src/usr.bin/cksum/sum2.c,usr.bin/cksum,68,VERIFIED,
b0410,hbsd/src/usr.bin/cksum/print.c,usr.bin/cksum,64,VERIFIED,
b0410,hbsd/src/usr.bin/cksum/cksum.c,usr.bin/cksum,123,DEFERRED,
b0411,hbsd/src/lib/msun/src/s_fminimum_mag_numf.c,lib/msun/src,85,DEFERRED,
b0411,hbsd/src/lib/msun/src/s_asinhl.c,lib/msun/src,87,DEFERRED,
b0411,hbsd/src/lib/msun/src/s_atanf.c,lib/msun/src,89,DEFERRED,
b0411,hbsd/src/lib/msun/src/s_ctanhf.c,lib/msun/src,84,DEFERRED,
b0412,hbsd/src/lib/libc/rpc/svc_run.c,lib/libc/rpc,92,DEFERRED,
b0412,hbsd/src/lib/libc/rpc/authdes_prot.c,lib/libc/rpc,85,DEFERRED,
b0412,hbsd/src/lib/libc/rpc/pmap_getmaps.c,lib/libc/rpc,93,DEFERRED,
b0412,hbsd/src/lib/libc/rpc/pmap_getport.c,lib/libc/rpc,95,DEFERRED,
b0413,hbsd/src/sbin/adjkerntz/adjkerntz.c,sbin/adjkerntz,370,DEFERRED,
b0414,hbsd/src/usr.bin/ktrdump/ktrdump.c,usr.bin/ktrdump,403,DEFERRED,
b0415,hbsd/src/usr.bin/proccontrol/proccontrol.c,usr.bin/proccontrol,429,DEFERRED,
b0416,hbsd/src/lib/libc/string/strstr.c,lib/libc/string,219,DEFERRED,
b0416,hbsd/src/lib/libc/string/wcscoll.c,lib/libc/string,226,DEFERRED,
b0417,hbsd/src/lib/msun/src/e_acos.c,lib/msun/src,107,DEFERRED,
b0417,hbsd/src/lib/msun/src/s_cbrtl.c,lib/msun/src,140,DEFERRED,
b0417,hbsd/src/lib/msun/src/s_nan.c,lib/msun/src,111,DEFERRED,
b0417,hbsd/src/lib/msun/src/e_atan2l.c,lib/msun/src,116,DEFERRED,
b0418,hbsd/src/lib/libc/string/strcoll.c,lib/libc/string,117,DEFERRED,
b0418,hbsd/src/lib/libc/string/strlen.c,lib/libc/string,121,DEFERRED,
b0418,hbsd/src/lib/libc/string/strsignal.c,lib/libc/string,148,DEFERRED,
b0418,hbsd/src/lib/libc/string/memset.c,lib/libc/string,131,DEFERRED,
b0419,hbsd/src/lib/libc/gmon/gmon.c,lib/libc/gmon,242,DEFERRED,
b0419,hbsd/src/lib/libc/gmon/mcount.c,lib/libc/gmon,316,DEFERRED,
b0420,hbsd/src/sbin/hastctl/hastctl.c,sbin/hastctl,582,DEFERRED,
b0421,hbsd/src/lib/msun/src/e_log.c,lib/msun/src,143,DEFERRED,
b0421,hbsd/src/lib/msun/src/s_ctanh.c,lib/msun/src,146,DEFERRED,
b0421,hbsd/src/lib/msun/src/s_remquol.c,lib/msun/src,169,DEFERRED,
b0421,hbsd/src/lib/msun/src/s_rsqrt.c,lib/msun/src,153,DEFERRED,
b0422,hbsd/src/lib/libc/string/strtok.c,lib/libc/string,132,DEFERRED,
b0422,hbsd/src/lib/libc/string/strerror.c,lib/libc/string,142,DEFERRED,
b0422,hbsd/src/lib/libc/string/bcopy.c,lib/libc/string,136,DEFERRED,
b0422,hbsd/src/lib/libc/string/memmem.c,lib/libc/string,211,DEFERRED,
b0423,hbsd/src/lib/libc/stdio/fread.c,lib/libc/stdio,146,DEFERRED,
b0423,hbsd/src/lib/libc/stdio/stdio.c,lib/libc/stdio,172,DEFERRED,
b0423,hbsd/src/lib/libc/stdio/ungetc.c,lib/libc/stdio,164,DEFERRED,
b0423,hbsd/src/lib/libc/stdio/fgetln.c,lib/libc/stdio,160,DEFERRED,
b0424,hbsd/src/sbin/hastd/rangelock.c,sbin/hastd,140,DEFERRED,
b0424,hbsd/src/sbin/hastd/hast_checksum.c,sbin/hastd,149,DEFERRED,
b0424,hbsd/src/sbin/hastd/event.c,sbin/hastd,161,DEFERRED,
b0424,hbsd/src/sbin/hastd/hast_proto.c,sbin/hastd,218,DEFERRED,
b0425,hbsd/src/lib/msun/src/s_cospi.c,lib/msun/src,145,DEFERRED,
b0425,hbsd/src/lib/msun/src/e_jnf.c,lib/msun/src,201,DEFERRED,
b0425,hbsd/src/lib/msun/src/e_rem_pio2.c,lib/msun/src,176,DEFERRED,
b0425,hbsd/src/lib/msun/src/s_rsqrtf.c,lib/msun/src,162,DEFERRED,
b0426,hbsd/src/lib/libc/posix1e/acl_delete_entry.c,lib/libc/posix1e,158,DEFERRED,
b0426,hbsd/src/lib/libc/posix1e/acl_get.c,lib/libc/posix1e,215,DEFERRED,
b0426,hbsd/src/lib/libc/posix1e/acl_strip.c,lib/libc/posix1e,223,DEFERRED,
b0426,hbsd/src/lib/libc/posix1e/acl_set.c,lib/libc/posix1e,252,DEFERRED,
b0427,hbsd/src/lib/libc/gen/setproctitle.c,lib/libc/gen,218,DEFERRED,
b0427,hbsd/src/lib/libc/gen/termios.c,lib/libc/gen,287,DEFERRED,
b0427,hbsd/src/lib/libc/gen/telldir.c,lib/libc/gen,204,DEFERRED,
b0427,hbsd/src/lib/libc/gen/getcwd.c,lib/libc/gen,227,DEFERRED,
b0428,hbsd/src/sys/netinet/libalias/alias_dummy.c,sys/netinet/libalias,149,DEFERRED,
b0428,hbsd/src/sys/netinet/libalias/alias_mod.c,sys/netinet/libalias,170,DEFERRED,
b0428,hbsd/src/sys/netinet/libalias/alias_util.c,sys/netinet/libalias,175,SKIPPED,
b0428,hbsd/src/sys/netinet/libalias/alias_skinny.c,sys/netinet/libalias,442,DEFERRED,
b0429,hbsd/src/lib/libc/net/linkaddr.c,lib/libc/net,291,DEFERRED,
b0429,hbsd/src/lib/libc/net/nss_compat.c,lib/libc/net,287,DEFERRED,
b0429,hbsd/src/lib/libc/net/eui64.c,lib/libc/net,308,DEFERRED,
b0429,hbsd/src/lib/libc/net/getifaddrs.c,lib/libc/net,343,DEFERRED,
b0430,hbsd/src/usr.bin/elfdump/elfdump.c,usr.bin/elfdump,1288,DEFERRED,
b0431,hbsd/src/lib/libc/stdtime/time32.c,lib/libc/stdtime,97,DEFERRED,
b0431,hbsd/src/lib/libc/stdtime/timelocal.c,lib/libc/stdtime,153,DEFERRED,
b0431,hbsd/src/lib/libc/stdtime/strptime.c,lib/libc/stdtime,710,DEFERRED,
b0431,hbsd/src/lib/libc/stdtime/strftime.c,lib/libc/stdtime,629,DEFERRED,
b0432,hbsd/src/lib/libc/gen/sem_new.c,lib/libc/gen,470,DEFERRED,
b0432,hbsd/src/lib/libc/gen/wordexp.c,lib/libc/gen,416,DEFERRED,
b0432,hbsd/src/lib/libc/gen/setmode.c,lib/libc/gen,482,DEFERRED,
b0432,hbsd/src/lib/libc/gen/sem.c,lib/libc/gen,464,DEFERRED,
b0433,hbsd/src/lib/libc/net/getnetnamadr.c,lib/libc/net,450,DEFERRED,
b0433,hbsd/src/lib/libc/net/nscache.c,lib/libc/net,438,DEFERRED,
b0433,hbsd/src/lib/libc/net/hesiod.c,lib/libc/net,554,DEFERRED,
b0433,hbsd/src/lib/libc/net/getnetbydns.c,lib/libc/net,464,DEFERRED,
b0434,hbsd/src/lib/libc/stdlib/merge.c,lib/libc/stdlib,355,DEFERRED,
b0434,hbsd/src/lib/libc/stdlib/getopt_long.c,lib/libc/stdlib,606,DEFERRED,
b0434,hbsd/src/lib/libc/stdlib/strfmon.c,lib/libc/stdlib,669,DEFERRED,
b0434,hbsd/src/lib/libc/stdlib/random.c,lib/libc/stdlib,501,DEFERRED,
b0435,hbsd/src/lib/libc/gen/sysconf.c,lib/libc/gen,633,DEFERRED,
b0435,hbsd/src/lib/libc/gen/posix_spawn.c,lib/libc/gen,749,DEFERRED,
b0435,hbsd/src/lib/libc/gen/getcap.c,lib/libc/gen,1051,DEFERRED,
b0435,hbsd/src/lib/libc/gen/getnetgrent.c,lib/libc/gen,1012,DEFERRED,
b0436,hbsd/src/lib/libc/gen/glob-compat11.c,lib/libc/gen,1085,DEFERRED,
b0436,hbsd/src/lib/libc/gen/glob.c,lib/libc/gen,1155,DEFERRED,
b0436,hbsd/src/lib/libc/gen/fts-compat11.c,lib/libc/gen,1215,DEFERRED,
b0436,hbsd/src/lib/libc/gen/fts-compat.c,lib/libc/gen,1235,DEFERRED,
b0437,hbsd/src/usr.bin/perror/perror.c,usr.bin/perror,80,DEFERRED,
b0438,hbsd/src/lib/libthread_db/arch/aarch64/libpthread_md.c,lib/libthread_db/arch/aarch64,92,DEFERRED,
b0439,hbsd/src/usr.sbin/pnfsdskill/pnfsdskill.c,usr.sbin/pnfsdskill,96,DEFERRED,
b0440,hbsd/src/sbin/ipf/libipf/allocmbt.c,sbin/ipf/libipf,23,DEFERRED,
b0440,hbsd/src/sbin/ipf/libipf/findword.c,sbin/ipf/libipf,24,DEFERRED,
b0440,hbsd/src/sbin/ipf/libipf/printmask.c,sbin/ipf/libipf,27,DEFERRED,
b0440,hbsd/src/sbin/ipf/libipf/printtqtable.c,sbin/ipf/libipf,25,DEFERRED,
b0441,hbsd/src/usr.bin/printenv/printenv.c,usr.bin/printenv,99,DEFERRED,
b0442,hbsd/src/usr.sbin/lpr/filters.ru/koi2855/koi2855.c,usr.sbin/lpr/filters.ru/koi2855,104,DEFERRED,
b0443,hbsd/src/sbin/ipf/libipf/addicmp.c,sbin/ipf/libipf,20,DEFERRED,
b0443,hbsd/src/sbin/ipf/libipf/geticmptype.c,sbin/ipf/libipf,28,DEFERRED,
b0443,hbsd/src/sbin/ipf/libipf/printdstlistpolicy.c,sbin/ipf/libipf,30,DEFERRED,
b0443,hbsd/src/sbin/ipf/libipf/assigndefined.c,sbin/ipf/libipf,27,DEFERRED,
b0444,hbsd/src/usr.sbin/lpr/filters.ru/koi2alt/koi2alt.c,usr.sbin/lpr/filters.ru/koi2alt,105,DEFERRED,
b0445,hbsd/src/sbin/clri/clri.c,sbin/clri,107,DEFERRED,
b0446,hbsd/src/usr.sbin/utx/utx.c,usr.sbin/utx,110,DEFERRED,
b0447,hbsd/src/usr.sbin/nfsrevoke/nfsrevoke.c,usr.sbin/nfsrevoke,120,DEFERRED,
b0448,hbsd/src/usr.sbin/vipw/vipw.c,usr.sbin/vipw,125,DEFERRED,
b0449,hbsd/src/usr.bin/basename/basename.c,usr.bin/basename,134,DEFERRED,
b0450,hbsd/src/usr.sbin/efiwake/efiwake.c,usr.sbin/efiwake,140,DEFERRED,
b0451,hbsd/src/usr.bin/asa/asa.c,usr.bin/asa,142,DEFERRED,
b0452,hbsd/src/usr.bin/caesar/caesar.c,usr.bin/caesar,147,DEFERRED,
b0453,hbsd/src/usr.bin/resizewin/resizewin.c,usr.bin/resizewin,158,DEFERRED,
b0454,hbsd/src/usr.sbin/fifolog/fifolog_reader/fifolog_reader.c,usr.sbin/fifolog/fifolog_reader,171,SKIPPED,
b0455,hbsd/src/usr.bin/leave/leave.c,usr.bin/leave,187,DEFERRED,
b0456,hbsd/src/usr.sbin/chkgrp/chkgrp.c,usr.sbin/chkgrp,193,DEFERRED,
b0457,hbsd/src/sbin/conscontrol/conscontrol.c,sbin/conscontrol,195,DEFERRED,
b0458,hbsd/src/sbin/kldload/kldload.c,sbin/kldload,202,DEFERRED,
b0459,hbsd/src/sbin/kldstat/kldstat.c,sbin/kldstat,208,DEFERRED,
b0460,hbsd/src/usr.bin/backlight/backlight.c,usr.bin/backlight,224,DEFERRED,
b0461,hbsd/src/sbin/pfilctl/pfilctl.c,sbin/pfilctl,226,DEFERRED,
b0462,hbsd/src/usr.bin/tabs/tabs.c,usr.bin/tabs,236,DEFERRED,
b0463,hbsd/src/lib/libc/sys/openat.c,lib/libc/sys,56,DEFERRED,
b0463,hbsd/src/lib/libc/sys/compat-stub.c,lib/libc/sys,55,DEFERRED,
b0463,hbsd/src/lib/libc/sys/waitid.c,lib/libc/sys,67,DEFERRED,
b0463,hbsd/src/lib/libc/sys/shm_open.c,lib/libc/sys,73,DEFERRED,
b0464,hbsd/src/usr.bin/getconf/getconf.c,usr.bin/getconf,285,DEFERRED,
b0465,hbsd/src/lib/libc/uuid/uuid_is_nil.c,lib/libc/uuid,54,VERIFIED,
b0465,hbsd/src/lib/libc/uuid/uuid_to_string.c,lib/libc/uuid,67,VERIFIED,
b0465,hbsd/src/lib/libc/uuid/uuid_compare.c,lib/libc/uuid,76,VERIFIED,
b0465,hbsd/src/lib/libc/uuid/uuid_from_string.c,lib/libc/uuid,92,VERIFIED,
b0466,hbsd/src/usr.bin/procstat/procstat_pwdx.c,usr.bin/procstat,67,DEFERRED,
b0466,hbsd/src/usr.bin/procstat/procstat_bin.c,usr.bin/procstat,66,DEFERRED,
b0466,hbsd/src/usr.bin/procstat/procstat_penv.c,usr.bin/procstat,83,DEFERRED,
b0466,hbsd/src/usr.bin/procstat/procstat_rlimitusage.c,usr.bin/procstat,76,DEFERRED,
b0467,hbsd/src/usr.sbin/ipfwpcap/ipfwpcap.c,usr.sbin/ipfwpcap,298,DEFERRED,
b0468,hbsd/src/usr.sbin/nghook/main.c,usr.sbin/nghook,307,DEFERRED,
b0469,hbsd/src/sbin/veriexec/veriexec.c,sbin/veriexec,310,DEFERRED,
b0470,hbsd/src/sbin/ggate/ggatel/ggatel.c,sbin/ggate/ggatel,336,DEFERRED,
b0471,hbsd/src/usr.bin/look/look.c,usr.bin/look,349,DEFERRED,
b0472,hbsd/src/usr.bin/procstat/procstat_basic.c,usr.bin/procstat,68,DEFERRED,
b0472,hbsd/src/usr.bin/procstat/procstat_args.c,usr.bin/procstat,96,DEFERRED,
b0472,hbsd/src/usr.bin/procstat/procstat_ptlwpinfo.c,usr.bin/procstat,92,DEFERRED,
b0472,hbsd/src/usr.bin/procstat/procstat_advlock.c,usr.bin/procstat,102,DEFERRED,
b0473,hbsd/src/lib/msun/src/s_sincosf.c,lib/msun/src,123,VERIFIED,
b0473,hbsd/src/lib/msun/src/s_tanl.c,lib/msun/src,94,DEFERRED,
b0473,hbsd/src/lib/msun/src/e_atan2f.c,lib/msun/src,93,DEFERRED,
b0473,hbsd/src/lib/msun/src/s_csqrtf.c,lib/msun/src,81,DEFERRED,
b0474,hbsd/src/sbin/kldconfig/kldconfig.c,sbin/kldconfig,415,DEFERRED,
b0475,hbsd/src/lib/libcrypt/misc.c,lib/libcrypt,60,VERIFIED,
b0475,hbsd/src/lib/libcrypt/crypt-nthash.c,lib/libcrypt,80,DEFERRED,
b0475,hbsd/src/lib/libcrypt/crypt.c,lib/libcrypt,138,DEFERRED,
b0475,hbsd/src/lib/libcrypt/crypt-md5.c,lib/libcrypt,147,DEFERRED,
b0476,hbsd/src/sbin/decryptcore/decryptcore.c,sbin/decryptcore,429,DEFERRED,
b0477,hbsd/src/sbin/ccdconfig/ccdconfig.c,sbin/ccdconfig,453,DEFERRED,
b0478,hbsd/src/lib/libthr/thread/thr_resume_np.c,lib/libthr/thread,97,DEFERRED,
b0478,hbsd/src/lib/libthr/thread/thr_once.c,lib/libthr/thread,103,DEFERRED,
b0478,hbsd/src/lib/libthr/thread/thr_clean.c,lib/libthr/thread,107,DEFERRED,
b0478,hbsd/src/lib/libthr/thread/thr_printf.c,lib/libthr/thread,149,DEFERRED,
b0479,hbsd/src/usr.sbin/bluetooth/sdpd/bgd.c,usr.sbin/bluetooth/sdpd,103,DEFERRED,
b0479,hbsd/src/usr.sbin/bluetooth/sdpd/sp.c,usr.sbin/bluetooth/sdpd,119,DEFERRED,
b0479,hbsd/src/usr.sbin/bluetooth/sdpd/ftrn.c,usr.sbin/bluetooth/sdpd,119,DEFERRED,
b0479,hbsd/src/usr.sbin/bluetooth/sdpd/srr.c,usr.sbin/bluetooth/sdpd,142,DEFERRED,
b0480,hbsd/src/sys/compat/linux/linux_rseq.c,sys/compat/linux,84,DEFERRED,
b0480,hbsd/src/sys/compat/linux/linux_common.c,sys/compat/linux,84,DEFERRED,
b0480,hbsd/src/sys/compat/linux/linux_dummy.c,sys/compat/linux,158,DEFERRED,
b0480,hbsd/src/sys/compat/linux/linux_sysctl.c,sys/compat/linux,168,DEFERRED,
b0481,hbsd/src/lib/libthr/thread/thr_spinlock.c,lib/libthr/thread,123,DEFERRED,
b0481,hbsd/src/lib/libthr/thread/thr_sem.c,lib/libthr/thread,115,DEFERRED,
b0481,hbsd/src/lib/libthr/thread/thr_condattr.c,lib/libthr/thread,128,DEFERRED,
b0481,hbsd/src/lib/libthr/thread/thr_malloc.c,lib/libthr/thread,160,DEFERRED,
b0482,hbsd/src/sys/fs/procfs/procfs_rlimit.c,sys/fs/procfs,113,DEFERRED,
b0482,hbsd/src/sys/fs/procfs/procfs_regs.c,sys/fs/procfs,137,DEFERRED,
b0482,hbsd/src/sys/fs/procfs/procfs_fpregs.c,sys/fs/procfs,137,DEFERRED,
b0482,hbsd/src/sys/fs/procfs/procfs_dbregs.c,sys/fs/procfs,139,DEFERRED,
b0483,hbsd/src/sbin/dumpfs/dumpfs.c,sbin/dumpfs,534,DEFERRED,
b0484,hbsd/src/sbin/ddb/ddb.c,sbin/ddb,134,DEFERRED,
b0484,hbsd/src/sbin/ddb/ddb_script.c,sbin/ddb,159,DEFERRED,
b0484,hbsd/src/sbin/ddb/ddb_capture.c,sbin/ddb,247,DEFERRED,
b0485,hbsd/src/sbin/ipf/libipf/facpri.c,sbin/ipf/libipf,145,DEFERRED,
b0485,hbsd/src/sbin/ipf/libipf/mutex_emul.c,sbin/ipf/libipf,119,DEFERRED,
b0485,hbsd/src/sbin/ipf/libipf/parsewhoisline.c,sbin/ipf/libipf,129,DEFERRED,
b0485,hbsd/src/sbin/ipf/libipf/var.c,sbin/ipf/libipf,171,DEFERRED,
b0486,hbsd/src/usr.sbin/gstat/gstat.c,usr.sbin/gstat,621,DEFERRED,
b0487,hbsd/src/sbin/devmatch/devmatch.c,sbin/devmatch,657,DEFERRED,
b0488,hbsd/src/sbin/mdconfig/mdconfig.c,sbin/mdconfig,661,DEFERRED,
b0489,hbsd/src/sys/amd64/linux/linux_genassym.c,sys/amd64/linux,31,DEFERRED,
b0489,hbsd/src/sys/amd64/linux/linux_dummy_machdep.c,sys/amd64/linux,64,DEFERRED,
b0489,hbsd/src/sys/amd64/linux/linux_vdso_gtod.c,sys/amd64/linux,147,DEFERRED,
b0489,hbsd/src/sys/amd64/linux/linux_machdep.c,sys/amd64/linux,430,DEFERRED,
b0490,hbsd/src/sbin/nvmecontrol/selftest.c,sbin/nvmecontrol,133,DEFERRED,
b0490,hbsd/src/sbin/nvmecontrol/telemetry.c,sbin/nvmecontrol,182,DEFERRED,
b0490,hbsd/src/sbin/nvmecontrol/nvmecontrol.c,sbin/nvmecontrol,217,DEFERRED,
b0490,hbsd/src/sbin/nvmecontrol/perftest.c,sbin/nvmecontrol,186,DEFERRED,
b0491,hbsd/src/lib/libc/stdio/setvbuf.c,lib/libc/stdio,158,DEFERRED,
b0491,hbsd/src/lib/libc/stdio/getdelim.c,lib/libc/stdio,181,DEFERRED,
b0491,hbsd/src/lib/libc/stdio/open_memstream.c,lib/libc/stdio,211,DEFERRED,
b0491,hbsd/src/lib/libc/stdio/mktemp.c,lib/libc/stdio,197,DEFERRED,
b0492,hbsd/src/sys/geom/eli/pkcs5v2.c,sys/geom/eli,137,DEFERRED,
b0492,hbsd/src/sys/geom/eli/g_eli_hmac.c,sys/geom/eli,152,DEFERRED,
b0492,hbsd/src/sys/geom/eli/g_eli_crypto.c,sys/geom/eli,206,DEFERRED,
b0492,hbsd/src/sys/geom/eli/g_eli_key.c,sys/geom/eli,261,DEFERRED,
b0493,hbsd/src/usr.sbin/bluetooth/sdpd/panu.c,usr.sbin/bluetooth/sdpd,174,DEFERRED,
b0493,hbsd/src/usr.sbin/bluetooth/sdpd/audio_sink.c,usr.sbin/bluetooth/sdpd,186,DEFERRED,
b0493,hbsd/src/usr.sbin/bluetooth/sdpd/audio_source.c,usr.sbin/bluetooth/sdpd,186,DEFERRED,
b0493,hbsd/src/usr.sbin/bluetooth/sdpd/nap.c,usr.sbin/bluetooth/sdpd,211,DEFERRED,
b0494,hbsd/src/lib/libcuse/cuse_lib.c,lib/libcuse,794,DEFERRED,
b0495,hbsd/src/sbin/ipf/common/genmask.c,sbin/ipf/common,66,DEFERRED,
b0495,hbsd/src/sbin/ipf/common/lexer.c,sbin/ipf/common,736,DEFERRED,
b0496,hbsd/src/lib/libcasper/libcasper/libcasper_impl.c,lib/libcasper/libcasper,71,DEFERRED,
b0496,hbsd/src/lib/libcasper/libcasper/zygote.c,lib/libcasper/libcasper,219,DEFERRED,
b0496,hbsd/src/lib/libcasper/libcasper/libcasper_service.c,lib/libcasper/libcasper,240,DEFERRED,
b0496,hbsd/src/lib/libcasper/libcasper/libcasper.c,lib/libcasper/libcasper,357,DEFERRED,
b0497,hbsd/src/lib/libc/gen/readpassphrase.c,lib/libc/gen,200,DEFERRED,
b0497,hbsd/src/lib/libc/gen/getusershell.c,lib/libc/gen,258,DEFERRED,
b0497,hbsd/src/lib/libc/gen/fmtmsg.c,lib/libc/gen,219,DEFERRED,
b0497,hbsd/src/lib/libc/gen/popen.c,lib/libc/gen,223,DEFERRED,
b0498,hbsd/src/sbin/recoverdisk/recoverdisk.c,sbin/recoverdisk,909,DEFERRED,
b0499,hbsd/src/sys/kern/kern_vnodedumper.c,sys/kern,228,DEFERRED,
b0499,hbsd/src/sys/kern/subr_boot.c,sys/kern,232,DEFERRED,
b0499,hbsd/src/sys/kern/subr_sfbuf.c,sys/kern,230,DEFERRED,
b0499,hbsd/src/sys/kern/subr_coverage.c,sys/kern,236,DEFERRED,
b0500,hbsd/src/sys/compat/linsysfs/linsysfs_net.c,sys/compat/linsysfs,353,DEFERRED,
b0500,hbsd/src/sys/compat/linsysfs/linsysfs.c,sys/compat/linsysfs,594,DEFERRED,
b0501,hbsd/src/lib/msun/src/e_lgammaf_r.c,lib/msun/src,212,DEFERRED,
b0501,hbsd/src/lib/msun/src/e_jn.c,lib/msun/src,270,DEFERRED,
b0501,hbsd/src/lib/msun/src/s_expm1.c,lib/msun/src,218,DEFERRED,
b0501,hbsd/src/lib/msun/src/s_fmal.c,lib/msun/src,271,DEFERRED,
b0502,hbsd/src/sbin/sysctl/sysctl.c,sbin/sysctl,1368,DEFERRED,
b0503,hbsd/src/lib/libc/net/gethostbyht.c,lib/libc/net,335,DEFERRED,
b0503,hbsd/src/lib/libc/net/rthdr.c,lib/libc/net,433,DEFERRED,
b0503,hbsd/src/lib/libc/net/sourcefilter.c,lib/libc/net,401,DEFERRED,
b0503,hbsd/src/lib/libc/net/base64.c,lib/libc/net,316,DEFERRED,
b0504,hbsd/src/sbin/geom/core/geom.c,sbin/geom/core,1515,DEFERRED,
b0505,hbsd/src/sbin/bectl/bectl_jail.c,sbin/bectl,467,DEFERRED,
b0505,hbsd/src/sbin/bectl/bectl_list.c,sbin/bectl,479,DEFERRED,
b0505,hbsd/src/sbin/bectl/bectl.c,sbin/bectl,627,DEFERRED,
b0506,hbsd/src/lib/libcam/scsi_wrap.c,lib/libcam,178,DEFERRED,
b0506,hbsd/src/lib/libcam/scsi_cmdparse.c,lib/libcam,859,DEFERRED,
b0506,hbsd/src/lib/libcam/camlib.c,lib/libcam,758,DEFERRED,
b0507,hbsd/src/sys/compat/linuxkpi/common/src/linux_rcu.c,sys/compat/linuxkpi/common/src,461,DEFERRED,
b0507,hbsd/src/sys/compat/linuxkpi/common/src/linux_netdev.c,sys/compat/linuxkpi/common/src,436,DEFERRED,
b0507,hbsd/src/sys/compat/linuxkpi/common/src/linux_aperture.c,sys/compat/linuxkpi/common/src,387,DEFERRED,
b0507,hbsd/src/sys/compat/linuxkpi/common/src/linux_siphash.c,sys/compat/linuxkpi/common/src,546,DEFERRED,
b0508,hbsd/src/lib/libc/xdr/xdr_mem.c,lib/libc/xdr,229,DEFERRED,
b0508,hbsd/src/lib/libc/xdr/xdr_float.c,lib/libc/xdr,290,DEFERRED,
b0508,hbsd/src/lib/libc/xdr/xdr.c,lib/libc/xdr,920,DEFERRED,
b0508,hbsd/src/lib/libc/xdr/xdr_rec.c,lib/libc/xdr,757,DEFERRED,
b0509,hbsd/src/lib/libthread_db/thread_db.c,lib/libthread_db,442,DEFERRED,
b0509,hbsd/src/lib/libthread_db/libthr_db.c,lib/libthread_db,803,DEFERRED,
b0509,hbsd/src/lib/libthread_db/libpthread_db.c,lib/libthread_db,1146,DEFERRED,
b0510,hbsd/src/usr.sbin/cxgbetool/tcb_common.c,usr.sbin/cxgbetool,701,DEFERRED,
b0510,hbsd/src/usr.sbin/cxgbetool/tcbinfot4.c,usr.sbin/cxgbetool,1421,DEFERRED,
b0510,hbsd/src/usr.sbin/cxgbetool/tcbinfot5.c,usr.sbin/cxgbetool,1463,DEFERRED,
b0510,hbsd/src/usr.sbin/cxgbetool/tcbinfot6.c,usr.sbin/cxgbetool,1533,DEFERRED,
b0511,hbsd/src/usr.bin/runat/runat.c,usr.bin/runat,99,DEFERRED,
b0512,hbsd/src/lib/libthread_db/arch/amd64/libpthread_md.c,lib/libthread_db/arch/amd64,124,DEFERRED,
b0513,hbsd/src/sbin/ipf/libipf/printdstlistdata.c,sbin/ipf/libipf,44,DEFERRED,
b0513,hbsd/src/sbin/ipf/libipf/printhash.c,sbin/ipf/libipf,53,DEFERRED,
b0513,hbsd/src/sbin/ipf/libipf/remove_poolnode.c,sbin/ipf/libipf,50,DEFERRED,
b0513,hbsd/src/sbin/ipf/libipf/printdstlist.c,sbin/ipf/libipf,57,DEFERRED,
b0514,hbsd/src/usr.sbin/pwm/pwm.c,usr.sbin/pwm,215,DEFERRED,
b0515,hbsd/src/lib/libcasper/services/cap_syslog/cap_syslog.c,lib/libcasper/services/cap_syslog,222,DEFERRED,
b0516,hbsd/src/usr.bin/rwho/rwho.c,usr.bin/rwho,235,DEFERRED,
b0517,hbsd/src/sbin/ipf/libipf/remove_hashnode.c,sbin/ipf/libipf,51,DEFERRED,
b0517,hbsd/src/sbin/ipf/libipf/getnattype.c,sbin/ipf/libipf,65,DEFERRED,
b0517,hbsd/src/sbin/ipf/libipf/save_execute.c,sbin/ipf/libipf,76,DEFERRED,
b0517,hbsd/src/sbin/ipf/libipf/optname.c,sbin/ipf/libipf,62,DEFERRED,
b0518,hbsd/src/lib/msun/src/s_sincosl.c,lib/msun/src,101,DEFERRED,
b0518,hbsd/src/lib/msun/src/k_expf.c,lib/msun/src,87,VERIFIED,
b0518,hbsd/src/lib/msun/src/e_expf.c,lib/msun/src,95,DEFERRED,
b0518,hbsd/src/lib/msun/src/s_fmaf.c,lib/msun/src,76,DEFERRED,
b0519,hbsd/src/sbin/ldconfig/ldconfig.c,sbin/ldconfig,133,DEFERRED,
b0519,hbsd/src/sbin/ldconfig/elfhints.c,sbin/ldconfig,319,DEFERRED,
b0520,hbsd/src/usr.bin/cmp/misc.c,usr.bin/cmp,62,DEFERRED,
b0520,hbsd/src/usr.bin/cmp/link.c,usr.bin/cmp,103,DEFERRED,
b0520,hbsd/src/usr.bin/cmp/special.c,usr.bin/cmp,126,DEFERRED,
b0520,hbsd/src/usr.bin/cmp/regular.c,usr.bin/cmp,191,DEFERRED,
b0521,hbsd/src/lib/libcasper/libcasper/service.c,lib/libcasper/libcasper,495,DEFERRED,
b0522,hbsd/src/lib/libcasper/services/cap_sysctl/cap_sysctl.c,lib/libcasper/services/cap_sysctl,531,DEFERRED,
b0523,hbsd/src/usr.bin/bluetooth/btsockstat/btsockstat.c,usr.bin/bluetooth/btsockstat,641,DEFERRED,
b0524,hbsd/src/lib/libthr/thread/thr_info.c,lib/libthr/thread,151,DEFERRED,
b0524,hbsd/src/lib/libthr/thread/thr_pspinlock.c,lib/libthr/thread,153,DEFERRED,
b0524,hbsd/src/lib/libthr/thread/thr_sleepq.c,lib/libthr/thread,183,DEFERRED,
b0524,hbsd/src/lib/libthr/thread/thr_cancel.c,lib/libthr/thread,183,DEFERRED,
b0525,hbsd/src/lib/libcasper/services/cap_fileargs/cap_fileargs.c,lib/libcasper/services/cap_fileargs,737,DEFERRED,
b0526,hbsd/src/lib/libc/stdio/xprintf_str.c,lib/libc/stdio,187,DEFERRED,
b0526,hbsd/src/lib/libc/stdio/fvwrite.c,lib/libc/stdio,201,DEFERRED,
b0526,hbsd/src/lib/libc/stdio/fmemopen.c,lib/libc/stdio,261,DEFERRED,
b0526,hbsd/src/lib/libc/stdio/findfp.c,lib/libc/stdio,215,DEFERRED,
b0527,hbsd/src/lib/libcrypt/crypt-sha256.c,lib/libcrypt,423,DEFERRED,
b0527,hbsd/src/lib/libcrypt/crypt-sha512.c,lib/libcrypt,446,DEFERRED,
b0528,hbsd/src/lib/libc/gen/arc4random.c,lib/libc/gen,253,DEFERRED,
b0528,hbsd/src/lib/libc/gen/pw_scan.c,lib/libc/gen,222,DEFERRED,
b0528,hbsd/src/lib/libc/gen/getttyent.c,lib/libc/gen,312,DEFERRED,
b0528,hbsd/src/lib/libc/gen/fstab.c,lib/libc/gen,294,DEFERRED,
b0529,hbsd/src/lib/libthr/thread/thr_pshared.c,lib/libthr/thread,282,DEFERRED,
b0529,hbsd/src/lib/libthr/thread/thr_spec.c,lib/libthr/thread,244,DEFERRED,
b0529,hbsd/src/lib/libthr/thread/thr_rtld.c,lib/libthr/thread,301,DEFERRED,
b0529,hbsd/src/lib/libthr/thread/thr_mutexattr.c,lib/libthr/thread,297,DEFERRED,
b0530,hbsd/src/sbin/camcontrol/util.c,sbin/camcontrol,183,DEFERRED,
b0530,hbsd/src/sbin/camcontrol/progress.c,sbin/camcontrol,205,DEFERRED,
b0530,hbsd/src/sbin/camcontrol/depop.c,sbin/camcontrol,294,DEFERRED,
b0530,hbsd/src/sbin/camcontrol/timestamp.c,sbin/camcontrol,498,DEFERRED,
b0531,hbsd/src/sbin/etherswitchcfg/ifmedia.c,sbin/etherswitchcfg,751,DEFERRED,
b0531,hbsd/src/sbin/etherswitchcfg/etherswitchcfg.c,sbin/etherswitchcfg,886,DEFERRED,
b0532,hbsd/src/sbin/ipf/libipf/printip.c,sbin/ipf/libipf,40,DEFERRED,
b0532,hbsd/src/sbin/ipf/libipf/printproto.c,sbin/ipf/libipf,36,DEFERRED,
b0532,hbsd/src/sbin/ipf/libipf/nat_setgroupmap.c,sbin/ipf/libipf,30,DEFERRED,
b0532,hbsd/src/sbin/ipf/libipf/printlookup.c,sbin/ipf/libipf,40,DEFERRED,
b0533,hbsd/src/usr.bin/brandelf/brandelf.c,usr.bin/brandelf,231,DEFERRED,
b0534,hbsd/src/usr.bin/cmp/cmp.c,usr.bin/cmp,269,DEFERRED,
b0535,hbsd/src/lib/msun/src/k_cos.c,lib/msun/src,75,DEFERRED,
b0535,hbsd/src/lib/msun/src/s_cosl.c,lib/msun/src,99,DEFERRED,
b0535,hbsd/src/lib/msun/src/s_rintl.c,lib/msun/src,89,DEFERRED,
b0535,hbsd/src/lib/msun/src/s_cexpf.c,lib/msun/src,91,VERIFIED,
b0536,hbsd/src/usr.bin/wc/wc.c,usr.bin/wc,358,DEFERRED,
b0537,hbsd/src/sbin/fsck_ffs/ea.c,sbin/fsck_ffs,86,DEFERRED,
b0537,hbsd/src/sbin/fsck_ffs/utilities.c,sbin/fsck_ffs,100,DEFERRED,
b0537,hbsd/src/sbin/fsck_ffs/pass4.c,sbin/fsck_ffs,121,DEFERRED,
b0537,hbsd/src/sbin/fsck_ffs/pass1b.c,sbin/fsck_ffs,117,DEFERRED,
b0538,hbsd/src/lib/msun/src/s_ccoshf.c,lib/msun/src,105,DEFERRED,
b0538,hbsd/src/lib/msun/src/e_hypotl.c,lib/msun/src,120,DEFERRED,
b0538,hbsd/src/lib/msun/src/s_log1pf.c,lib/msun/src,112,DEFERRED,
b0538,hbsd/src/lib/msun/src/s_cospif.c,lib/msun/src,107,DEFERRED,
b0539,hbsd/src/lib/msun/src/s_remquof.c,lib/msun/src,120,DEFERRED,
b0539,hbsd/src/lib/msun/src/s_cexp.c,lib/msun/src,96,DEFERRED,
b0539,hbsd/src/lib/msun/src/s_csinhf.c,lib/msun/src,106,DEFERRED,
b0539,hbsd/src/lib/msun/src/e_fmod.c,lib/msun/src,128,DEFERRED,
b0540,hbsd/src/usr.sbin/apm/apm.c,usr.sbin/apm,488,DEFERRED,
b0541,hbsd/src/usr.bin/jot/jot.c,usr.bin/jot,503,DEFERRED,
b0542,hbsd/src/usr.bin/tip/tip/hunt.c,usr.bin/tip/tip,101,DEFERRED,
b0542,hbsd/src/usr.bin/tip/tip/uucplock.c,usr.bin/tip/tip,123,DEFERRED,
b0542,hbsd/src/usr.bin/tip/tip/vars.c,usr.bin/tip/tip,116,DEFERRED,
b0542,hbsd/src/usr.bin/tip/tip/tipout.c,usr.bin/tip/tip,180,DEFERRED,
b0543,hbsd/src/sbin/ifconfig/ifstf.c,sbin/ifconfig,148,DEFERRED,
b0543,hbsd/src/sbin/ifconfig/ifgre.c,sbin/ifconfig,140,DEFERRED,
b0543,hbsd/src/sbin/ifconfig/sfp.c,sbin/ifconfig,127,DEFERRED,
b0543,hbsd/src/sbin/ifconfig/ifgroup.c,sbin/ifconfig,164,DEFERRED,
b0544,hbsd/src/sbin/ggate/ggatec/ggatec.c,sbin/ggate/ggatec,705,DEFERRED,
b0545,hbsd/src/usr.bin/tip/libacu/courier.c,usr.bin/tip/libacu,346,DEFERRED,
b0545,hbsd/src/usr.bin/tip/libacu/t3000.c,usr.bin/tip/libacu,364,DEFERRED,
b0546,hbsd/src/lib/libthr/thread/thr_barrier.c,lib/libthr/thread,171,DEFERRED,
b0546,hbsd/src/lib/libthr/thread/thr_kern.c,lib/libthr/thread,208,DEFERRED,
b0546,hbsd/src/lib/libthr/thread/thr_suspend_np.c,lib/libthr/thread,184,DEFERRED,
b0546,hbsd/src/lib/libthr/thread/thr_join.c,lib/libthr/thread,200,DEFERRED,
b0547,hbsd/src/sbin/dhclient/hash.c,sbin/dhclient,122,DEFERRED,
b0547,hbsd/src/sbin/dhclient/errwarn.c,sbin/dhclient,239,DEFERRED,
b0547,hbsd/src/sbin/dhclient/privsep.c,sbin/dhclient,248,DEFERRED,
b0547,hbsd/src/sbin/dhclient/packet.c,sbin/dhclient,266,DEFERRED,
b0548,hbsd/src/sbin/swapon/swapon.c,sbin/swapon,893,DEFERRED,
b0549,hbsd/src/sbin/md5/md5.c,sbin/md5,1073,DEFERRED,
b0550,hbsd/src/sbin/fsck/fsutil.c,sbin/fsck,222,DEFERRED,
b0550,hbsd/src/sbin/fsck/preen.c,sbin/fsck,332,DEFERRED,
b0550,hbsd/src/sbin/fsck/fsck.c,sbin/fsck,581,DEFERRED,
b0551,hbsd/src/lib/libc/stdio/open_wmemstream.c,lib/libc/stdio,273,DEFERRED,
b0551,hbsd/src/lib/libc/stdio/fseek.c,lib/libc/stdio,297,DEFERRED,
b0551,hbsd/src/lib/libc/stdio/freopen.c,lib/libc/stdio,251,DEFERRED,
b0551,hbsd/src/lib/libc/stdio/xprintf_int.c,lib/libc/stdio,471,DEFERRED,
b0552,hbsd/src/sbin/bsdlabel/bsdlabel.c,sbin/bsdlabel,1523,DEFERRED,
b0553,hbsd/src/sbin/growfs/debug.c,sbin/growfs,837,DEFERRED,
b0553,hbsd/src/sbin/growfs/growfs.c,sbin/growfs,1671,DEFERRED,
b0554,hbsd/src/lib/libc/stdio/xprintf_float.c,lib/libc/stdio,422,DEFERRED,
b0554,hbsd/src/lib/libc/stdio/xprintf.c,lib/libc/stdio,684,DEFERRED,
b0554,hbsd/src/lib/libc/stdio/printf-pos.c,lib/libc/stdio,758,DEFERRED,
b0554,hbsd/src/lib/libc/stdio/vfwscanf.c,lib/libc/stdio,1002,DEFERRED,
b0555,hbsd/src/sbin/camcontrol/attrib.c,sbin/camcontrol,499,DEFERRED,
b0555,hbsd/src/sbin/camcontrol/zone.c,sbin/camcontrol,671,DEFERRED,
b0555,hbsd/src/sbin/camcontrol/epc.c,sbin/camcontrol,852,DEFERRED,
b0555,hbsd/src/sbin/camcontrol/persist.c,sbin/camcontrol,956,DEFERRED,
b0556,hbsd/src/lib/libc/gen/getgrent.c,lib/libc/gen,1575,DEFERRED,
b0556,hbsd/src/lib/libc/gen/fts.c,lib/libc/gen,1340,DEFERRED,
b0556,hbsd/src/lib/libc/gen/getpwent.c,lib/libc/gen,2001,DEFERRED,
b0557,hbsd/src/lib/libcompat/4.4/cuserid.c,lib/libcompat/4.4,53,DEFERRED,
b0558,hbsd/src/usr.bin/fortune/unstr/unstr.c,usr.bin/fortune/unstr,123,DEFERRED,
b0559,hbsd/src/sys/kern/stack_protector.c,sys/kern,28,DEFERRED,
b0559,hbsd/src/sys/kern/imgact_elf64.c,sys/kern,30,DEFERRED,
b0559,hbsd/src/sys/kern/imgact_elf32.c,sys/kern,30,DEFERRED,
b0559,hbsd/src/sys/kern/genoffset.c,sys/kern,39,DEFERRED,
b0560,hbsd/src/usr.sbin/rtprio/rtprio.c,usr.sbin/rtprio,152,DEFERRED,
b0561,hbsd/src/sbin/mknod/mknod.c,sbin/mknod,155,DEFERRED,
b0562,hbsd/src/usr.bin/from/from.c,usr.bin/from,155,DEFERRED,
b0563,hbsd/src/usr.bin/passwd/passwd.c,usr.bin/passwd,163,DEFERRED,
b0564,hbsd/src/sbin/mount_unionfs/mount_unionfs.c,sbin/mount_unionfs,181,DEFERRED,
b0565,hbsd/src/usr.bin/expand/expand.c,usr.bin/expand,184,DEFERRED,
b0566,hbsd/src/sbin/mksnap_ffs/mksnap_ffs.c,sbin/mksnap_ffs,189,DEFERRED,
b0567,hbsd/src/usr.sbin/lpr/filters/lpf.c,usr.sbin/lpr/filters,206,DEFERRED,
b0568,hbsd/src/usr.sbin/chroot/chroot.c,usr.sbin/chroot,207,DEFERRED,
b0569,hbsd/src/usr.bin/mail/version.c,usr.bin/mail,36,DEFERRED,
b0569,hbsd/src/usr.bin/mail/getname.c,usr.bin/mail,63,VERIFIED,
b0569,hbsd/src/usr.bin/mail/v7.local.c,usr.bin/mail,90,DEFERRED,
b0569,hbsd/src/usr.bin/mail/temp.c,usr.bin/mail,82,DEFERRED,
b0570,hbsd/src/usr.bin/tip/tip/partab.c,usr.bin/tip/tip,55,DEFERRED,
b0570,hbsd/src/usr.bin/tip/tip/log.c,usr.bin/tip/tip,84,DEFERRED,
b0570,hbsd/src/usr.bin/tip/tip/cmdtab.c,usr.bin/tip/tip,58,DEFERRED,
b0570,hbsd/src/usr.bin/tip/tip/acutab.c,usr.bin/tip/tip,81,DEFERRED,
b0571,hbsd/src/usr.bin/lock/lock.c,usr.bin/lock,301,DEFERRED,
b0572,hbsd/src/usr.bin/mkstr/mkstr.c,usr.bin/mkstr,320,DEFERRED,
b0573,hbsd/src/sys/kern/tty_tty.c,sys/kern,94,DEFERRED,
b0573,hbsd/src/sys/kern/kern_idle.c,sys/kern,88,DEFERRED,
b0573,hbsd/src/sys/kern/kern_dtrace.c,sys/kern,104,DEFERRED,
b0573,hbsd/src/sys/kern/subr_power.c,sys/kern,120,DEFERRED,
b0574,hbsd/src/usr.bin/etdump/output_shell.c,usr.bin/etdump,67,DEFERRED,
b0574,hbsd/src/usr.bin/etdump/output_text.c,usr.bin/etdump,95,DEFERRED,
b0574,hbsd/src/usr.bin/etdump/etdump.c,usr.bin/etdump,272,DEFERRED,
b0575,hbsd/src/lib/libc/posix1e/acl_id_to_name.c,lib/libc/posix1e,99,VERIFIED,
b0575,hbsd/src/lib/libc/posix1e/acl_equiv_mode_np.c,lib/libc/posix1e,99,DEFERRED,
b0575,hbsd/src/lib/libc/posix1e/acl_flag.c,lib/libc/posix1e,153,DEFERRED,
b0575,hbsd/src/lib/libc/posix1e/acl_from_mode_np.c,lib/libc/posix1e,112,VERIFIED,
b0576,hbsd/src/lib/msun/src/s_csqrtl.c,lib/msun/src,123,DEFERRED,
b0576,hbsd/src/lib/msun/src/k_tan.c,lib/msun/src,126,DEFERRED,
b0576,hbsd/src/lib/msun/src/s_cbrt.c,lib/msun/src,114,DEFERRED,
b0576,hbsd/src/lib/msun/src/e_coshl.c,lib/msun/src,129,DEFERRED,
b0577,hbsd/src/sbin/reboot/reboot.c,sbin/reboot,531,DEFERRED,
b0578,hbsd/src/sbin/shutdown/shutdown.c,sbin/shutdown,611,DEFERRED,
b0579,hbsd/src/lib/libc/xdr/xdr_reference.c,lib/libc/xdr,136,DEFERRED,
b0579,hbsd/src/lib/libc/xdr/xdr_sizeof.c,lib/libc/xdr,154,DEFERRED,
b0579,hbsd/src/lib/libc/xdr/xdr_array.c,lib/libc/xdr,155,DEFERRED,
b0579,hbsd/src/lib/libc/xdr/xdr_stdio.c,lib/libc/xdr,172,DEFERRED,
b0580,hbsd/src/lib/msun/src/s_clogf.c,lib/msun/src,148,VERIFIED,
b0580,hbsd/src/lib/msun/src/e_exp.c,lib/msun/src,160,DEFERRED,
b0580,hbsd/src/lib/msun/src/s_clog.c,lib/msun/src,152,DEFERRED,
b0580,hbsd/src/lib/msun/src/s_tanhl.c,lib/msun/src,170,DEFERRED,
b0581,hbsd/src/lib/libc/net/getprotoname.c,lib/libc/net,147,DEFERRED,
b0581,hbsd/src/lib/libc/net/if_nameindex.c,lib/libc/net,146,DEFERRED,
b0581,hbsd/src/lib/libc/net/getifmaddrs.c,lib/libc/net,196,DEFERRED,
b0581,hbsd/src/lib/libc/net/rcmdsh.c,lib/libc/net,166,DEFERRED,
b0582,hbsd/src/sbin/devfs/devfs.c,sbin/devfs,231,DEFERRED,
b0582,hbsd/src/sbin/devfs/rule.c,sbin/devfs,461,DEFERRED,
b0583,hbsd/src/usr.bin/ipcs/ipc.c,usr.bin/ipcs,204,DEFERRED,
b0583,hbsd/src/usr.bin/ipcs/ipcs.c,usr.bin/ipcs,555,DEFERRED,
b0584,hbsd/src/lib/libcasper/services/cap_pwd/cap_pwd.c,lib/libcasper/services/cap_pwd,781,DEFERRED,
b0585,hbsd/src/lib/libcasper/services/cap_grp/cap_grp.c,lib/libcasper/services/cap_grp,788,DEFERRED,
b0586,hbsd/src/sys/fs/fdescfs/fdesc_vfsops.c,sys/fs/fdescfs,241,DEFERRED,
b0586,hbsd/src/sys/fs/fdescfs/fdesc_vnops.c,sys/fs/fdescfs,673,DEFERRED,
b0587,hbsd/src/sbin/fsck_ffs/pass3.c,sbin/fsck_ffs,126,DEFERRED,
b0587,hbsd/src/sbin/fsck_ffs/gjournal.c,sbin/fsck_ffs,162,DEFERRED,
b0587,hbsd/src/sbin/fsck_ffs/globs.c,sbin/fsck_ffs,159,DEFERRED,
b0587,hbsd/src/sbin/fsck_ffs/setup.c,sbin/fsck_ffs,576,DEFERRED,
b0588,hbsd/src/sbin/mount/vfslist.c,sbin/mount,84,DEFERRED,
b0588,hbsd/src/sbin/mount/mount_fs.c,sbin/mount,127,DEFERRED,
b0588,hbsd/src/sbin/mount/mount.c,sbin/mount,975,DEFERRED,
b0589,hbsd/src/sys/kern/kern_et.c,sys/kern,263,DEFERRED,
b0589,hbsd/src/sys/kern/subr_kobj.c,sys/kern,351,DEFERRED,
b0589,hbsd/src/sys/kern/kern_syscalls.c,sys/kern,283,DEFERRED,
b0589,hbsd/src/sys/kern/subr_log.c,sys/kern,307,DEFERRED,
b0590,hbsd/src/lib/msun/src/e_powf.c,lib/msun/src,253,DEFERRED,
b0590,hbsd/src/lib/msun/src/s_fma.c,lib/msun/src,295,DEFERRED,
b0590,hbsd/src/lib/msun/src/catrigf.c,lib/msun/src,392,DEFERRED,
b0590,hbsd/src/lib/msun/src/e_pow.c,lib/msun/src,314,DEFERRED,
b0591,hbsd/src/lib/libthr/thread/thr_create.c,lib/libthr/thread,303,DEFERRED,
b0591,hbsd/src/lib/libthr/thread/thr_exit.c,lib/libthr/thread,327,DEFERRED,
b0591,hbsd/src/lib/libthr/thread/thr_umtx.c,lib/libthr/thread,363,DEFERRED,
b0591,hbsd/src/lib/libthr/thread/thr_fork.c,lib/libthr/thread,331,DEFERRED,
b0592,hbsd/src/sbin/hastd/hast_compression.c,sbin/hastd,283,DEFERRED,
b0592,hbsd/src/sbin/hastd/subr.c,sbin/hastd,293,DEFERRED,
b0592,hbsd/src/sbin/hastd/proto_uds.c,sbin/hastd,360,DEFERRED,
b0592,hbsd/src/sbin/hastd/hooks.c,sbin/hastd,389,DEFERRED,
b0593,hbsd/src/sbin/fdisk/fdisk_mbr_enc.c,sbin/fdisk,74,DEFERRED,
b0593,hbsd/src/sbin/fdisk/fdisk.c,sbin/fdisk,1509,DEFERRED,
b0594,hbsd/src/sbin/rcorder/ealloc.c,sbin/rcorder,119,VERIFIED,
b0594,hbsd/src/sbin/rcorder/hash.c,sbin/rcorder,423,DEFERRED,
b0594,hbsd/src/sbin/rcorder/rcorder.c,sbin/rcorder,1118,DEFERRED,
b0595,hbsd/src/sys/fs/nullfs/null_subr.c,sys/fs/nullfs,320,DEFERRED,
b0595,hbsd/src/sys/fs/nullfs/null_vfsops.c,sys/fs/nullfs,508,PENDING,
b0595,hbsd/src/sys/fs/nullfs/null_vnops.c,sys/fs/nullfs,1238,PENDING,
b0596,hbsd/src/sys/amd64/amd64/elf_machdep.c,sys/amd64/amd64,448,DEFERRED,
b0596,hbsd/src/sys/amd64/amd64/genassym.c,sys/amd64/amd64,294,DEFERRED,
b0596,hbsd/src/sys/amd64/amd64/bpf_jit_machdep.c,sys/amd64/amd64,651,PENDING,
b0596,hbsd/src/sys/amd64/amd64/vm_machdep.c,sys/amd64/amd64,684,PENDING,
b0597,hbsd/src/sbin/init/init.c,sbin/init,2175,PENDING,
b0598,hbsd/src/lib/libc/stdio/vfscanf.c,lib/libc/stdio,1146,PENDING,
b0598,hbsd/src/lib/libc/stdio/vfprintf.c,lib/libc/stdio,1089,PENDING,
b0598,hbsd/src/lib/libc/stdio/vfwprintf.c,lib/libc/stdio,1144,PENDING,
b0599,hbsd/src/sbin/camcontrol/fwdownload.c,sbin/camcontrol,1109,PENDING,
b0599,hbsd/src/sbin/camcontrol/modeedit.c,sbin/camcontrol,1211,DEFERRED,
b0599,hbsd/src/sbin/camcontrol/camcontrol.c,sbin/camcontrol,10823,DEFERRED,
b0600,hbsd/src/sbin/ipf/libipf/printtcpflags.c,sbin/ipf/libipf,29,PENDING,
b0600,hbsd/src/sbin/ipf/libipf/flags.c,sbin/ipf/libipf,27,DEFERRED,
b0600,hbsd/src/sbin/ipf/libipf/printiphdr.c,sbin/ipf/libipf,19,PENDING,
b0600,hbsd/src/sbin/ipf/libipf/getproto.c,sbin/ipf/libipf,34,PENDING,
b0601,hbsd/src/sbin/ipf/libipf/mb_hexdump.c,sbin/ipf/libipf,30,PENDING,
b0601,hbsd/src/sbin/ipf/libipf/printhost.c,sbin/ipf/libipf,33,PENDING,
b0601,hbsd/src/sbin/ipf/libipf/debug.c,sbin/ipf/libipf,42,PENDING,
b0601,hbsd/src/sbin/ipf/libipf/load_url.c,sbin/ipf/libipf,31,PENDING,
b0602,hbsd/src/lib/libcasper/services/cap_netdb/cap_netdb.c,lib/libcasper/services/cap_netdb,153,PENDING,
b0603,hbsd/src/lib/libc/stdlib/llabs.c,lib/libc/stdlib,35,PENDING,
b0603,hbsd/src/lib/libc/stdlib/imaxabs.c,lib/libc/stdlib,35,PENDING,
b0603,hbsd/src/lib/libc/stdlib/tdestroy.c,lib/libc/stdlib,68,PENDING,
b0603,hbsd/src/lib/libc/stdlib/hdestroy_r.c,lib/libc/stdlib,40,PENDING,
b0604,hbsd/src/usr.bin/mididump/mididump.c,usr.bin/mididump,320,PENDING,
b0605,hbsd/src/sbin/mount_cd9660/mount_cd9660.c,sbin/mount_cd9660,328,PENDING,
b0606,hbsd/src/sbin/geom/misc/subr.c,sbin/geom/misc,545,PENDING,
b0607,hbsd/src/sbin/umbctl/umbctl.c,sbin/umbctl,557,DEFERRED,
b0608,hbsd/src/lib/msun/src/s_sinpi.c,lib/msun/src,161,PENDING,
b0608,hbsd/src/lib/msun/src/s_rsqrtl.c,lib/msun/src,201,PENDING,
b0608,hbsd/src/lib/msun/src/s_ccosh.c,lib/msun/src,165,PENDING,
b0608,hbsd/src/lib/msun/src/s_csinh.c,lib/msun/src,165,PENDING,
b0609,hbsd/src/lib/msun/src/s_erff.c,lib/msun/src,178,PENDING,
b0609,hbsd/src/lib/msun/src/s_clogl.c,lib/msun/src,165,PENDING,
b0609,hbsd/src/lib/msun/src/s_log1p.c,lib/msun/src,176,PENDING,
b0609,hbsd/src/lib/msun/src/s_tanpi.c,lib/msun/src,176,PENDING,
b0610,hbsd/src/sbin/mdmfs/mdmfs.c,sbin/mdmfs,849,PENDING,
b0611,hbsd/src/sbin/nvmecontrol/power.c,sbin/nvmecontrol,205,PENDING,
b0611,hbsd/src/sbin/nvmecontrol/format.c,sbin/nvmecontrol,215,PENDING,
b0611,hbsd/src/sbin/nvmecontrol/devlist.c,sbin/nvmecontrol,253,PENDING,
b0611,hbsd/src/sbin/nvmecontrol/sanitize.c,sbin/nvmecontrol,221,PENDING,
b0612,hbsd/src/lib/libc/posix1e/acl_to_text_nfs4.c,lib/libc/posix1e,265,PENDING,
b0612,hbsd/src/lib/libc/posix1e/acl_support_nfs4.c,lib/libc/posix1e,260,PENDING,
b0612,hbsd/src/lib/libc/posix1e/acl_from_text_nfs4.c,lib/libc/posix1e,281,PENDING,
b0612,hbsd/src/lib/libc/posix1e/acl_to_text.c,lib/libc/posix1e,260,PENDING,
b0613,hbsd/src/lib/msun/src/e_j1f.c,lib/msun/src,335,PENDING,
b0613,hbsd/src/lib/msun/src/e_j0f.c,lib/msun/src,340,PENDING,
b0613,hbsd/src/lib/msun/src/catrigl.c,lib/msun/src,414,PENDING,
b0613,hbsd/src/lib/msun/src/e_lgamma_r.c,lib/msun/src,299,PENDING,
b0614,hbsd/src/lib/msun/src/s_erf.c,lib/msun/src,305,PENDING,
b0614,hbsd/src/lib/msun/src/s_exp2.c,lib/msun/src,396,PENDING,
b0614,hbsd/src/lib/msun/src/e_j1.c,lib/msun/src,379,PENDING,
b0614,hbsd/src/lib/msun/src/e_sqrt.c,lib/msun/src,455,PENDING,
b0615,hbsd/src/lib/libthr/thread/thr_list.c,lib/libthr/thread,365,DEFERRED,
b0615,hbsd/src/lib/libthr/thread/thr_rwlock.c,lib/libthr/thread,393,PENDING,
b0615,hbsd/src/lib/libthr/thread/thr_stack.c,lib/libthr/thread,349,DEFERRED,
b0615,hbsd/src/lib/libthr/thread/thr_cond.c,lib/libthr/thread,557,PENDING,
b0616,hbsd/src/sbin/mount_udf/mount_udf.c,sbin/mount_udf,166,PENDING,
b0617,hbsd/src/lib/libc/stdlib/hcreate.c,lib/libc/stdlib,72,VERIFIED,
b0617,hbsd/src/lib/libc/stdlib/hcreate_r.c,lib/libc/stdlib,60,PENDING,
b0617,hbsd/src/lib/libc/stdlib/recallocarray.c,lib/libc/stdlib,82,VERIFIED,
b0617,hbsd/src/lib/libc/stdlib/quick_exit.c,lib/libc/stdlib,77,PENDING,
b0618,hbsd/src/sbin/mount_msdosfs/mount_msdosfs.c,sbin/mount_msdosfs,321,PENDING,
b0619,hbsd/src/sbin/ggate/ggated/ggated.c,sbin/ggate/ggated,1149,DEFERRED,
b0620,hbsd/src/lib/libc/posix1e/acl_from_text.c,lib/libc/posix1e,312,PENDING,
b0620,hbsd/src/lib/libc/posix1e/mac.c,lib/libc/posix1e,447,DEFERRED,
b0620,hbsd/src/lib/libc/posix1e/acl_support.c,lib/libc/posix1e,415,PENDING,
b0621,hbsd/src/lib/libthr/thread/thr_mutex.c,lib/libthr/thread,1198,DEFERRED,
b0622,hbsd/src/lib/msun/src/e_j0.c,lib/msun/src,385,PENDING,
b0622,hbsd/src/lib/msun/src/k_rem_pio2.c,lib/msun/src,439,PENDING,
b0622,hbsd/src/lib/msun/src/catrig.c,lib/msun/src,652,PENDING,
b0623,hbsd/src/sys/geom/geom_dump.c,sys/geom,336,DEFERRED,
b0623,hbsd/src/sys/geom/geom_event.c,sys/geom,470,DEFERRED,
b0623,hbsd/src/sys/geom/geom_ctl.c,sys/geom,644,DEFERRED,
b0623,hbsd/src/sys/geom/geom_slice.c,sys/geom,557,DEFERRED,
b0624,hbsd/src/lib/libthr/thread/thr_attr.c,lib/libthr/thread,595,PENDING,
b0624,hbsd/src/lib/libthr/thread/thr_syscalls.c,lib/libthr/thread,707,PENDING,
b0624,hbsd/src/lib/libthr/thread/thr_init.c,lib/libthr/thread,515,DEFERRED,
b0624,hbsd/src/lib/libthr/thread/thr_sig.c,lib/libthr/thread,825,PENDING,
b0625,hbsd/src/usr.sbin/setpmac/setpmac.c,usr.sbin/setpmac,92,PENDING,
b0626,hbsd/src/sbin/ifconfig/ifipsec.c,sbin/ifconfig,98,PENDING,
b0626,hbsd/src/sbin/ifconfig/ifgif.c,sbin/ifconfig,114,PENDING,
b0626,hbsd/src/sbin/ifconfig/iffib.c,sbin/ifconfig,115,PENDING,
b0626,hbsd/src/sbin/ifconfig/ifmac.c,sbin/ifconfig,119,PENDING,
b0627,hbsd/src/sbin/zfsbootcfg/zfsbootcfg.c,sbin/zfsbootcfg,285,PENDING,
b0628,hbsd/src/usr.sbin/flowctl/flowctl.c,usr.sbin/flowctl,423,PENDING,
b0629,hbsd/src/sbin/hastd/proto.c,sbin/hastd,444,DEFERRED,
b0629,hbsd/src/sbin/hastd/lzf.c,sbin/hastd,408,DEFERRED,
b0629,hbsd/src/sbin/hastd/pjdlog.c,sbin/hastd,613,PENDING,
b0629,hbsd/src/sbin/hastd/control.c,sbin/hastd,520,DEFERRED,
b0630,hbsd/src/sbin/dhclient/conflex.c,sbin/dhclient,536,PENDING,
b0630,hbsd/src/sbin/dhclient/parse.c,sbin/dhclient,570,PENDING,
b0630,hbsd/src/sbin/dhclient/dispatch.c,sbin/dhclient,583,PENDING,
b0630,hbsd/src/sbin/dhclient/bpf.c,sbin/dhclient,517,PENDING,
b0631,hbsd/src/sbin/dhclient/tables.c,sbin/dhclient,449,PENDING,
b0631,hbsd/src/sbin/dhclient/options.c,sbin/dhclient,900,PENDING,
b0631,hbsd/src/sbin/dhclient/clparse.c,sbin/dhclient,961,PENDING,
b0631,hbsd/src/sbin/dhclient/dhclient.c,sbin/dhclient,2929,PENDING,
b0632,hbsd/src/lib/libc/isc/ev_streams.c,lib/libc/isc,314,PENDING,
b0632,hbsd/src/lib/libc/isc/ev_timers.c,lib/libc/isc,511,PENDING,
b0633,hbsd/src/sbin/ipf/ipfsync/ipsyncm.c,sbin/ipf/ipfsync,251,DEFERRED,
b0633,hbsd/src/sbin/ipf/ipfsync/ipsyncs.c,sbin/ipf/ipfsync,269,DEFERRED,
b0633,hbsd/src/sbin/ipf/ipfsync/ipfsyncd.c,sbin/ipf/ipfsync,667,PENDING,
b0634,hbsd/src/sys/netpfil/ipfilter/netinet/ip_netbios_pxy.c,sys/netpfil/ipfilter/netinet,113,PENDING,
b0634,hbsd/src/sys/netpfil/ipfilter/netinet/ip_rules.c,sys/netpfil/ipfilter/netinet,269,DEFERRED,
b0634,hbsd/src/sys/netpfil/ipfilter/netinet/ip_rcmd_pxy.c,sys/netpfil/ipfilter/netinet,326,PENDING,
b0634,hbsd/src/sys/netpfil/ipfilter/netinet/ip_raudio_pxy.c,sys/netpfil/ipfilter/netinet,328,PENDING,
b0635,hbsd/src/sbin/ipf/ipftest/md5.c,sbin/ipf/ipftest,301,DEFERRED,
b0635,hbsd/src/sbin/ipf/ipftest/ipftest.c,sbin/ipf/ipftest,710,PENDING,
b0635,hbsd/src/sbin/ipf/ipftest/ip_fil.c,sbin/ipf/ipftest,807,DEFERRED,
b0636,hbsd/src/sbin/ipf/ipf/ipf.c,sbin/ipf/ipf,573,PENDING,
b0636,hbsd/src/sbin/ipf/ipf/bpf_filter.c,sbin/ipf/ipf,577,PENDING,
b0636,hbsd/src/sbin/ipf/ipf/ipfcomp.c,sbin/ipf/ipf,1350,PENDING,
b0637,hbsd/src/sbin/ipf/libipf/bcopywrap.c,sbin/ipf/libipf,18,PENDING,
b0637,hbsd/src/sbin/ipf/libipf/initparse.c,sbin/ipf/libipf,19,DEFERRED,
b0637,hbsd/src/sbin/ipf/libipf/kmemcpywrap.c,sbin/ipf/libipf,21,PENDING,
b0637,hbsd/src/sbin/ipf/libipf/prependmbt.c,sbin/ipf/libipf,16,DEFERRED,
b0638,hbsd/src/sbin/ipf/libipf/printfieldhdr.c,sbin/ipf/libipf,53,PENDING,
b0638,hbsd/src/sbin/ipf/libipf/getifname.c,sbin/ipf/libipf,53,PENDING,
b0638,hbsd/src/sbin/ipf/libipf/parsefields.c,sbin/ipf/libipf,51,DEFERRED,
b0638,hbsd/src/sbin/ipf/libipf/remove_hash.c,sbin/ipf/libipf,47,PENDING,
b0639,hbsd/src/sbin/fsirand/fsirand.c,sbin/fsirand,235,PENDING,
b0640,hbsd/src/sbin/mount_fusefs/mount_fusefs.c,sbin/mount_fusefs,494,PENDING,
b0641,hbsd/src/sbin/ipf/ipnat/ipnat.c,sbin/ipf/ipnat,828,PENDING,
b0642,hbsd/src/sbin/ipf/ipfs/ipfs.c,sbin/ipf/ipfs,851,DEFERRED,
b0643,hbsd/src/sys/geom/geom_flashmap.c,sys/geom,225,DEFERRED,
b0643,hbsd/src/sys/geom/geom_bsd_enc.c,sys/geom,195,PENDING,
b0643,hbsd/src/sys/geom/geom_kern.c,sys/geom,236,PENDING,
b0643,hbsd/src/sys/geom/geom_vfs.c,sys/geom,340,PENDING,
b0644,hbsd/src/sbin/ipf/ippool/ippool.c,sbin/ipf/ippool,1127,PENDING,
b0645,hbsd/src/sys/kern/kern_ctf.c,sys/kern,345,PENDING,
b0645,hbsd/src/sys/kern/subr_syscall.c,sys/kern,304,PENDING,
b0645,hbsd/src/sys/kern/uipc_domain.c,sys/kern,395,DEFERRED,
b0645,hbsd/src/sys/kern/sys_eventfd.c,sys/kern,391,PENDING,
b0646,hbsd/src/sbin/ipf/ipfstat/ipfstat.c,sbin/ipf/ipfstat,2310,DEFERRED,
b0647,hbsd/src/sbin/fsck_ffs/pass1.c,sbin/fsck_ffs,606,PENDING,
b0647,hbsd/src/sbin/fsck_ffs/pass5.c,sbin/fsck_ffs,641,PENDING,
b0647,hbsd/src/sbin/fsck_ffs/main.c,sbin/fsck_ffs,736,PENDING,
b0647,hbsd/src/sbin/fsck_ffs/pass2.c,sbin/fsck_ffs,731,PENDING,
b0648,hbsd/src/sbin/fsck_ffs/dir.c,sbin/fsck_ffs,1039,PENDING,
b0648,hbsd/src/sbin/fsck_ffs/fsutil.c,sbin/fsck_ffs,1487,DEFERRED,
b0648,hbsd/src/sbin/fsck_ffs/inode.c,sbin/fsck_ffs,1493,DEFERRED,
b0648,hbsd/src/sbin/fsck_ffs/suj.c,sbin/fsck_ffs,2552,DEFERRED,
b0649,hbsd/src/sys/security/mac/mac_jail.c,sys/security/mac,67,PENDING,
b0649,hbsd/src/sys/security/mac/mac_kdb.c,sys/security/mac,78,PENDING,
b0649,hbsd/src/sys/security/mac/mac_priv.c,sys/security/mac,93,PENDING,
b0649,hbsd/src/sys/security/mac/mac_label.c,sys/security/mac,148,PENDING,
b0650,hbsd/src/sys/netinet/khelp/h_ertt.c,sys/netinet/khelp,547,DEFERRED,
b0651,hbsd/src/sys/fs/cd9660/cd9660_iconv.c,sys/fs/cd9660,35,DEFERRED,
b0651,hbsd/src/sys/fs/cd9660/cd9660_bmap.c,sys/fs/cd9660,94,PENDING,
b0651,hbsd/src/sys/fs/cd9660/cd9660_util.c,sys/fs/cd9660,217,PENDING,
b0651,hbsd/src/sys/fs/cd9660/cd9660_node.c,sys/fs/cd9660,299,PENDING,
b0652,hbsd/src/sys/kern/uipc_mbufhash.c,sys/kern,209,PENDING,
b0652,hbsd/src/sys/kern/subr_prof.c,sys/kern,186,PENDING,
b0652,hbsd/src/sys/kern/subr_busdma_bufalloc.c,sys/kern,167,PENDING,
b0652,hbsd/src/sys/kern/subr_pidctrl.c,sys/kern,154,PENDING,
b0653,hbsd/src/sys/kern/uipc_accf.c,sys/kern,311,DEFERRED,
b0653,hbsd/src/sys/kern/subr_rangeset.c,sys/kern,361,DEFERRED,
b0653,hbsd/src/sys/kern/imgact_shell.c,sys/kern,252,PENDING,
b0653,hbsd/src/sys/kern/subr_disk.c,sys/kern,299,DEFERRED,
b0654,hbsd/src/sbin/newfs_msdos/newfs_msdos.c,sbin/newfs_msdos,276,PENDING,
b0654,hbsd/src/sbin/newfs_msdos/mkfs_msdos.c,sbin/newfs_msdos,1107,PENDING,
b0655,hbsd/src/sbin/fsdb/fsdbutil.c,sbin/fsdb,245,PENDING,
b0655,hbsd/src/sbin/fsdb/fsdb.c,sbin/fsdb,1283,PENDING,
b0656,hbsd/src/sbin/savecore/savecore.c,sbin/savecore,1579,PENDING,
b0657,hbsd/src/sbin/fsck_msdosfs/main.c,sbin/fsck_msdosfs,162,PENDING,
b0657,hbsd/src/sbin/fsck_msdosfs/check.c,sbin/fsck_msdosfs,191,PENDING,
b0657,hbsd/src/sbin/fsck_msdosfs/boot.c,sbin/fsck_msdosfs,374,PENDING,
b0657,hbsd/src/sbin/fsck_msdosfs/dir.c,sbin/fsck_msdosfs,1179,PENDING,
b0658,hbsd/src/sys/amd64/vmm/vmm_util.c,sys/amd64/vmm,109,PENDING,
b0658,hbsd/src/sys/amd64/vmm/vmm_snapshot.c,sys/amd64/vmm,103,PENDING,
b0658,hbsd/src/sys/amd64/vmm/vmm_mem_machdep.c,sys/amd64/vmm,121,PENDING,
b0658,hbsd/src/sys/amd64/vmm/vmm_host.c,sys/amd64/vmm,167,PENDING,
b0659,hbsd/src/sys/security/mac/mac_vfs.c,sys/security/mac,1088,PENDING,
b0660,hbsd/src/sbin/fsck_msdosfs/fat.c,sbin/fsck_msdosfs,1337,DEFERRED,
b0661,hbsd/src/sys/kern/subr_mchain.c,sys/kern,554,PENDING,
b0661,hbsd/src/sys/kern/subr_trap.c,sys/kern,396,PENDING,
b0661,hbsd/src/sys/kern/subr_msgbuf.c,sys/kern,438,PENDING,
b0661,hbsd/src/sys/kern/uipc_debug.c,sys/kern,496,PENDING,
b0662,hbsd/src/sys/compat/linprocfs/linprocfs.c,sys/compat/linprocfs,2567,DEFERRED,
b0663,hbsd/src/sbin/ffsinfo/ffsinfo.c,sbin/ffsinfo,631,PENDING,
b0664,hbsd/src/sbin/tunefs/tunefs.c,sbin/tunefs,1123,PENDING,
b0665,hbsd/src/sbin/newfs/newfs.c,sbin/newfs,512,PENDING,
b0665,hbsd/src/sbin/newfs/mkfs.c,sbin/newfs,1226,PENDING,
b0666,hbsd/src/sys/kern/kern_cons.c,sys/kern,778,DEFERRED,
b0666,hbsd/src/sys/kern/vfs_init.c,sys/kern,623,DEFERRED,
b0666,hbsd/src/sys/kern/subr_bus_dma.c,sys/kern,702,PENDING,
b0666,hbsd/src/sys/kern/subr_devstat.c,sys/kern,644,DEFERRED,
b0667,hbsd/src/lib/libc/net/gethostnamadr.c,lib/libc/net,726,PENDING,
b0667,hbsd/src/lib/libc/net/rcmd.c,lib/libc/net,729,PENDING,
b0667,hbsd/src/lib/libc/net/gethostbydns.c,lib/libc/net,779,PENDING,
b0667,hbsd/src/lib/libc/net/nsdispatch.c,lib/libc/net,782,PENDING,
b0668,hbsd/src/lib/libc/amd64/gen/flt_rounds.c,lib/libc/amd64/gen,23,PENDING,
b0668,hbsd/src/lib/libc/amd64/gen/signalcontext.c,lib/libc/amd64/gen,105,PENDING,
b0668,hbsd/src/lib/libc/amd64/gen/makecontext.c,lib/libc/amd64/gen,106,PENDING,
b0669,hbsd/src/lib/libc/rpc/authunix_prot.c,lib/libc/rpc,71,PENDING,
b0669,hbsd/src/lib/libc/rpc/getrpcport.c,lib/libc/rpc,70,PENDING,
b0669,hbsd/src/lib/libc/rpc/rpcdname.c,lib/libc/rpc,75,PENDING,
b0669,hbsd/src/lib/libc/rpc/des_soft.c,lib/libc/rpc,65,VERIFIED,
b0670,hbsd/src/sbin/nos-tun/nos-tun.c,sbin/nos-tun,393,PENDING,
b0671,hbsd/src/sbin/ggate/shared/ggate.c,sbin/ggate/shared,409,DEFERRED,
b0672,hbsd/src/sys/amd64/amd64/io.c,sys/amd64/amd64,58,PENDING,
b0672,hbsd/src/sys/amd64/amd64/db_interface.c,sys/amd64/amd64,108,PENDING,
b0672,hbsd/src/sys/amd64/amd64/bios.c,sys/amd64/amd64,94,PENDING,
b0672,hbsd/src/sys/amd64/amd64/mem.c,sys/amd64/amd64,164,PENDING,
b0673,hbsd/src/lib/libcompat/4.3/re_comp.c,lib/libcompat/4.3,88,VERIFIED,
b0673,hbsd/src/lib/libcompat/4.3/rexec.c,lib/libcompat/4.3,383,PENDING,
b0674,hbsd/src/sbin/ipf/ipsend/sockraw.c,sbin/ipf/ipsend,86,PENDING,
b0674,hbsd/src/sbin/ipf/ipsend/44arp.c,sbin/ipf/ipsend,115,DEFERRED,
b0674,hbsd/src/sbin/ipf/ipsend/ipresend.c,sbin/ipf/ipsend,127,PENDING,
b0674,hbsd/src/sbin/ipf/ipsend/sbpf.c,sbin/ipf/ipsend,143,PENDING,
b0675,hbsd/src/sys/amd64/acpica/acpi_machdep.c,sys/amd64/acpica,287,PENDING,
b0675,hbsd/src/sys/amd64/acpica/acpi_wakeup.c,sys/amd64/acpica,460,PENDING,
b0676,hbsd/src/sys/amd64/amd64/gdb_machdep.c,sys/amd64/amd64,199,PENDING,
b0676,hbsd/src/sys/amd64/amd64/uio_machdep.c,sys/amd64/amd64,239,PENDING,
b0676,hbsd/src/sys/amd64/amd64/copyout.c,sys/amd64/amd64,197,DEFERRED,
b0676,hbsd/src/sys/amd64/amd64/ptrace_machdep.c,sys/amd64/amd64,429,PENDING,
b0677,hbsd/src/sys/amd64/amd64/db_trace.c,sys/amd64/amd64,376,PENDING,
b0677,hbsd/src/sys/amd64/amd64/minidump_machdep.c,sys/amd64/amd64,415,PENDING,
b0677,hbsd/src/sys/amd64/amd64/efirt_machdep.c,sys/amd64/amd64,400,PENDING,
b0677,hbsd/src/sys/amd64/amd64/initcpu.c,sys/amd64/amd64,433,PENDING,
b0678,hbsd/src/sbin/ipfw/altq.c,sbin/ipfw,152,DEFERRED,
b0678,hbsd/src/sbin/ipfw/nptv6.c,sbin/ipfw,454,PENDING,
b0678,hbsd/src/sbin/ipfw/ipv6.c,sbin/ipfw,522,PENDING,
b0678,hbsd/src/sbin/ipfw/nat64clat.c,sbin/ipfw,536,PENDING,
b0679,hbsd/src/sys/amd64/amd64/sys_machdep.c,sys/amd64/amd64,854,DEFERRED,
b0679,hbsd/src/sys/amd64/amd64/exec_machdep.c,sys/amd64/amd64,1024,PENDING,
b0679,hbsd/src/sys/amd64/amd64/mp_machdep.c,sys/amd64/amd64,1110,DEFERRED,
b0679,hbsd/src/sys/amd64/amd64/trap.c,sys/amd64/amd64,1297,PENDING,
b0680,hbsd/src/lib/libc/net/name6.c,lib/libc/net,1130,DEFERRED,
b0680,hbsd/src/lib/libc/net/getservent.c,lib/libc/net,1375,PENDING,
b0680,hbsd/src/lib/libc/net/sctp_sys_calls.c,lib/libc/net,1195,PENDING,
b0680,hbsd/src/lib/libc/net/getaddrinfo.c,lib/libc/net,3066,DEFERRED,
b0681,hbsd/src/sbin/ipf/libipf/v6optvalue.c,sbin/ipf/libipf,36,DEFERRED,
b0681,hbsd/src/sbin/ipf/libipf/printhostmask.c,sbin/ipf/libipf,36,PENDING,
b0681,hbsd/src/sbin/ipf/libipf/printhostmap.c,sbin/ipf/libipf,28,PENDING,
b0681,hbsd/src/sbin/ipf/libipf/getportproto.c,sbin/ipf/libipf,38,PENDING,
b0682,hbsd/src/usr.sbin/setaudit/setaudit.c,usr.sbin/setaudit,158,PENDING,
b0683,hbsd/src/sbin/ipf/libipf/optprintv6.c,sbin/ipf/libipf,45,PENDING,
b0683,hbsd/src/sbin/ipf/libipf/portname.c,sbin/ipf/libipf,42,PENDING,
b0683,hbsd/src/sbin/ipf/libipf/remove_pool.c,sbin/ipf/libipf,44,PENDING,
b0683,hbsd/src/sbin/ipf/libipf/connecttcp.c,sbin/ipf/libipf,48,PENDING,
b0684,hbsd/src/sbin/ipf/libipf/hostname.c,sbin/ipf/libipf,58,PENDING,
b0684,hbsd/src/sbin/ipf/libipf/printpacket6.c,sbin/ipf/libipf,57,PENDING,
b0684,hbsd/src/sbin/ipf/libipf/printpooldata.c,sbin/ipf/libipf,56,PENDING,
b0684,hbsd/src/sbin/ipf/libipf/gethost.c,sbin/ipf/libipf,73,PENDING,
b0685,hbsd/src/usr.bin/getaddrinfo/getaddrinfo.c,usr.bin/getaddrinfo,328,PENDING,
b0686,hbsd/src/sbin/ipf/libipf/printdstlistnode.c,sbin/ipf/libipf,75,PENDING,
b0686,hbsd/src/sbin/ipf/libipf/getport.c,sbin/ipf/libipf,87,PENDING,
b0686,hbsd/src/sbin/ipf/libipf/printdstl_live.c,sbin/ipf/libipf,83,PENDING,
b0686,hbsd/src/sbin/ipf/libipf/load_poolnode.c,sbin/ipf/libipf,84,PENDING,
b0687,hbsd/src/sbin/ipf/ipsend/resend.c,sbin/ipf/ipsend,133,PENDING,
b0687,hbsd/src/sbin/ipf/ipsend/arp.c,sbin/ipf/ipsend,129,DEFERRED,
b0687,hbsd/src/sbin/ipf/ipsend/snit.c,sbin/ipf/ipsend,155,PENDING,
b0687,hbsd/src/sbin/ipf/ipsend/sdlpi.c,sbin/ipf/ipsend,161,PENDING,
b0688,hbsd/src/sbin/pflowctl/pflowctl.c,sbin/pflowctl,602,PENDING,
b0689,hbsd/src/lib/libc/rpc/netname.c,lib/libc/rpc,137,PENDING,
b0689,hbsd/src/lib/libc/rpc/bindresvport.c,lib/libc/rpc,151,VERIFIED,
b0689,hbsd/src/lib/libc/rpc/rtime.c,lib/libc/rpc,152,VERIFIED,
b0689,hbsd/src/lib/libc/rpc/getpublickey.c,lib/libc/rpc,167,PENDING,
b0690,hbsd/src/lib/libc/rpc/key_prot_xdr.c,lib/libc/rpc,175,PENDING,
b0690,hbsd/src/lib/libc/rpc/pmap_prot2.c,lib/libc/rpc,133,PENDING,
b0690,hbsd/src/lib/libc/rpc/auth_none.c,lib/libc/rpc,170,PENDING,
b0690,hbsd/src/lib/libc/rpc/svc_auth_unix.c,lib/libc/rpc,146,PENDING,
b0691,hbsd/src/sbin/dumpon/dumpon.c,sbin/dumpon,706,PENDING,
b0692,hbsd/src/lib/libcasper/services/cap_dns/cap_dns.c,lib/libcasper/services/cap_dns,767,PENDING,
b0693,hbsd/src/sbin/dump/unctime.c,sbin/dump,50,VERIFIED,
b0693,hbsd/src/sbin/dump/cache.c,sbin/dump,144,PENDING,
b0693,hbsd/src/sbin/dump/itime.c,sbin/dump,260,DEFERRED,
b0693,hbsd/src/sbin/dump/dumprmt.c,sbin/dump,368,PENDING,
b0694,hbsd/src/sys/amd64/linux32/linux32_genassym.c,sys/amd64/linux32,30,DEFERRED,
b0694,hbsd/src/sys/amd64/linux32/linux32_dummy_machdep.c,sys/amd64/linux32,64,DEFERRED,
b0694,hbsd/src/sys/amd64/linux32/linux32_vdso_gtod.c,sys/amd64/linux32,161,DEFERRED,
b0694,hbsd/src/sys/amd64/linux32/linux32_machdep.c,sys/amd64/linux32,614,PENDING,
b0695,hbsd/src/sbin/ifconfig/af_nd6.c,sbin/ifconfig,173,PENDING,
b0695,hbsd/src/sbin/ifconfig/ifclone.c,sbin/ifconfig,186,DEFERRED,
b0695,hbsd/src/sbin/ifconfig/af_link.c,sbin/ifconfig,270,PENDING,
b0695,hbsd/src/sbin/ifconfig/carp.c,sbin/ifconfig,298,PENDING,
b0696,hbsd/src/sbin/ipf/ipsend/ipsopt.c,sbin/ipf/ipsend,187,PENDING,
b0696,hbsd/src/sbin/ipf/ipsend/iptest.c,sbin/ipf/ipsend,191,PENDING,
b0696,hbsd/src/sbin/ipf/ipsend/sock.c,sbin/ipf/ipsend,308,PENDING,
b0696,hbsd/src/sbin/ipf/ipsend/ip.c,sbin/ipf/ipsend,346,PENDING,
b0697,hbsd/src/sbin/ipf/ipmon/ipmon.c,sbin/ipf/ipmon,1844,PENDING,
b0698,hbsd/src/sbin/natd/icmp.c,sbin/natd,124,DEFERRED,
b0698,hbsd/src/sbin/natd/natd.c,sbin/natd,2048,SKIPPED,
b0699,hbsd/src/sbin/hastd/proto_tcp.c,sbin/hastd,636,PENDING,
b0699,hbsd/src/sbin/hastd/activemap.c,sbin/hastd,699,DEFERRED,
b0699,hbsd/src/sbin/hastd/nv.c,sbin/hastd,961,PENDING,
b0699,hbsd/src/sbin/hastd/secondary.c,sbin/hastd,928,DEFERRED,
b0700,hbsd/src/lib/libc/resolv/res_query.c,lib/libc/resolv,478,PENDING,
b0700,hbsd/src/lib/libc/resolv/res_findzonecut.c,lib/libc/resolv,723,PENDING,
b0700,hbsd/src/lib/libc/resolv/res_init.c,lib/libc/resolv,867,PENDING,
b0700,hbsd/src/lib/libc/resolv/res_mkupdate.c,lib/libc/resolv,1190,PENDING,
b0701,hbsd/src/sbin/ipfw/nat64stl.c,sbin/ipfw,552,PENDING,
b0701,hbsd/src/sbin/ipfw/main.c,sbin/ipfw,712,PENDING,
b0701,hbsd/src/sbin/ipfw/nat64lsn.c,sbin/ipfw,901,PENDING,
b0701,hbsd/src/sbin/ipfw/nat.c,sbin/ipfw,1199,PENDING,
b0702,hbsd/src/sys/amd64/amd64/fpu.c,sys/amd64/amd64,1403,DEFERRED,
b0702,hbsd/src/sys/amd64/amd64/db_disasm.c,sys/amd64/amd64,1742,PENDING,
b0702,hbsd/src/sys/amd64/amd64/machdep.c,sys/amd64/amd64,1974,DEFERRED,
b0702,hbsd/src/sys/amd64/amd64/pmap.c,sys/amd64/amd64,12357,DEFERRED,
b0703,hbsd/src/usr.sbin/bhyvectl/aarch64/bhyvectl_machdep.c,usr.sbin/bhyvectl/aarch64,82,PENDING,
b0704,hbsd/src/usr.sbin/virtual_oss/virtual_oss_cmd/command.c,usr.sbin/virtual_oss/virtual_oss_cmd,104,PENDING,
b0705,hbsd/src/usr.bin/yes/yes.c,usr.bin/yes,106,PENDING,
b0706,hbsd/src/usr.bin/enigma/enigma.c,usr.bin/enigma,154,PENDING,
b0707,hbsd/src/sbin/ipf/libipf/save_nothing.c,sbin/ipf/libipf,59,PENDING,
b0707,hbsd/src/sbin/ipf/libipf/buildopts.c,sbin/ipf/libipf,48,PENDING,
b0707,hbsd/src/sbin/ipf/libipf/print_toif.c,sbin/ipf/libipf,45,PENDING,
b0707,hbsd/src/sbin/ipf/libipf/printnataddr.c,sbin/ipf/libipf,41,PENDING,
b0708,hbsd/src/usr.sbin/nvram/nvram.c,usr.sbin/nvram,224,PENDING,
b0709,hbsd/src/usr.bin/iconv/iconv.c,usr.bin/iconv,248,PENDING,
b0710,hbsd/src/sbin/ipf/libipf/addipopt.c,sbin/ipf/libipf,61,PENDING,
b0710,hbsd/src/sbin/ipf/libipf/ipoptsec.c,sbin/ipf/libipf,60,PENDING,
b0710,hbsd/src/sbin/ipf/libipf/printaddr.c,sbin/ipf/libipf,73,PENDING,
b0710,hbsd/src/sbin/ipf/libipf/printpool.c,sbin/ipf/libipf,60,PENDING,
b0711,hbsd/src/sbin/ipf/libipf/load_dstlistnode.c,sbin/ipf/libipf,67,PENDING,
b0711,hbsd/src/sbin/ipf/libipf/printpool_live.c,sbin/ipf/libipf,75,PENDING,
b0711,hbsd/src/sbin/ipf/libipf/printhash_live.c,sbin/ipf/libipf,72,PENDING,
b0711,hbsd/src/sbin/ipf/libipf/ionames.c,sbin/ipf/libipf,40,DEFERRED,
b0712,hbsd/src/sys/compat/ia32/ia32_genassym.c,sys/compat/ia32,39,DEFERRED,
b0712,hbsd/src/sys/compat/ia32/ia32_sysvec.c,sys/compat/ia32,243,PENDING,
b0713,hbsd/src/usr.bin/grdc/grdc.c,usr.bin/grdc,294,PENDING,
b0714,hbsd/src/usr.sbin/efitable/efitable.c,usr.sbin/efitable,295,PENDING,
b0715,hbsd/src/usr.bin/talk/get_addrs.c,usr.bin/talk,61,PENDING,
b0715,hbsd/src/usr.bin/talk/msgs.c,usr.bin/talk,76,PENDING,
b0715,hbsd/src/usr.bin/talk/talk.c,usr.bin/talk,70,PENDING,
b0715,hbsd/src/usr.bin/talk/get_iface.c,usr.bin/talk,97,PENDING,
b0716,hbsd/src/usr.sbin/pnfsdscopymr/pnfsdscopymr.c,usr.sbin/pnfsdscopymr,309,PENDING,
b0717,hbsd/src/usr.sbin/pnfsdsfile/pnfsdsfile.c,usr.sbin/pnfsdsfile,360,PENDING,
b0718,hbsd/src/sys/amd64/pci/pci_cfgreg.c,sys/amd64/pci,387,PENDING,
b0719,hbsd/src/sbin/ipf/libipf/load_hashnode.c,sbin/ipf/libipf,81,PENDING,
b0719,hbsd/src/sbin/ipf/libipf/save_file.c,sbin/ipf/libipf,123,PENDING,
b0719,hbsd/src/sbin/ipf/libipf/printpacket.c,sbin/ipf/libipf,110,PENDING,
b0719,hbsd/src/sbin/ipf/libipf/save_syslog.c,sbin/ipf/libipf,133,PENDING,
b0720,hbsd/src/sys/compat/linuxkpi/common/src/linux_mhi.c,sys/compat/linuxkpi/common/src,89,PENDING,
b0720,hbsd/src/sys/compat/linuxkpi/common/src/linux_fpu.c,sys/compat/linuxkpi/common/src,99,PENDING,
b0720,hbsd/src/sys/compat/linuxkpi/common/src/linux_shmemfs.c,sys/compat/linuxkpi/common/src,124,PENDING,
b0720,hbsd/src/sys/compat/linuxkpi/common/src/linux_hrtimer.c,sys/compat/linuxkpi/common/src,141,PENDING,
b0721,hbsd/src/sys/kern/subr_prng.c,sys/kern,128,DEFERRED,
b0721,hbsd/src/sys/kern/kern_context.c,sys/kern,127,PENDING,
b0721,hbsd/src/sys/kern/kern_lockstat.c,sys/kern,89,PENDING,
b0721,hbsd/src/sys/kern/subr_atomic64.c,sys/kern,147,DEFERRED,
b0722,hbsd/src/usr.bin/lastcomm/lastcomm.c,usr.bin/lastcomm,263,PENDING,
b0722,hbsd/src/usr.bin/lastcomm/readrec.c,usr.bin/lastcomm,262,PENDING,
b0723,hbsd/src/usr.bin/find/misc.c,usr.bin/find,107,PENDING,
b0723,hbsd/src/usr.bin/find/ls.c,usr.bin/find,119,PENDING,
b0723,hbsd/src/usr.bin/find/main.c,usr.bin/find,164,PENDING,
b0723,hbsd/src/usr.bin/find/find.c,usr.bin/find,243,VERIFIED,
b0724,hbsd/src/sbin/ipf/libipf/ipft_hx.c,sbin/ipf/libipf,177,PENDING,
b0724,hbsd/src/sbin/ipf/libipf/printnatfield.c,sbin/ipf/libipf,218,PENDING,
b0724,hbsd/src/sbin/ipf/libipf/icmptypes.c,sbin/ipf/libipf,107,DEFERRED,
b0724,hbsd/src/sbin/ipf/libipf/rwlock_emul.c,sbin/ipf/libipf,149,DEFERRED,
b0725,hbsd/src/usr.bin/bluetooth/rfcomm_sppd/rfcomm_sdp.c,usr.bin/bluetooth/rfcomm_sppd,267,PENDING,
b0725,hbsd/src/usr.bin/bluetooth/rfcomm_sppd/rfcomm_sppd.c,usr.bin/bluetooth/rfcomm_sppd,461,PENDING,
b0726,hbsd/src/lib/libc/rpc/pmap_rmt.c,lib/libc/rpc,161,PENDING,
b0726,hbsd/src/lib/libc/rpc/clnt_simple.c,lib/libc/rpc,202,PENDING,
b0726,hbsd/src/lib/libc/rpc/rpc_callmsg.c,lib/libc/rpc,199,PENDING,
b0726,hbsd/src/lib/libc/rpc/svc_auth.c,lib/libc/rpc,219,PENDING,
b0727,hbsd/src/sys/compat/x86bios/x86bios.c,sys/compat/x86bios,862,DEFERRED,
b0728,hbsd/src/usr.sbin/bluetooth/bthidcontrol/bthidcontrol.c,usr.sbin/bluetooth/bthidcontrol,217,PENDING,
b0728,hbsd/src/usr.sbin/bluetooth/bthidcontrol/hid.c,usr.sbin/bluetooth/bthidcontrol,216,PENDING,
b0728,hbsd/src/usr.sbin/bluetooth/bthidcontrol/sdp.c,usr.sbin/bluetooth/bthidcontrol,503,PENDING,
b0729,hbsd/src/sys/compat/linuxkpi/common/src/linuxkpi_80211_pm.c,sys/compat/linuxkpi/common/src,215,DEFERRED,
b0729,hbsd/src/sys/compat/linuxkpi/common/src/linux_simple_attr.c,sys/compat/linuxkpi/common/src,206,PENDING,
b0729,hbsd/src/sys/compat/linuxkpi/common/src/linux_seq_file.c,sys/compat/linuxkpi/common/src,292,PENDING,
b0729,hbsd/src/sys/compat/linuxkpi/common/src/linux_interrupt.c,sys/compat/linuxkpi/common/src,251,PENDING,
b0730,hbsd/src/usr.sbin/bluetooth/sdpcontrol/sdpcontrol.c,usr.sbin/bluetooth/sdpcontrol,221,PENDING,
b0730,hbsd/src/usr.sbin/bluetooth/sdpcontrol/search.c,usr.sbin/bluetooth/sdpcontrol,750,PENDING,
b0731,hbsd/src/sbin/ipf/libipf/ipft_pc.c,sbin/ipf/libipf,245,PENDING,
b0731,hbsd/src/sbin/ipf/libipf/printactivenat.c,sbin/ipf/libipf,159,PENDING,
b0731,hbsd/src/sbin/ipf/libipf/printstatefields.c,sbin/ipf/libipf,356,PENDING,
b0731,hbsd/src/sbin/ipf/libipf/printstate.c,sbin/ipf/libipf,216,PENDING,
b0732,hbsd/src/sys/amd64/pt/pt.c,sys/amd64/pt,1003,DEFERRED,
b0733,hbsd/src/sys/compat/linux/linux_vdso.c,sys/compat/linux,178,DEFERRED,
b0733,hbsd/src/sys/compat/linux/linux_timer.c,sys/compat/linux,213,PENDING,
b0733,hbsd/src/sys/compat/linux/linux_uid16.c,sys/compat/linux,286,PENDING,
b0733,hbsd/src/sys/compat/linux/linux_emul.c,sys/compat/linux,353,PENDING,
b0734,hbsd/src/sys/kern/ksched.c,sys/kern,272,PENDING,
b0734,hbsd/src/sys/kern/kern_membarrier.c,sys/kern,254,PENDING,
b0734,hbsd/src/sys/kern/sysv_ipc.c,sys/kern,253,PENDING,
b0734,hbsd/src/sys/kern/kern_loginclass.c,sys/kern,263,DEFERRED,
b0735,hbsd/src/sys/fs/ext2fs/ext2_subr.c,sys/fs/ext2fs,198,PENDING,
b0735,hbsd/src/sys/fs/ext2fs/ext2_balloc.c,sys/fs/ext2fs,320,PENDING,
b0735,hbsd/src/sys/fs/ext2fs/ext2_hash.c,sys/fs/ext2fs,328,PENDING,
b0735,hbsd/src/sys/fs/ext2fs/ext2_inode_cnv.c,sys/fs/ext2fs,336,PENDING,
b0736,hbsd/src/lib/libc/rpc/clnt_perror.c,lib/libc/rpc,318,PENDING,
b0736,hbsd/src/lib/libc/rpc/rpcb_prot.c,lib/libc/rpc,310,PENDING,
b0736,hbsd/src/lib/libc/rpc/rpc_prot.c,lib/libc/rpc,348,PENDING,
b0736,hbsd/src/lib/libc/rpc/svc_generic.c,lib/libc/rpc,311,PENDING,
b0737,hbsd/src/sys/kern/subr_devmap.c,sys/kern,335,PENDING,
b0737,hbsd/src/sys/kern/kern_ucoredump.c,sys/kern,308,DEFERRED,
b0737,hbsd/src/sys/kern/kern_khelp.c,sys/kern,367,DEFERRED,
b0737,hbsd/src/sys/kern/subr_eventhandler.c,sys/kern,328,DEFERRED,
b0738,hbsd/src/sbin/ipf/libipf/inet_addr.c,sbin/ipf/libipf,196,PENDING,
b0738,hbsd/src/sbin/ipf/libipf/parseipfexpr.c,sbin/ipf/libipf,277,PENDING,
b0738,hbsd/src/sbin/ipf/libipf/save_v1trap.c,sbin/ipf/libipf,443,PENDING,
b0738,hbsd/src/sbin/ipf/libipf/save_v2trap.c,sbin/ipf/libipf,444,PENDING,
b0739,hbsd/src/lib/libcasper/services/cap_net/cap_net.c,lib/libcasper/services/cap_net,1469,PENDING,
b0740,hbsd/src/usr.bin/primes/spsp.c,usr.bin/primes,198,PENDING,
b0740,hbsd/src/usr.bin/primes/primes.c,usr.bin/primes,322,PENDING,
b0740,hbsd/src/usr.bin/primes/pattern.c,usr.bin/primes,436,DEFERRED,
b0740,hbsd/src/usr.bin/primes/pr_tbl.c,usr.bin/primes,540,DEFERRED,
b0741,hbsd/src/sys/kern/subr_fattime.c,sys/kern,309,PENDING,
b0741,hbsd/src/sys/kern/subr_pcpu.c,sys/kern,425,DEFERRED,
b0741,hbsd/src/sys/kern/kern_xxx.c,sys/kern,425,PENDING,
b0741,hbsd/src/sys/kern/subr_clock.c,sys/kern,382,PENDING,
b0742,hbsd/src/sys/cam/ctl/ctl_scsi_all.c,sys/cam/ctl,202,PENDING,
b0742,hbsd/src/sys/cam/ctl/ctl_tpc_local.c,sys/cam/ctl,328,DEFERRED,
b0742,hbsd/src/sys/cam/ctl/ctl_frontend.c,sys/cam/ctl,388,DEFERRED,
b0742,hbsd/src/sys/cam/ctl/ctl_frontend_ioctl.c,sys/cam/ctl,648,DEFERRED,
b0743,hbsd/src/sbin/ifconfig/iflagg.c,sbin/ifconfig,342,PENDING,
b0743,hbsd/src/sbin/ifconfig/ifvlan.c,sbin/ifconfig,332,PENDING,
b0743,hbsd/src/sbin/ifconfig/ifpfsync.c,sbin/ifconfig,425,PENDING,
b0743,hbsd/src/sbin/ifconfig/ifmedia.c,sbin/ifconfig,483,PENDING,
b0744,hbsd/src/sys/fs/autofs/autofs_vfsops.c,sys/fs/autofs,218,DEFERRED,
b0744,hbsd/src/sys/fs/autofs/autofs_vnops.c,sys/fs/autofs,707,DEFERRED,
b0744,hbsd/src/sys/fs/autofs/autofs.c,sys/fs/autofs,702,DEFERRED,
b0745,hbsd/src/sys/amd64/ia32/ia32_misc.c,sys/amd64/ia32,68,PENDING,
b0745,hbsd/src/sys/amd64/ia32/ia32_syscall.c,sys/amd64/ia32,299,DEFERRED,
b0745,hbsd/src/sys/amd64/ia32/ia32_reg.c,sys/amd64/ia32,313,PENDING,
b0745,hbsd/src/sys/amd64/ia32/ia32_signal.c,sys/amd64/ia32,990,PENDING,
b0746,hbsd/src/sys/fs/smbfs/smbfs_subr.c,sys/fs/smbfs,203,PENDING,
b0746,hbsd/src/sys/fs/smbfs/smbfs_vfsops.c,sys/fs/smbfs,402,DEFERRED,
b0746,hbsd/src/sys/fs/smbfs/smbfs_node.c,sys/fs/smbfs,402,PENDING,
b0746,hbsd/src/sys/fs/smbfs/smbfs_io.c,sys/fs/smbfs,664,PENDING,
b0747,hbsd/src/sys/fs/p9fs/p9_transport.c,sys/fs/p9fs,69,DEFERRED,
b0747,hbsd/src/sys/fs/p9fs/p9fs_subr.c,sys/fs/p9fs,411,DEFERRED,
b0747,hbsd/src/sys/fs/p9fs/p9_protocol.c,sys/fs/p9fs,632,PENDING,
b0747,hbsd/src/sys/fs/p9fs/p9fs_vfsops.c,sys/fs/p9fs,610,DEFERRED,
b0748,hbsd/src/sys/cam/cam_sim.c,sys/cam,212,PENDING,
b0748,hbsd/src/sys/cam/cam_queue.c,sys/cam,370,PENDING,
b0748,hbsd/src/sys/cam/cam_compat.c,sys/cam,468,PENDING,
b0748,hbsd/src/sys/cam/cam.c,sys/cam,692,PENDING,
b0749,hbsd/src/sys/amd64/vmm/vmm_ioport.c,sys/amd64/vmm,216,PENDING,
b0749,hbsd/src/sys/amd64/vmm/vmm_lapic.c,sys/amd64/vmm,239,PENDING,
b0749,hbsd/src/sys/amd64/vmm/vmm_dev_machdep.c,sys/amd64/vmm,596,PENDING,
b0749,hbsd/src/sys/amd64/vmm/x86.c,sys/amd64/vmm,769,PENDING,
b0750,hbsd/src/sys/kern/kern_condvar.c,sys/kern,475,PENDING,
b0750,hbsd/src/sys/kern/kern_uuid.c,sys/kern,452,PENDING,
b0750,hbsd/src/sys/kern/kern_ktr.c,sys/kern,481,DEFERRED,
b0750,hbsd/src/sys/kern/kern_osd.c,sys/kern,443,DEFERRED,
b0751,hbsd/src/sys/fs/devfs/devfs_dir.c,sys/fs/devfs,175,DEFERRED,
b0751,hbsd/src/sys/fs/devfs/devfs_vfsops.c,sys/fs/devfs,244,PENDING,
b0751,hbsd/src/sys/fs/devfs/devfs_devs.c,sys/fs/devfs,751,DEFERRED,
b0751,hbsd/src/sys/fs/devfs/devfs_rule.c,sys/fs/devfs,822,DEFERRED,
b0752,hbsd/src/sys/fs/cuse/cuse.c,sys/fs/cuse,2036,DEFERRED,
b0753,hbsd/src/sys/kern/subr_filter.c,sys/kern,473,PENDING,
b0753,hbsd/src/sys/kern/subr_uio.c,sys/kern,573,PENDING,
b0753,hbsd/src/sys/kern/kern_kthread.c,sys/kern,526,PENDING,
b0753,hbsd/src/sys/kern/kern_dump.c,sys/kern,533,PENDING,
b0754,hbsd/src/sys/fs/pseudofs/pseudofs_fileno.c,sys/fs/pseudofs,157,PENDING,
b0754,hbsd/src/sys/fs/pseudofs/pseudofs_vncache.c,sys/fs/pseudofs,362,DEFERRED,
b0754,hbsd/src/sys/fs/pseudofs/pseudofs.c,sys/fs/pseudofs,554,DEFERRED,
b0754,hbsd/src/sys/fs/pseudofs/pseudofs_vnops.c,sys/fs/pseudofs,1197,DEFERRED,
b0755,hbsd/src/lib/libc/resolv/res_send.c,lib/libc/resolv,1144,PENDING,
b0755,hbsd/src/lib/libc/resolv/res_debug.c,lib/libc/resolv,1234,PENDING,
b0756,hbsd/src/sbin/ifconfig/ifconfig_netlink.c,sbin/ifconfig,495,PENDING,
b0756,hbsd/src/sbin/ifconfig/af_inet.c,sbin/ifconfig,553,PENDING,
b0756,hbsd/src/sbin/ifconfig/ifvxlan.c,sbin/ifconfig,645,PENDING,
b0756,hbsd/src/sbin/ifconfig/af_inet6.c,sbin/ifconfig,797,PENDING,
b0757,hbsd/src/sys/fs/cd9660/cd9660_lookup.c,sys/fs/cd9660,463,PENDING,
b0757,hbsd/src/sys/fs/cd9660/cd9660_rrip.c,sys/fs/cd9660,694,PENDING,
b0757,hbsd/src/sys/fs/cd9660/cd9660_vnops.c,sys/fs/cd9660,870,PENDING,
b0757,hbsd/src/sys/fs/cd9660/cd9660_vfsops.c,sys/fs/cd9660,850,PENDING,
b0758,hbsd/src/sys/fs/msdosfs/msdosfs_iconv.c,sys/fs/msdosfs,35,DEFERRED,
b0758,hbsd/src/sys/fs/msdosfs/msdosfs_denode.c,sys/fs/msdosfs,683,PENDING,
b0758,hbsd/src/sys/fs/msdosfs/msdosfs_lookup.c,sys/fs/msdosfs,1100,PENDING,
b0758,hbsd/src/sys/fs/msdosfs/msdosfs_conv.c,sys/fs/msdosfs,1181,PENDING,
b0759,hbsd/src/sbin/ipf/ipsend/ipsend.c,sbin/ipf/ipsend,415,PENDING,
b0759,hbsd/src/sbin/ipf/ipsend/dlcommon.c,sbin/ipf/ipsend,1282,PENDING,
b0759,hbsd/src/sbin/ipf/ipsend/iptests.c,sbin/ipf/ipsend,1365,PENDING,
b0760,hbsd/src/sbin/dump/optr.c,sbin/dump,423,DEFERRED,
b0760,hbsd/src/sbin/dump/main.c,sbin/dump,783,PENDING,
b0760,hbsd/src/sbin/dump/tape.c,sbin/dump,893,PENDING,
b0760,hbsd/src/sbin/dump/traverse.c,sbin/dump,998,PENDING,
b0761,hbsd/src/sbin/hastd/hastd.c,sbin/hastd,1337,DEFERRED,
b0761,hbsd/src/sbin/hastd/primary.c,sbin/hastd,2450,DEFERRED,
b0762,hbsd/src/sys/geom/geom_dev.c,sys/geom,918,DEFERRED,
b0762,hbsd/src/sys/geom/geom_ccd.c,sys/geom,930,DEFERRED,
b0762,hbsd/src/sys/geom/geom_disk.c,sys/geom,1120,DEFERRED,
b0762,hbsd/src/sys/geom/geom_io.c,sys/geom,1090,DEFERRED,
b0763,hbsd/src/sbin/ping/utils.c,sbin/ping,84,VERIFIED,
b0763,hbsd/src/sbin/ping/main.c,sbin/ping,300,PENDING,
b0763,hbsd/src/sbin/ping/ping.c,sbin/ping,1691,PENDING,
b0763,hbsd/src/sbin/ping/ping6.c,sbin/ping,2778,DEFERRED,
b0764,hbsd/src/sys/amd64/linux/linux_syscalls.c,sys/amd64/linux,462,DEFERRED,
b0764,hbsd/src/sys/amd64/linux/linux_sysvec.c,sys/amd64/linux,971,DEFERRED,
b0764,hbsd/src/sys/amd64/linux/linux_sysent.c,sys/amd64/linux,471,DEFERRED,
b0764,hbsd/src/sys/amd64/linux/linux_systrace_args.c,sys/amd64/linux,8833,PENDING,
b0765,hbsd/src/usr.sbin/clear_locks/clear_locks.c,usr.sbin/clear_locks,70,PENDING,
b0766,hbsd/src/usr.bin/head/head.c,usr.bin/head,215,PENDING,
b0767,hbsd/src/sys/x86/x86/sdt_machdep.c,sys/x86/x86,84,PENDING,
b0767,hbsd/src/sys/x86/x86/bus_machdep.c,sys/x86/x86,61,PENDING,
b0767,hbsd/src/sys/x86/x86/fdt_machdep.c,sys/x86/x86,74,PENDING,
b0767,hbsd/src/sys/x86/x86/dump_machdep.c,sys/x86/x86,80,PENDING,
b0768,hbsd/src/sbin/ipf/libipf/printpoolnode.c,sbin/ipf/libipf,67,PENDING,
b0768,hbsd/src/sbin/ipf/libipf/load_dstlist.c,sbin/ipf/libipf,66,PENDING,
b0768,hbsd/src/sbin/ipf/libipf/kmem.c,sbin/ipf/libipf,109,PENDING,
b0768,hbsd/src/sbin/ipf/libipf/optprint.c,sbin/ipf/libipf,81,PENDING,
b0769,hbsd/src/sys/geom/label/g_label_swaplinux.c,sys/geom/label,91,PENDING,
b0769,hbsd/src/sys/geom/label/g_label_flashmap.c,sys/geom/label,72,PENDING,
b0769,hbsd/src/sys/geom/label/g_label_iso9660.c,sys/geom/label,78,PENDING,
b0769,hbsd/src/sys/geom/label/g_label_disk_ident.c,sys/geom/label,84,PENDING,
b0770,hbsd/src/sbin/ipf/libipf/load_pool.c,sbin/ipf/libipf,69,PENDING,
b0770,hbsd/src/sbin/ipf/libipf/load_file.c,sbin/ipf/libipf,96,PENDING,
b0770,hbsd/src/sbin/ipf/libipf/ipf_dotuning.c,sbin/ipf/libipf,70,DEFERRED,
b0770,hbsd/src/sbin/ipf/libipf/alist_new.c,sbin/ipf/libipf,93,PENDING,
b0771,hbsd/src/sbin/ipf/libipf/load_hash.c,sbin/ipf/libipf,99,PENDING,
b0771,hbsd/src/sbin/ipf/libipf/printhashnode.c,sbin/ipf/libipf,93,PENDING,
b0771,hbsd/src/sbin/ipf/libipf/printhashdata.c,sbin/ipf/libipf,107,PENDING,
b0771,hbsd/src/sbin/ipf/libipf/printnatside.c,sbin/ipf/libipf,53,PENDING,
b0772,hbsd/src/usr.sbin/hbsdcontrol/hbsdcontrol.c,usr.sbin/hbsdcontrol,373,DEFERRED,
b0773,hbsd/src/sys/amd64/vmm/amd/svm_genassym.c,sys/amd64/vmm/amd,49,DEFERRED,
b0773,hbsd/src/sys/amd64/vmm/amd/npt.c,sys/amd64/vmm/amd,85,PENDING,
b0773,hbsd/src/sys/amd64/vmm/amd/amdv.c,sys/amd64/vmm/amd,130,PENDING,
b0773,hbsd/src/sys/amd64/vmm/amd/svm_msr.c,sys/amd64/vmm/amd,185,PENDING,
b0774,hbsd/src/usr.sbin/bluetooth/rfcomm_pppd/rfcomm_pppd.c,usr.sbin/bluetooth/rfcomm_pppd,472,PENDING,
b0775,hbsd/src/sys/geom/label/g_label_ext2fs.c,sys/geom/label,104,PENDING,
b0775,hbsd/src/sys/geom/label/g_label_ntfs.c,sys/geom/label,185,PENDING,
b0775,hbsd/src/sys/geom/label/g_label_gpt.c,sys/geom/label,166,PENDING,
b0775,hbsd/src/sys/geom/label/g_label_ufs.c,sys/geom/label,206,DEFERRED,
b0776,hbsd/src/sys/compat/linuxkpi/common/src/linux_shrinker.c,sys/compat/linuxkpi/common/src,156,DEFERRED,
b0776,hbsd/src/sys/compat/linuxkpi/common/src/linux_kthread.c,sys/compat/linuxkpi/common/src,181,PENDING,
b0776,hbsd/src/sys/compat/linuxkpi/common/src/linux_lock.c,sys/compat/linuxkpi/common/src,184,DEFERRED,
b0776,hbsd/src/sys/compat/linuxkpi/common/src/linux_dmi.c,sys/compat/linuxkpi/common/src,147,DEFERRED,
b0777,hbsd/src/sys/kern/subr_counter.c,sys/kern,242,PENDING,
b0777,hbsd/src/sys/kern/posix4_mib.c,sys/kern,175,DEFERRED,
b0777,hbsd/src/sys/kern/kern_physio.c,sys/kern,207,PENDING,
b0777,hbsd/src/sys/kern/kern_mtxpool.c,sys/kern,186,DEFERRED,
b0778,hbsd/src/sys/compat/lindebugfs/lindebugfs.c,sys/compat/lindebugfs,832,DEFERRED,
b0779,hbsd/src/usr.sbin/rtadvctl/rtadvctl.c,usr.sbin/rtadvctl,924,DEFERRED,
b0780,hbsd/src/sbin/quotacheck/preen.c,sbin/quotacheck,282,DEFERRED,
b0780,hbsd/src/sbin/quotacheck/quotacheck.c,sbin/quotacheck,706,PENDING,
b0781,hbsd/src/lib/libc/rpc/rpcb_st_xdr.c,lib/libc/rpc,259,PENDING,
b0781,hbsd/src/lib/libc/rpc/svc_raw.c,lib/libc/rpc,263,PENDING,
b0781,hbsd/src/lib/libc/rpc/netnamer.c,lib/libc/rpc,319,PENDING,
b0781,hbsd/src/lib/libc/rpc/clnt_raw.c,lib/libc/rpc,291,PENDING,
b0782,hbsd/src/sys/compat/linuxkpi/common/src/linux_tasklet.c,sys/compat/linuxkpi/common/src,277,DEFERRED,
b0782,hbsd/src/sys/compat/linuxkpi/common/src/linux_devres.c,sys/compat/linuxkpi/common/src,291,PENDING,
b0782,hbsd/src/sys/compat/linuxkpi/common/src/linux_firmware.c,sys/compat/linuxkpi/common/src,248,PENDING,
b0782,hbsd/src/sys/compat/linuxkpi/common/src/linux_kobject.c,sys/compat/linuxkpi/common/src,354,PENDING,
b0783,hbsd/src/lib/libc/rpc/svc_simple.c,lib/libc/rpc,308,PENDING,
b0783,hbsd/src/lib/libc/rpc/getnetpath.c,lib/libc/rpc,267,PENDING,
b0783,hbsd/src/lib/libc/rpc/auth_unix.c,lib/libc/rpc,365,PENDING,
b0783,hbsd/src/lib/libc/rpc/svc_nl.c,lib/libc/rpc,373,PENDING,
b0784,hbsd/src/sys/geom/raid/g_raid_ctl.c,sys/geom/raid,247,DEFERRED,
b0784,hbsd/src/sys/geom/raid/tr_raid0.c,sys/geom/raid,335,PENDING,
b0784,hbsd/src/sys/geom/raid/tr_concat.c,sys/geom/raid,350,PENDING,
b0784,hbsd/src/sys/geom/raid/tr_raid5.c,sys/geom/raid,419,PENDING,
b0785,hbsd/src/sbin/setkey/test-policy.c,sbin/setkey,160,PENDING,
b0785,hbsd/src/sbin/setkey/test-pfkey.c,sbin/setkey,532,PENDING,
b0785,hbsd/src/sbin/setkey/setkey.c,sbin/setkey,669,PENDING,
b0786,hbsd/src/sys/compat/linuxkpi/common/src/linux_current.c,sys/compat/linuxkpi/common/src,337,DEFERRED,
b0786,hbsd/src/sys/compat/linuxkpi/common/src/linux_i2cbb.c,sys/compat/linuxkpi/common/src,325,DEFERRED,
b0786,hbsd/src/sys/compat/linuxkpi/common/src/linux_slab.c,sys/compat/linuxkpi/common/src,390,PENDING,
b0786,hbsd/src/sys/compat/linuxkpi/common/src/linux_i2c.c,sys/compat/linuxkpi/common/src,381,DEFERRED,
b0787,hbsd/src/sys/amd64/vmm/intel/vmx_genassym.c,sys/amd64/vmm/intel,84,DEFERRED,
b0787,hbsd/src/sys/amd64/vmm/intel/ept.c,sys/amd64/vmm/intel,203,PENDING,
b0787,hbsd/src/sys/amd64/vmm/intel/vmx_msr.c,sys/amd64/vmm/intel,511,PENDING,
b0787,hbsd/src/sys/amd64/vmm/intel/vmcs.c,sys/amd64/vmm/intel,643,PENDING,
b0788,hbsd/src/sys/compat/linuxkpi/common/src/linux_acpi.c,sys/compat/linuxkpi/common/src,382,DEFERRED,
b0788,hbsd/src/sys/compat/linuxkpi/common/src/linux_skbuff.c,sys/compat/linuxkpi/common/src,361,DEFERRED,
b0788,hbsd/src/sys/compat/linuxkpi/common/src/linux_schedule.c,sys/compat/linuxkpi/common/src,475,PENDING,
b0788,hbsd/src/sys/compat/linuxkpi/common/src/linux_xarray.c,sys/compat/linuxkpi/common/src,446,PENDING,
b0789,hbsd/src/sys/geom/geom_subr.c,sys/geom,1681,DEFERRED,
b0790,hbsd/src/sys/kern/kern_sharedpage.c,sys/kern,409,DEFERRED,
b0790,hbsd/src/sys/kern/subr_capability.c,sys/kern,387,PENDING,
b0790,hbsd/src/sys/kern/subr_rtc.c,sys/kern,424,DEFERRED,
b0790,hbsd/src/sys/kern/tty_compat.c,sys/kern,482,PENDING,
b0791,hbsd/src/sys/compat/linux/linux_util.c,sys/compat/linux,341,DEFERRED,
b0791,hbsd/src/sys/compat/linux/linux_xattr.c,sys/compat/linux,460,PENDING,
b0791,hbsd/src/sys/compat/linux/linux_mmap.c,sys/compat/linux,425,PENDING,
b0791,hbsd/src/sys/compat/linux/linux_fork.c,sys/compat/linux,549,PENDING,
b0792,hbsd/src/sbin/pfctl/pfctl_radix.c,sbin/pfctl,466,PENDING,
b0792,hbsd/src/sbin/pfctl/pf_print_state.c,sbin/pfctl,461,PENDING,
b0792,hbsd/src/sbin/pfctl/pf_ruleset.c,sbin/pfctl,539,DEFERRED,
b0792,hbsd/src/sbin/pfctl/pfctl_qstats.c,sbin/pfctl,513,PENDING,
b0793,hbsd/src/sbin/restore/main.c,sbin/restore,364,PENDING,
b0793,hbsd/src/sbin/restore/utilities.c,sbin/restore,416,PENDING,
b0793,hbsd/src/sbin/restore/symtab.c,sbin/restore,609,PENDING,
b0793,hbsd/src/sbin/restore/interactive.c,sbin/restore,761,PENDING,
b0794,hbsd/src/sys/fs/devfs/devfs_vnops.c,sys/fs/devfs,2181,DEFERRED,
b0795,hbsd/src/sys/fs/ext2fs/ext2_acl.c,sys/fs/ext2fs,526,PENDING,
b0795,hbsd/src/sys/fs/ext2fs/ext2_bmap.c,sys/fs/ext2fs,500,PENDING,
b0795,hbsd/src/sys/fs/ext2fs/ext2_inode.c,sys/fs/ext2fs,647,PENDING,
b0795,hbsd/src/sys/fs/ext2fs/ext2_csum.c,sys/fs/ext2fs,742,PENDING,
b0796,hbsd/src/sys/fs/smbfs/smbfs_vnops.c,sys/fs/smbfs,1254,PENDING,
b0796,hbsd/src/sys/fs/smbfs/smbfs_smb.c,sys/fs/smbfs,1469,PENDING,
b0797,hbsd/src/sbin/route/route_netlink.c,sbin/route,913,PENDING,
b0797,hbsd/src/sbin/route/route.c,sbin/route,2026,DEFERRED,
b0798,hbsd/src/sys/compat/linuxkpi/common/src/linux_radix.c,sys/compat/linuxkpi/common/src,593,PENDING,
b0798,hbsd/src/sys/compat/linuxkpi/common/src/linux_idr.c,sys/compat/linuxkpi/common/src,820,DEFERRED,
b0798,hbsd/src/sys/compat/linuxkpi/common/src/linux_page.c,sys/compat/linuxkpi/common/src,797,DEFERRED,
b0798,hbsd/src/sys/compat/linuxkpi/common/src/linux_work.c,sys/compat/linuxkpi/common/src,789,DEFERRED,
b0799,hbsd/src/sys/fs/p9fs/p9_client.c,sys/fs/p9fs,1332,PENDING,
b0799,hbsd/src/sys/fs/p9fs/p9fs_vnops.c,sys/fs/p9fs,2277,DEFERRED,
b0800,hbsd/src/sbin/routed/main.c,sbin/routed,940,DEFERRED,
b0800,hbsd/src/sbin/routed/trace.c,sbin/routed,1009,DEFERRED,
b0800,hbsd/src/sbin/routed/radix.c,sbin/routed,886,PENDING,
b0800,hbsd/src/sbin/routed/output.c,sbin/routed,964,DEFERRED,
b0801,hbsd/src/sys/amd64/vmm/vmm.c,sys/amd64/vmm,2105,PENDING,
b0801,hbsd/src/sys/amd64/vmm/vmm_instruction_emul.c,sys/amd64/vmm,2940,PENDING,
b0802,hbsd/src/sbin/ifconfig/ifbridge.c,sbin/ifconfig,1059,PENDING,
b0802,hbsd/src/sbin/ifconfig/ifconfig.c,sbin/ifconfig,2176,DEFERRED,
b0802,hbsd/src/sbin/ifconfig/ifieee80211.c,sbin/ifconfig,6402,DEFERRED,
b0803,hbsd/src/sbin/ipfw/tables.c,sbin/ipfw,2096,PENDING,
b0803,hbsd/src/sbin/ipfw/dummynet.c,sbin/ipfw,2016,PENDING,
b0803,hbsd/src/sbin/ipfw/ipfw2.c,sbin/ipfw,6368,PENDING,
b0804,hbsd/src/sys/amd64/linux32/linux32_syscalls.c,sys/amd64/linux32,461,DEFERRED,
b0804,hbsd/src/sys/amd64/linux32/linux32_sysvec.c,sys/amd64/linux32,1068,DEFERRED,
b0804,hbsd/src/sys/amd64/linux32/linux32_sysent.c,sys/amd64/linux32,471,DEFERRED,
b0804,hbsd/src/sys/amd64/linux32/linux32_systrace_args.c,sys/amd64/linux32,10501,PENDING,
b0805,hbsd/src/sys/compat/freebsd32/freebsd32_misc.c,sys/compat/freebsd32,4236,DEFERRED,
b0805,hbsd/src/sys/compat/freebsd32/freebsd32_sysent.c,sys/compat/freebsd32,673,DEFERRED,
b0805,hbsd/src/sys/compat/freebsd32/freebsd32_systrace_args.c,sys/compat/freebsd32,11288,PENDING,
b0806,hbsd/src/sys/geom/zero/g_zero.c,sys/geom/zero,188,PENDING,
b0807,hbsd/src/sys/fs/procfs/procfs_status.c,sys/fs/procfs,189,PENDING,
b0807,hbsd/src/sys/fs/procfs/procfs.c,sys/fs/procfs,209,PENDING,
b0807,hbsd/src/sys/fs/procfs/procfs_map.c,sys/fs/procfs,240,PENDING,
b0808,hbsd/src/sbin/ipf/libipf/printpoolfield.c,sbin/ipf/libipf,165,PENDING,
b0808,hbsd/src/sbin/ipf/libipf/printaps.c,sbin/ipf/libipf,107,PENDING,
b0808,hbsd/src/sbin/ipf/libipf/printipfexpr.c,sbin/ipf/libipf,194,PENDING,
b0808,hbsd/src/sbin/ipf/libipf/load_http.c,sbin/ipf/libipf,207,PENDING,
b0809,hbsd/src/sys/geom/mountver/g_mountver.c,sys/geom/mountver,696,DEFERRED,
b0810,hbsd/src/sys/geom/label/g_label_msdosfs.c,sys/geom/label,225,PENDING,
b0810,hbsd/src/sys/geom/label/g_label.c,sys/geom/label,586,DEFERRED,
b0811,hbsd/src/sys/geom/nop/g_nop.c,sys/geom/nop,974,DEFERRED,
b0812,hbsd/src/sys/geom/uzip/g_uzip.c,sys/geom/uzip,990,DEFERRED,
b0813,hbsd/src/sys/geom/gate/g_gate.c,sys/geom/gate,1011,DEFERRED,
b0814,hbsd/src/sys/geom/cache/g_cache.c,sys/geom/cache,1012,DEFERRED,
b0815,hbsd/src/sys/geom/linux_lvm/g_linux_lvm.c,sys/geom/linux_lvm,1209,DEFERRED,
b0816,hbsd/src/sbin/nvmecontrol/discover.c,sbin/nvmecontrol,300,PENDING,
b0816,hbsd/src/sbin/nvmecontrol/connect.c,sbin/nvmecontrol,313,PENDING,
b0816,hbsd/src/sbin/nvmecontrol/comnd.c,sbin/nvmecontrol,341,DEFERRED,
b0816,hbsd/src/sbin/nvmecontrol/passthru.c,sbin/nvmecontrol,297,PENDING,
b0817,hbsd/src/sys/geom/concat/g_concat.c,sys/geom/concat,1271,DEFERRED,
b0818,hbsd/src/sys/geom/union/g_union.c,sys/geom/union,1400,DEFERRED,
b0819,hbsd/src/sys/kern/tty_outq.c,sys/kern,344,DEFERRED,
b0819,hbsd/src/sys/kern/subr_autoconf.c,sys/kern,316,DEFERRED,
b0819,hbsd/src/sys/kern/p1003_1b.c,sys/kern,381,DEFERRED,
b0819,hbsd/src/sys/kern/kern_pmc.c,sys/kern,368,DEFERRED,
b0820,hbsd/src/sys/amd64/vmm/io/vpmtmr.c,sys/amd64/vmm/io,118,PENDING,
b0820,hbsd/src/sys/amd64/vmm/io/iommu.c,sys/amd64/vmm/io,363,PENDING,
b0820,hbsd/src/sys/amd64/vmm/io/vatpit.c,sys/amd64/vmm/io,513,PENDING,
b0820,hbsd/src/sys/amd64/vmm/io/vioapic.c,sys/amd64/vmm/io,546,PENDING,
b0821,hbsd/src/sys/kern/sched_shim.c,sys/kern,316,DEFERRED,
b0821,hbsd/src/sys/kern/kern_jaildesc.c,sys/kern,409,DEFERRED,
b0821,hbsd/src/sys/kern/tty_info.c,sys/kern,400,DEFERRED,
b0821,hbsd/src/sys/kern/kern_priv.c,sys/kern,418,PENDING,
b0822,hbsd/src/sys/geom/multipath/g_multipath.c,sys/geom/multipath,1564,DEFERRED,
b0823,hbsd/src/sys/fs/fuse/fuse_main.c,sys/fs/fuse,178,DEFERRED,
b0823,hbsd/src/sys/fs/fuse/fuse_file.c,sys/fs/fuse,405,DEFERRED,
b0823,hbsd/src/sys/fs/fuse/fuse_node.c,sys/fs/fuse,609,DEFERRED,
b0823,hbsd/src/sys/fs/fuse/fuse_device.c,sys/fs/fuse,633,DEFERRED,
b0824,hbsd/src/usr.sbin/bhyvectl/amd64/bhyvectl_machdep.c,usr.sbin/bhyvectl/amd64,1888,PENDING,
b0825,hbsd/src/lib/libc/rpc/key_call.c,lib/libc/rpc,457,PENDING,
b0825,hbsd/src/lib/libc/rpc/auth_time.c,lib/libc/rpc,497,PENDING,
b0825,hbsd/src/lib/libc/rpc/clnt_generic.c,lib/libc/rpc,441,PENDING,
b0825,hbsd/src/lib/libc/rpc/rpc_soc.c,lib/libc/rpc,527,PENDING,
b0826,hbsd/src/sys/compat/linux/linux_elf.c,sys/compat/linux,545,PENDING,
b0826,hbsd/src/sys/compat/linux/linux_ptrace.c,sys/compat/linux,554,PENDING,
b0826,hbsd/src/sys/compat/linux/linux_mib.c,sys/compat/linux,580,DEFERRED,
b0826,hbsd/src/sys/compat/linux/linux_netlink.c,sys/compat/linux,612,PENDING,
b0827,hbsd/src/sys/kern/tty_inq.c,sys/kern,551,DEFERRED,
b0827,hbsd/src/sys/kern/subr_module.c,sys/kern,609,PENDING,
b0827,hbsd/src/sys/kern/vfs_acl.c,sys/kern,599,PENDING,
b0827,hbsd/src/sys/kern/sys_procdesc.c,sys/kern,574,PENDING,
b0828,hbsd/src/sys/kern/kern_kcov.c,sys/kern,577,DEFERRED,
b0828,hbsd/src/sys/kern/sys_timerfd.c,sys/kern,618,DEFERRED,
b0828,hbsd/src/sys/kern/kern_devctl.c,sys/kern,611,DEFERRED,
b0828,hbsd/src/sys/kern/kern_poll.c,sys/kern,582,DEFERRED,
b0829,hbsd/src/sys/geom/part/g_part_bsd.c,sys/geom/part,539,DEFERRED,
b0829,hbsd/src/sys/geom/part/g_part_apm.c,sys/geom/part,595,PENDING,
b0829,hbsd/src/sys/geom/part/g_part_mbr.c,sys/geom/part,626,DEFERRED,
b0829,hbsd/src/sys/geom/part/g_part_ebr.c,sys/geom/part,711,DEFERRED,
b0830,hbsd/src/sys/geom/eli/g_eli_privacy.c,sys/geom/eli,359,DEFERRED,
b0830,hbsd/src/sys/geom/eli/g_eli_key_cache.c,sys/geom/eli,384,DEFERRED,
b0830,hbsd/src/sys/geom/eli/g_eli_integrity.c,sys/geom/eli,587,DEFERRED,
b0830,hbsd/src/sys/geom/eli/g_eli_ctl.c,sys/geom/eli,1208,DEFERRED,
b0831,hbsd/src/sys/amd64/vmm/amd/amdviiommu.c,sys/amd64/vmm/amd,180,DEFERRED,
b0831,hbsd/src/sys/amd64/vmm/amd/vmcb.c,sys/amd64/vmm/amd,561,PENDING,
b0831,hbsd/src/sys/amd64/vmm/amd/ivrs_drv.c,sys/amd64/vmm/amd,761,DEFERRED,
b0831,hbsd/src/sys/amd64/vmm/amd/amdvi_hw.c,sys/amd64/vmm/amd,1379,DEFERRED,
b0832,hbsd/src/sys/fs/udf/udf_iconv.c,sys/fs/udf,35,DEFERRED,
b0832,hbsd/src/sys/fs/udf/osta.c,sys/fs/udf,506,PENDING,
b0832,hbsd/src/sys/fs/udf/udf_vfsops.c,sys/fs/udf,837,PENDING,
b0832,hbsd/src/sys/fs/udf/udf_vnops.c,sys/fs/udf,1508,PENDING,
b0833,hbsd/src/sys/geom/journal/g_journal_ufs.c,sys/geom/journal,110,DEFERRED,
b0833,hbsd/src/sys/geom/journal/g_journal.c,sys/geom/journal,3024,DEFERRED,
b0834,hbsd/src/sys/compat/linux/linux_event.c,sys/compat/linux,716,PENDING,
b0834,hbsd/src/sys/compat/linux/linux.c,sys/compat/linux,887,PENDING,
b0834,hbsd/src/sys/compat/linux/linux_time.c,sys/compat/linux,805,PENDING,
b0834,hbsd/src/sys/compat/linux/linux_stats.c,sys/compat/linux,768,PENDING,
b0835,hbsd/src/sys/kern/subr_lock.c,sys/kern,746,DEFERRED,
b0835,hbsd/src/sys/kern/imgact_binmisc.c,sys/kern,781,DEFERRED,
b0835,hbsd/src/sys/kern/tty_pts.c,sys/kern,870,DEFERRED,
b0835,hbsd/src/sys/kern/vfs_extattr.c,sys/kern,852,PENDING,
b0836,hbsd/src/sbin/restore/dirs.c,sbin/restore,812,PENDING,
b0836,hbsd/src/sbin/restore/restore.c,sbin/restore,853,PENDING,
b0836,hbsd/src/sbin/restore/tape.c,sbin/restore,1696,PENDING,
b0837,hbsd/src/sys/geom/raid3/g_raid3_ctl.c,sys/geom/raid3,628,DEFERRED,
b0837,hbsd/src/sys/geom/raid3/g_raid3.c,sys/geom/raid3,3620,DEFERRED,
b0838,hbsd/src/sys/fs/msdosfs/msdosfs_fat.c,sys/fs/msdosfs,1215,PENDING,
b0838,hbsd/src/sys/fs/msdosfs/msdosfs_vfsops.c,sys/fs/msdosfs,1206,PENDING,
b0838,hbsd/src/sys/fs/msdosfs/msdosfs_vnops.c,sys/fs/msdosfs,2016,PENDING,
b0839,hbsd/src/sbin/routed/rdisc.c,sbin/routed,1052,DEFERRED,
b0839,hbsd/src/sbin/routed/parms.c,sbin/routed,1034,DEFERRED,
b0839,hbsd/src/sbin/routed/input.c,sbin/routed,1025,DEFERRED,
b0839,hbsd/src/sbin/routed/if.c,sbin/routed,1362,DEFERRED,
b0840,hbsd/src/sys/geom/mirror/g_mirror_ctl.c,sys/geom/mirror,1129,DEFERRED,
b0840,hbsd/src/sys/geom/mirror/g_mirror.c,sys/geom/mirror,3638,DEFERRED,
b0841,hbsd/src/sbin/pfctl/pfctl_table.c,sbin/pfctl,679,PENDING,
b0841,hbsd/src/sbin/pfctl/pfctl_osfp.c,sbin/pfctl,1098,DEFERRED,
b0841,hbsd/src/sbin/pfctl/pfctl_altq.c,sbin/pfctl,1437,DEFERRED,
b0841,hbsd/src/sbin/pfctl/pfctl_optimize.c,sbin/pfctl,1683,DEFERRED,
b0842,hbsd/src/sys/fs/ext2fs/ext2_htree.c,sys/fs/ext2fs,960,PENDING,
b0842,hbsd/src/sys/fs/ext2fs/ext2_extattr.c,sys/fs/ext2fs,1259,PENDING,
b0842,hbsd/src/sys/fs/ext2fs/ext2_lookup.c,sys/fs/ext2fs,1264,PENDING,
b0842,hbsd/src/sys/fs/ext2fs/ext2_extents.c,sys/fs/ext2fs,1775,PENDING,
b0843,hbsd/src/sys/geom/raid/tr_raid1.c,sys/geom/raid,982,PENDING,
b0843,hbsd/src/sys/geom/raid/tr_raid1e.c,sys/geom/raid,1242,PENDING,
b0843,hbsd/src/sys/geom/raid/md_jmicron.c,sys/geom/raid,1561,DEFERRED,
b0843,hbsd/src/sys/geom/raid/md_nvidia.c,sys/geom/raid,1581,DEFERRED,
b0844,hbsd/src/sys/geom/part/g_part_bsd64.c,sys/geom/part,663,DEFERRED,
b0844,hbsd/src/sys/geom/part/g_part_ldm.c,sys/geom/part,1483,DEFERRED,
b0844,hbsd/src/sys/geom/part/g_part_gpt.c,sys/geom/part,1499,DEFERRED,
b0844,hbsd/src/sys/geom/part/g_part.c,sys/geom/part,2430,DEFERRED,
b0845,hbsd/src/sys/compat/linuxkpi/common/src/linux_80211_macops.c,sys/compat/linuxkpi/common/src,1029,PENDING,
b0845,hbsd/src/sys/compat/linuxkpi/common/src/linux_usb.c,sys/compat/linuxkpi/common/src,1720,DEFERRED,
b0845,hbsd/src/sys/compat/linuxkpi/common/src/linux_pci.c,sys/compat/linuxkpi/common/src,2245,DEFERRED,
b0845,hbsd/src/sys/compat/linuxkpi/common/src/linux_hdmi.c,sys/compat/linuxkpi/common/src,1959,PENDING,
b0846,hbsd/src/sys/geom/raid/md_sii.c,sys/geom/raid,1676,DEFERRED,
b0846,hbsd/src/sys/geom/raid/md_promise.c,sys/geom/raid,2004,DEFERRED,
b0846,hbsd/src/sys/geom/raid/g_raid.c,sys/geom/raid,2575,DEFERRED,
b0846,hbsd/src/sys/geom/raid/md_intel.c,sys/geom/raid,2712,DEFERRED,
b0847,hbsd/src/sys/cam/cam_periph.c,sys/cam,2232,DEFERRED,
b0847,hbsd/src/sys/cam/cam_iosched.c,sys/cam,2123,DEFERRED,
b0847,hbsd/src/sys/cam/cam_xpt.c,sys/cam,5600,DEFERRED,
b0848,hbsd/src/usr.bin/rwall/rwall.c,usr.bin/rwall,172,PENDING,
b0849,hbsd/src/usr.sbin/bootparamd/callbootd/callbootd.c,usr.sbin/bootparamd/callbootd,191,PENDING,
b0850,hbsd/src/usr.sbin/spray/spray.c,usr.sbin/spray,217,PENDING,
b0851,hbsd/src/usr.bin/rup/rup.c,usr.bin/rup,240,PENDING,
b0852,hbsd/src/usr.sbin/yp_mkdb/yp_mkdb.c,usr.sbin/yp_mkdb,339,PENDING,
b0853,hbsd/src/sys/geom/shsec/g_shsec.c,sys/geom/shsec,840,DEFERRED,
b0854,hbsd/src/sbin/routed/rtquery/rtquery.c,sbin/routed/rtquery,900,PENDING,
b0855,hbsd/src/sys/geom/stripe/g_stripe.c,sys/geom/stripe,1278,DEFERRED,
b0856,hbsd/src/lib/libc/yp/xdryp.c,lib/libc/yp,124,PENDING,
b0856,hbsd/src/lib/libc/yp/yplib.c,lib/libc/yp,1237,PENDING,
b0857,hbsd/src/sbin/nvmecontrol/reconnect.c,sbin/nvmecontrol,333,PENDING,
b0857,hbsd/src/sbin/nvmecontrol/identify.c,sbin/nvmecontrol,293,PENDING,
b0857,hbsd/src/sbin/nvmecontrol/firmware.c,sbin/nvmecontrol,366,PENDING,
b0857,hbsd/src/sbin/nvmecontrol/resv.c,sbin/nvmecontrol,444,PENDING,
b0858,hbsd/src/sys/geom/eli/g_eli.c,sys/geom/eli,1634,DEFERRED,
b0859,hbsd/src/sys/kern/uipc_mbuf2.c,sys/kern,449,DEFERRED,
b0859,hbsd/src/sys/kern/kern_ffclock.c,sys/kern,483,PENDING,
b0859,hbsd/src/sys/kern/subr_param.c,sys/kern,378,PENDING,
b0859,hbsd/src/sys/kern/subr_hints.c,sys/kern,518,DEFERRED,
b0860,hbsd/src/sys/amd64/vmm/io/vlapic.c,sys/amd64/vmm/io,1908,PENDING,
b0861,hbsd/src/sbin/ipf/libipf/printnat.c,sbin/ipf/libipf,347,PENDING,
b0861,hbsd/src/sbin/ipf/libipf/ipft_tx.c,sbin/ipf/libipf,497,PENDING,
b0861,hbsd/src/sbin/ipf/libipf/printfr.c,sbin/ipf/libipf,470,PENDING,
b0861,hbsd/src/sbin/ipf/libipf/interror.c,sbin/ipf/libipf,599,PENDING,
b0862,hbsd/src/sys/geom/virstor/g_virstor_md.c,sys/geom/virstor,89,PENDING,
b0862,hbsd/src/sys/geom/virstor/binstream.c,sys/geom/virstor,172,PENDING,
b0862,hbsd/src/sys/geom/virstor/g_virstor.c,sys/geom/virstor,1874,DEFERRED,
b0863,hbsd/src/sbin/routed/table.c,sbin/routed,2154,DEFERRED,
b0864,hbsd/src/sys/kern/kern_module.c,sys/kern,593,DEFERRED,
b0864,hbsd/src/sys/kern/kern_jailmeta.c,sys/kern,617,DEFERRED,
b0864,hbsd/src/sys/kern/subr_compressor.c,sys/kern,575,DEFERRED,
b0864,hbsd/src/sys/kern/kern_hhook.c,sys/kern,520,DEFERRED,
b0865,hbsd/src/sys/cam/nvme/nvme_all.c,sys/cam/nvme,193,PENDING,
b0865,hbsd/src/sys/cam/nvme/nvme_xpt.c,sys/cam/nvme,847,DEFERRED,
b0865,hbsd/src/sys/cam/nvme/nvme_da.c,sys/cam/nvme,1397,DEFERRED,
b0866,hbsd/src/lib/libc/rpc/svc_auth_des.c,lib/libc/rpc,522,PENDING,
b0866,hbsd/src/lib/libc/rpc/auth_des.c,lib/libc/rpc,492,PENDING,
b0866,hbsd/src/lib/libc/rpc/svc.c,lib/libc/rpc,756,PENDING,
b0866,hbsd/src/lib/libc/rpc/rpc_generic.c,lib/libc/rpc,824,PENDING,
b0867,hbsd/src/sys/kern/kern_thr.c,sys/kern,660,PENDING,
b0867,hbsd/src/sys/kern/sys_capability.c,sys/kern,686,PENDING,
b0867,hbsd/src/sys/kern/subr_scanf.c,sys/kern,653,PENDING,
b0867,hbsd/src/sys/kern/subr_terminal.c,sys/kern,709,PENDING,
b0868,hbsd/src/sys/amd64/vmm/amd/svm.c,sys/amd64/vmm/amd,2854,PENDING,
b0869,hbsd/src/sys/cam/scsi/scsi_pt.c,sys/cam/scsi,627,DEFERRED,
b0869,hbsd/src/sys/cam/scsi/scsi_targ_bh.c,sys/cam/scsi,765,DEFERRED,
b0869,hbsd/src/sys/cam/scsi/smp_all.c,sys/cam/scsi,617,PENDING,
b0869,hbsd/src/sys/cam/scsi/scsi_sg.c,sys/cam/scsi,1005,DEFERRED,
b0870,hbsd/src/sys/geom/raid/md_ddf.c,sys/geom/raid,3087,DEFERRED,
b0871,hbsd/src/sys/cam/mmc/mmc_sim.c,sys/cam/mmc,250,PENDING,
b0871,hbsd/src/sys/cam/mmc/mmc_xpt.c,sys/cam/mmc,1228,DEFERRED,
b0871,hbsd/src/sys/cam/mmc/mmc_da.c,sys/cam/mmc,2067,DEFERRED,
b0872,hbsd/src/sys/amd64/vmm/io/ppt.c,sys/amd64/vmm/io,857,DEFERRED,
b0872,hbsd/src/sys/amd64/vmm/io/vatpic.c,sys/amd64/vmm/io,851,PENDING,
b0872,hbsd/src/sys/amd64/vmm/io/vhpet.c,sys/amd64/vmm/io,810,PENDING,
b0872,hbsd/src/sys/amd64/vmm/io/vrtc.c,sys/amd64/vmm/io,1064,PENDING,
b0873,hbsd/src/sys/cam/ctl/ctl_frontend_cam_sim.c,sys/cam/ctl,788,PENDING,
b0873,hbsd/src/sys/cam/ctl/ctl_util.c,sys/cam/ctl,928,PENDING,
b0873,hbsd/src/sys/cam/ctl/ctl_ha.c,sys/cam/ctl,942,DEFERRED,
b0873,hbsd/src/sys/cam/ctl/ctl_error.c,sys/cam/ctl,1211,PENDING,
b0874,hbsd/src/sys/fs/fuse/fuse_vfsops.c,sys/fs/fuse,710,PENDING,
b0874,hbsd/src/sys/fs/fuse/fuse_ipc.c,sys/fs/fuse,1069,DEFERRED,
b0874,hbsd/src/sys/fs/fuse/fuse_io.c,sys/fs/fuse,985,PENDING,
b0874,hbsd/src/sys/fs/fuse/fuse_internal.c,sys/fs/fuse,1326,DEFERRED,
b0875,hbsd/src/sys/compat/linux/linux_signal.c,sys/compat/linux,981,PENDING,
b0875,hbsd/src/sys/compat/linux/linux_ipc.c,sys/compat/linux,915,DEFERRED,
b0875,hbsd/src/sys/compat/linux/linux_futex.c,sys/compat/linux,1069,PENDING,
b0875,hbsd/src/sys/compat/linux/linux_file.c,sys/compat/linux,2055,DEFERRED,
b0876,hbsd/src/sys/fs/ext2fs/ext2_vfsops.c,sys/fs/ext2fs,1448,PENDING,
b0876,hbsd/src/sys/fs/ext2fs/ext2_alloc.c,sys/fs/ext2fs,1575,PENDING,
b0876,hbsd/src/sys/fs/ext2fs/ext2_vnops.c,sys/fs/ext2fs,2341,PENDING,
b0877,hbsd/src/sbin/pfctl/pfctl_parser.c,sbin/pfctl,2071,DEFERRED,
b0877,hbsd/src/sbin/pfctl/pfctl.c,sbin/pfctl,3655,DEFERRED,
b0878,hbsd/src/sys/cam/ata/ata_pmp.c,sys/cam/ata,860,DEFERRED,
b0878,hbsd/src/sys/cam/ata/ata_all.c,sys/cam/ata,1285,PENDING,
b0878,hbsd/src/sys/cam/ata/ata_xpt.c,sys/cam/ata,2207,DEFERRED,
b0878,hbsd/src/sys/cam/ata/ata_da.c,sys/cam/ata,3799,DEFERRED,
b0879,hbsd/src/sys/compat/linuxkpi/common/src/linux_compat.c,sys/compat/linuxkpi/common/src,3061,DEFERRED,
b0879,hbsd/src/sys/compat/linuxkpi/common/src/linux_80211.c,sys/compat/linuxkpi/common/src,10165,DEFERRED,
b0880,hbsd/src/usr.bin/ypmatch/ypmatch.c,usr.bin/ypmatch,139,PENDING,
b0881,hbsd/src/usr.bin/ypcat/ypcat.c,usr.bin/ypcat,141,PENDING,
b0882,hbsd/src/usr.sbin/ypset/ypset.c,usr.sbin/ypset,148,PENDING,
b0883,hbsd/src/usr.sbin/yppoll/yppoll.c,usr.sbin/yppoll,172,PENDING,
b0884,hbsd/src/usr.bin/rusers/rusers.c,usr.bin/rusers,250,PENDING,
b0885,hbsd/src/usr.sbin/bluetooth/bcmfw/bcmfw.c,usr.sbin/bluetooth/bcmfw,309,PENDING,
b0886,hbsd/src/usr.sbin/ypserv/common/yplib_host.c,usr.sbin/ypserv/common,353,PENDING,
b0887,hbsd/src/sys/kern/subr_busdma_bounce.c,sys/kern,549,DEFERRED,
b0887,hbsd/src/sys/kern/subr_physmem.c,sys/kern,627,PENDING,
b0887,hbsd/src/sys/kern/coredump_vnode.c,sys/kern,562,DEFERRED,
b0887,hbsd/src/sys/kern/kern_boottrace.c,sys/kern,612,DEFERRED,
b0888,hbsd/src/sbin/nvmecontrol/identify_ext.c,sbin/nvmecontrol,302,PENDING,
b0888,hbsd/src/sbin/nvmecontrol/fabrics.c,sbin/nvmecontrol,559,PENDING,
b0888,hbsd/src/sbin/nvmecontrol/logpage.c,sbin/nvmecontrol,807,DEFERRED,
b0888,hbsd/src/sbin/nvmecontrol/ns.c,sbin/nvmecontrol,975,PENDING,
b0889,hbsd/src/lib/libc/rpc/clnt_bcast.c,lib/libc/rpc,673,DEFERRED,
b0889,hbsd/src/lib/libc/rpc/svc_vc.c,lib/libc/rpc,777,PENDING,
b0889,hbsd/src/lib/libc/rpc/svc_dg.c,lib/libc/rpc,706,PENDING,
b0889,hbsd/src/lib/libc/rpc/getnetconfig.c,lib/libc/rpc,728,PENDING,
b0890,hbsd/src/sys/fs/fuse/fuse_vnops.c,sys/fs/fuse,3364,DEFERRED,
b0891,hbsd/src/sys/amd64/vmm/intel/vtd.c,sys/amd64/vmm/intel,779,DEFERRED,
b0891,hbsd/src/sys/amd64/vmm/intel/vmx.c,sys/amd64/vmm/intel,4307,PENDING,
b0892,hbsd/src/sys/cam/scsi/scsi_enc.c,sys/cam/scsi,1025,DEFERRED,
b0892,hbsd/src/sys/cam/scsi/scsi_enc_safte.c,sys/cam/scsi,1120,DEFERRED,
b0892,hbsd/src/sys/cam/scsi/scsi_target.c,sys/cam/scsi,1169,DEFERRED,
b0892,hbsd/src/sys/cam/scsi/scsi_ch.c,sys/cam/scsi,1917,DEFERRED,
b0893,hbsd/src/sys/cam/ctl/ctl_backend_ramdisk.c,sys/cam/ctl,1435,DEFERRED,
b0893,hbsd/src/sys/cam/ctl/ctl_cmd_table.c,sys/cam/ctl,1869,DEFERRED,
b0893,hbsd/src/sys/cam/ctl/scsi_ctl.c,sys/cam/ctl,1995,DEFERRED,
b0893,hbsd/src/sys/cam/ctl/ctl_tpc.c,sys/cam/ctl,2472,DEFERRED,
b0894,hbsd/src/sys/compat/linux/linux_misc.c,sys/compat/linux,3127,DEFERRED,
b0894,hbsd/src/sys/compat/linux/linux_socket.c,sys/compat/linux,2815,PENDING,
b0894,hbsd/src/sys/compat/linux/linux_ioctl.c,sys/compat/linux,3865,DEFERRED,
b0895,hbsd/src/sys/cam/scsi/scsi_sa.c,sys/cam/scsi,6376,DEFERRED,
b0895,hbsd/src/sys/cam/scsi/scsi_da.c,sys/cam/scsi,6965,DEFERRED,
b0895,hbsd/src/sys/cam/scsi/scsi_all.c,sys/cam/scsi,9429,DEFERRED,
b0896,hbsd/src/sbin/nvmecontrol/modules/micron/micron.c,sbin/nvmecontrol/modules/micron,129,PENDING,
b0897,hbsd/src/sbin/nvmecontrol/modules/samsung/samsung.c,sbin/nvmecontrol/modules/samsung,162,PENDING,
b0898,hbsd/src/sbin/nvmecontrol/modules/intel/intel.c,sbin/nvmecontrol/modules/intel,224,PENDING,
b0899,hbsd/src/sbin/nvmecontrol/modules/wdc/wdc.c,sbin/nvmecontrol/modules/wdc,814,PENDING,
b0900,hbsd/src/lib/libc/rpc/getrpcent.c,lib/libc/rpc,1051,PENDING,
b0900,hbsd/src/lib/libc/rpc/clnt_vc.c,lib/libc/rpc,834,DEFERRED,
b0900,hbsd/src/lib/libc/rpc/clnt_dg.c,lib/libc/rpc,840,DEFERRED,
b0900,hbsd/src/lib/libc/rpc/rpcb_clnt.c,lib/libc/rpc,1307,PENDING,
b0901,hbsd/src/sys/fs/nfs/nfs_commonacl.c,sys/fs/nfs,688,PENDING,
b0901,hbsd/src/sys/fs/nfs/nfs_commonport.c,sys/fs/nfs,985,DEFERRED,
b0901,hbsd/src/sys/fs/nfs/nfs_commonkrpc.c,sys/fs/nfs,1746,DEFERRED,
b0901,hbsd/src/sys/fs/nfs/nfs_commonsubs.c,sys/fs/nfs,5670,DEFERRED,
b0902,hbsd/src/sys/cam/scsi/scsi_pass.c,sys/cam/scsi,2284,DEFERRED,
b0902,hbsd/src/sys/cam/scsi/scsi_enc_ses.c,sys/cam/scsi,3042,DEFERRED,
b0902,hbsd/src/sys/cam/scsi/scsi_xpt.c,sys/cam/scsi,3159,DEFERRED,
b0902,hbsd/src/sys/cam/scsi/scsi_cd.c,sys/cam/scsi,4045,DEFERRED,
b0903,hbsd/src/sys/cam/ctl/ctl_frontend_iscsi.c,sys/cam/ctl,3085,DEFERRED,
b0903,hbsd/src/sys/cam/ctl/ctl_backend_block.c,sys/cam/ctl,3326,DEFERRED,
b0903,hbsd/src/sys/cam/ctl/ctl.c,sys/cam/ctl,14552,DEFERRED,
b0904,hbsd/src/usr.bin/getent/getent.c,usr.bin/getent,715,PENDING,
b0905,hbsd/src/sbin/mount_nfs/mount_nfs.c,sbin/mount_nfs,1166,PENDING,
b0906,hbsd/src/sys/fs/nfsclient/nfs_clkrpc.c,sys/fs/nfsclient,307,PENDING,
b0906,hbsd/src/sys/fs/nfsclient/nfs_clnfsiod.c,sys/fs/nfsclient,339,DEFERRED,
b0906,hbsd/src/sys/fs/nfsclient/nfs_clnode.c,sys/fs/nfsclient,384,PENDING,
b0906,hbsd/src/sys/fs/nfsclient/nfs_clsubs.c,sys/fs/nfsclient,391,DEFERRED,
b0907,hbsd/src/sys/kern/kern_switch.c,sys/kern,671,DEFERRED,
b0907,hbsd/src/sys/kern/subr_kdb.c,sys/kern,814,DEFERRED,
b0907,hbsd/src/sys/kern/subr_acl_posix1e.c,sys/kern,676,DEFERRED,
b0907,hbsd/src/sys/kern/subr_memdesc.c,sys/kern,799,PENDING,
b0908,hbsd/src/sys/fs/tarfs/tarfs_subr.c,sys/fs/tarfs,537,DEFERRED,
b0908,hbsd/src/sys/fs/tarfs/tarfs_vnops.c,sys/fs/tarfs,707,PENDING,
b0908,hbsd/src/sys/fs/tarfs/tarfs_io.c,sys/fs/tarfs,741,PENDING,
b0908,hbsd/src/sys/fs/tarfs/tarfs_vfsops.c,sys/fs/tarfs,1246,DEFERRED,
b0909,hbsd/src/sys/fs/nfsserver/nfs_fha_new.c,sys/fs/nfsserver,703,DEFERRED,
b0909,hbsd/src/sys/fs/nfsserver/nfs_nfsdkrpc.c,sys/fs/nfsserver,701,PENDING,
b0909,hbsd/src/sys/fs/nfsserver/nfs_nfsdcache.c,sys/fs/nfsserver,1047,DEFERRED,
b0909,hbsd/src/sys/fs/nfsserver/nfs_nfsdsubs.c,sys/fs/nfsserver,2268,DEFERRED,
b0910,hbsd/src/sys/fs/unionfs/union_vfsops.c,sys/fs/unionfs,608,PENDING,
b0910,hbsd/src/sys/fs/unionfs/union_subr.c,sys/fs/unionfs,1833,DEFERRED,
b0910,hbsd/src/sys/fs/unionfs/union_vnops.c,sys/fs/unionfs,3103,PENDING,
b0911,hbsd/src/sys/fs/tmpfs/tmpfs_fifoops.c,sys/fs/tmpfs,78,PENDING,
b0911,hbsd/src/sys/fs/tmpfs/tmpfs_vfsops.c,sys/fs/tmpfs,768,DEFERRED,
b0911,hbsd/src/sys/fs/tmpfs/tmpfs_vnops.c,sys/fs/tmpfs,2296,DEFERRED,
b0911,hbsd/src/sys/fs/tmpfs/tmpfs_subr.c,sys/fs/tmpfs,2410,DEFERRED,
b0912,hbsd/src/sys/security/mac_ddb/mac_ddb.c,sys/security/mac_ddb,373,DEFERRED,
b0913,hbsd/src/sbin/umount/umount.c,sbin/umount,705,PENDING,
b0914,hbsd/src/sys/kern/kern_synch.c,sys/kern,676,DEFERRED,
b0914,hbsd/src/sys/kern/subr_firmware.c,sys/kern,659,DEFERRED,
b0914,hbsd/src/sys/kern/kern_acct.c,sys/kern,639,PENDING,
b0914,hbsd/src/sys/kern/vfs_export.c,sys/kern,697,DEFERRED,
b0915,hbsd/src/sys/security/mac_test/mac_test.c,sys/security/mac_test,3331,PENDING,
b0916,hbsd/src/sys/fs/nfsclient/nfs_clcomsubs.c,sys/fs/nfsclient,447,PENDING,
b0916,hbsd/src/sys/fs/nfsclient/nfs_clkdtrace.c,sys/fs/nfsclient,583,DEFERRED,
b0916,hbsd/src/sys/fs/nfsclient/nfs_clport.c,sys/fs/nfsclient,1454,DEFERRED,
b0916,hbsd/src/sys/fs/nfsclient/nfs_clbio.c,sys/fs/nfsclient,1841,DEFERRED,
b0917,hbsd/src/sys/fs/nfsserver/nfs_nfsdsocket.c,sys/fs/nfsserver,1437,DEFERRED,
b0917,hbsd/src/sys/fs/nfsserver/nfs_nfsdserv.c,sys/fs/nfsserver,6755,PENDING,
b0917,hbsd/src/sys/fs/nfsserver/nfs_nfsdport.c,sys/fs/nfsserver,7622,DEFERRED,
b0917,hbsd/src/sys/fs/nfsserver/nfs_nfsdstate.c,sys/fs/nfsserver,8861,DEFERRED,
b0918,hbsd/src/sys/kern/subr_smr.c,sys/kern,631,PENDING,
b0918,hbsd/src/sys/kern/subr_gtaskqueue.c,sys/kern,829,DEFERRED,
b0918,hbsd/src/sys/kern/kern_rangelock.c,sys/kern,858,DEFERRED,
b0918,hbsd/src/sys/kern/sys_socket.c,sys/kern,868,DEFERRED,
b0919,hbsd/src/sys/kern/subr_sbuf.c,sys/kern,974,PENDING,
b0919,hbsd/src/sys/kern/kern_clock.c,sys/kern,841,DEFERRED,
b0919,hbsd/src/sys/kern/subr_taskqueue.c,sys/kern,918,DEFERRED,
b0919,hbsd/src/sys/kern/subr_sglist.c,sys/kern,983,PENDING,
b0920,hbsd/src/sys/kern/subr_unit.c,sys/kern,1351,DEFERRED,
b0920,hbsd/src/sys/kern/kern_racct.c,sys/kern,1215,DEFERRED,
b0920,hbsd/src/sys/kern/kern_rmlock.c,sys/kern,1258,DEFERRED,
b0920,hbsd/src/sys/kern/vfs_cluster.c,sys/kern,1090,DEFERRED,
b0921,hbsd/src/sys/fs/nfsclient/nfs_clvfsops.c,sys/fs/nfsclient,2288,DEFERRED,
b0921,hbsd/src/sys/fs/nfsclient/nfs_clvnops.c,sys/fs/nfsclient,4851,DEFERRED,
b0921,hbsd/src/sys/fs/nfsclient/nfs_clstate.c,sys/fs/nfsclient,6074,DEFERRED,
b0921,hbsd/src/sys/fs/nfsclient/nfs_clrpcops.c,sys/fs/nfsclient,9979,DEFERRED,
b0922,hbsd/src/sys/security/mac_partition/mac_partition.c,sys/security/mac_partition,316,PENDING,
b0923,hbsd/src/usr.bin/w/proc_compare.c,usr.bin/w,114,VERIFIED,
b0923,hbsd/src/usr.bin/w/pr_time.c,usr.bin/w,138,PENDING,
b0923,hbsd/src/usr.bin/w/w.c,usr.bin/w,599,PENDING,
b0924,hbsd/src/sys/security/mac/mac_posix_sem.c,sys/security/mac,229,PENDING,
b0924,hbsd/src/sys/security/mac/mac_pipe.c,sys/security/mac,257,PENDING,
b0924,hbsd/src/sys/security/mac/mac_system.c,sys/security/mac,234,PENDING,
b0924,hbsd/src/sys/security/mac/mac_sysv_msg.c,sys/security/mac,275,PENDING,
b0925,hbsd/src/sys/kern/kern_clocksource.c,sys/kern,985,PENDING,
b0925,hbsd/src/sys/kern/syscalls.c,sys/kern,611,DEFERRED,
b0925,hbsd/src/sys/kern/kern_mib.c,sys/kern,787,PENDING,
b0925,hbsd/src/sys/kern/kern_alq.c,sys/kern,972,DEFERRED,
b0926,hbsd/src/sys/kern/uipc_sem.c,sys/kern,1109,DEFERRED,
b0926,hbsd/src/sys/kern/subr_csan.c,sys/kern,904,DEFERRED,
b0926,hbsd/src/sys/kern/subr_epoch.c,sys/kern,1018,DEFERRED,
b0926,hbsd/src/sys/kern/init_main.c,sys/kern,938,DEFERRED,
b0927,hbsd/src/sys/kern/kern_environment.c,sys/kern,1200,DEFERRED,
b0927,hbsd/src/sys/kern/vfs_inotify.c,sys/kern,1056,DEFERRED,
b0927,hbsd/src/sys/kern/vfs_mountroot.c,sys/kern,1166,DEFERRED,
b0927,hbsd/src/sys/kern/subr_rman.c,sys/kern,1105,DEFERRED,
b0928,hbsd/src/sys/kern/subr_prf.c,sys/kern,1405,PENDING,
b0928,hbsd/src/sys/kern/kern_fail.c,sys/kern,1144,DEFERRED,
b0928,hbsd/src/sys/kern/subr_pctrie.c,sys/kern,1108,PENDING,
b0928,hbsd/src/sys/kern/kern_cpu.c,sys/kern,1155,DEFERRED,
b0929,hbsd/src/sys/kern/kern_ntptime.c,sys/kern,1049,DEFERRED,
b0929,hbsd/src/sys/kern/subr_blist.c,sys/kern,1177,PENDING,
b0929,hbsd/src/sys/kern/tty_ttydisc.c,sys/kern,1464,PENDING,
b0929,hbsd/src/sys/kern/subr_smp.c,sys/kern,1363,DEFERRED,
b0930,hbsd/src/sys/kern/kern_fork.c,sys/kern,1296,DEFERRED,
b0930,hbsd/src/sys/kern/kern_procctl.c,sys/kern,1343,DEFERRED,
b0930,hbsd/src/sys/kern/subr_asan.c,sys/kern,1242,PENDING,
b0930,hbsd/src/sys/kern/kern_mutex.c,sys/kern,1376,DEFERRED,
b0931,hbsd/src/sys/vm/vm_radix.c,sys/vm,126,PENDING,
b0931,hbsd/src/sys/vm/redzone.c,sys/vm,185,PENDING,
b0931,hbsd/src/sys/vm/uma_dbg.c,sys/vm,244,PENDING,
b0931,hbsd/src/sys/vm/sg_pager.c,sys/vm,229,DEFERRED,
b0932,hbsd/src/sys/kern/subr_turnstile.c,sys/kern,1328,DEFERRED,
b0932,hbsd/src/sys/kern/kern_conf.c,sys/kern,1603,DEFERRED,
b0932,hbsd/src/sys/kern/subr_acl_nfs4.c,sys/kern,1411,DEFERRED,
b0932,hbsd/src/sys/kern/subr_sleepqueue.c,sys/kern,1508,DEFERRED,
b0933,hbsd/src/sys/kern/kern_ktrace.c,sys/kern,1491,DEFERRED,
b0933,hbsd/src/sys/kern/kern_sendfile.c,sys/kern,1391,DEFERRED,
b0933,hbsd/src/sys/kern/vfs_default.c,sys/kern,1663,PENDING,
b0933,hbsd/src/sys/kern/uipc_syscalls.c,sys/kern,1584,DEFERRED,
b0934,hbsd/src/sys/kern/kern_sx.c,sys/kern,1563,DEFERRED,
b0934,hbsd/src/sys/kern/kern_exit.c,sys/kern,1679,DEFERRED,
b0934,hbsd/src/sys/kern/kern_rwlock.c,sys/kern,1582,DEFERRED,
b0934,hbsd/src/sys/kern/kern_intr.c,sys/kern,1685,DEFERRED,
b0935,hbsd/src/sys/kern/kern_malloc.c,sys/kern,1686,DEFERRED,
b0935,hbsd/src/sys/kern/subr_msan.c,sys/kern,1612,PENDING,
b0935,hbsd/src/sys/kern/kern_resource.c,sys/kern,1849,DEFERRED,
b0935,hbsd/src/sys/kern/sys_process.c,sys/kern,1861,PENDING,
b0936,hbsd/src/usr.bin/lsvfs/lsvfs.c,usr.bin/lsvfs,97,PENDING,
b0937,hbsd/src/usr.bin/hesinfo/hesinfo.c,usr.bin/hesinfo,106,VERIFIED,
b0938,hbsd/src/usr.sbin/getfmac/getfmac.c,usr.sbin/getfmac,116,VERIFIED,
b0939,hbsd/src/usr.sbin/getpmac/getpmac.c,usr.sbin/getpmac,127,VERIFIED,
b0940,hbsd/src/usr.bin/c99/c99.c,usr.bin/c99,132,PENDING,
b0941,hbsd/src/usr.sbin/lastlogin/lastlogin.c,usr.sbin/lastlogin,174,PENDING,
b0942,hbsd/src/usr.bin/fold/fold.c,usr.bin/fold,222,PENDING,
b0943,hbsd/src/usr.bin/apply/apply.c,usr.bin/apply,247,PENDING,
b0944,hbsd/src/usr.sbin/bsdinstall/distfetch/distfetch.c,usr.sbin/bsdinstall/distfetch,255,PENDING,
b0945,hbsd/src/usr.bin/cap_mkdb/cap_mkdb.c,usr.bin/cap_mkdb,256,PENDING,
b0946,hbsd/src/usr.sbin/fstyp/befs.c,usr.sbin/fstyp,68,PENDING,
b0946,hbsd/src/usr.sbin/fstyp/cd9660.c,usr.sbin/fstyp,62,PENDING,
b0946,hbsd/src/usr.sbin/fstyp/ufs.c,usr.sbin/fstyp,64,PENDING,
b0946,hbsd/src/usr.sbin/fstyp/geli.c,usr.sbin/fstyp,71,PENDING,
b0947,hbsd/src/usr.sbin/wlandebug/wlandebug.c,usr.sbin/wlandebug,267,PENDING,
b0948,hbsd/src/usr.bin/ypwhich/ypwhich.c,usr.bin/ypwhich,276,PENDING,
b0949,hbsd/src/usr.bin/beep/beep.c,usr.bin/beep,280,PENDING,
b0950,hbsd/src/usr.bin/ident/ident.c,usr.bin/ident,290,PENDING,
b0951,hbsd/src/usr.bin/bsdiff/bspatch/bspatch.c,usr.bin/bsdiff/bspatch,302,PENDING,
b0952,hbsd/src/usr.bin/gprof/kernel.c,usr.bin/gprof,62,PENDING,
b0952,hbsd/src/usr.bin/gprof/hertz.c,usr.bin/gprof,57,VERIFIED,
b0952,hbsd/src/usr.bin/gprof/printlist.c,usr.bin/gprof,84,PENDING,
b0952,hbsd/src/usr.bin/gprof/lookup.c,usr.bin/gprof,113,PENDING,
b0953,hbsd/src/usr.sbin/rpc.ypupdated/update.c,usr.sbin/rpc.ypupdated,328,PENDING,
b0954,hbsd/src/usr.bin/column/column.c,usr.bin/column,351,PENDING,
b0955,hbsd/src/usr.sbin/fstyp/zfs.c,usr.sbin/fstyp,74,PENDING,
b0955,hbsd/src/usr.sbin/fstyp/ext2fs.c,usr.sbin/fstyp,85,PENDING,
b0955,hbsd/src/usr.sbin/fstyp/apfs.c,usr.sbin/fstyp,109,PENDING,
b0955,hbsd/src/usr.sbin/fstyp/hfsplus.c,usr.sbin/fstyp,127,PENDING,
b0956,hbsd/src/usr.sbin/pw/strtounum.c,usr.sbin/pw,66,VERIFIED,
b0956,hbsd/src/usr.sbin/pw/grupd.c,usr.sbin/pw,106,PENDING,
b0956,hbsd/src/usr.sbin/pw/pw_nis.c,usr.sbin/pw,96,PENDING,
b0956,hbsd/src/usr.sbin/pw/bitmap.c,usr.sbin/pw,128,PENDING,
b0957,hbsd/src/usr.bin/factor/factor.c,usr.bin/factor,399,PENDING,
b0958,hbsd/src/usr.bin/mkimg/raw.c,usr.bin/mkimg,57,PENDING,
b0958,hbsd/src/usr.bin/mkimg/format.c,usr.bin/mkimg,95,PENDING,
b0958,hbsd/src/usr.bin/mkimg/uuid.c,usr.bin/mkimg,116,PENDING,
b0958,hbsd/src/usr.bin/mkimg/ebr.c,usr.bin/mkimg,131,DEFERRED,
b0959,hbsd/src/usr.bin/calendar/paskha.c,usr.bin/calendar,66,VERIFIED,
b0959,hbsd/src/usr.bin/calendar/ostern.c,usr.bin/calendar,67,VERIFIED,
b0959,hbsd/src/usr.bin/calendar/day.c,usr.bin/calendar,107,PENDING,
b0959,hbsd/src/usr.bin/calendar/locale.c,usr.bin/calendar,166,PENDING,
b0960,hbsd/src/usr.bin/showmount/showmount.c,usr.bin/showmount,414,PENDING,
b0961,hbsd/src/usr.bin/tsort/tsort.c,usr.bin/tsort,419,PENDING,
b0962,hbsd/src/usr.bin/random/random.c,usr.bin/random,181,PENDING,
b0962,hbsd/src/usr.bin/random/randomize_fd.c,usr.bin/random,246,PENDING,
b0963,hbsd/src/usr.sbin/bsdinstall/partedit/partedit_generic.c,usr.sbin/bsdinstall/partedit,79,PENDING,
b0963,hbsd/src/usr.sbin/bsdinstall/partedit/partedit_efi.c,usr.sbin/bsdinstall/partedit,106,PENDING,
b0963,hbsd/src/usr.sbin/bsdinstall/partedit/diskmenu.c,usr.sbin/bsdinstall/partedit,90,PENDING,
b0963,hbsd/src/usr.sbin/bsdinstall/partedit/partedit_x86.c,usr.sbin/bsdinstall/partedit,153,PENDING,
b0964,hbsd/src/usr.sbin/bsnmpd/modules/snmp_lm75/snmp_lm75.c,usr.sbin/bsnmpd/modules/snmp_lm75,431,DEFERRED,
b0965,hbsd/src/usr.bin/killall/killall.c,usr.bin/killall,437,PENDING,
b0966,hbsd/src/sys/net/toeplitz.c,sys/net,55,VERIFIED,
b0966,hbsd/src/sys/net/if_dead.c,sys/net,141,PENDING,
b0966,hbsd/src/sys/net/bpf_jitter.c,sys/net,120,PENDING,
b0966,hbsd/src/sys/net/if_mib.c,sys/net,143,PENDING,
b0967,hbsd/src/usr.bin/csplit/csplit.c,usr.bin/csplit,468,PENDING,
b0968,hbsd/src/usr.bin/ldd/ldd.c,usr.bin/ldd,471,PENDING,
b0969,hbsd/src/usr.sbin/ofwdump/ofw_util.c,usr.sbin/ofwdump,227,PENDING,
b0969,hbsd/src/usr.sbin/ofwdump/ofwdump.c,usr.sbin/ofwdump,249,PENDING,
b0970,hbsd/src/usr.bin/ctags/lisp.c,usr.bin/ctags,100,PENDING,
b0970,hbsd/src/usr.bin/ctags/print.c,usr.bin/ctags,107,PENDING,
b0970,hbsd/src/usr.bin/ctags/yacc.c,usr.bin/ctags,145,PENDING,
b0970,hbsd/src/usr.bin/ctags/tree.c,usr.bin/ctags,127,VERIFIED,
b0971,hbsd/src/usr.bin/procstat/procstat_cred.c,usr.bin/procstat,103,PENDING,
b0971,hbsd/src/usr.bin/procstat/procstat_cs.c,usr.bin/procstat,116,PENDING,
b0971,hbsd/src/usr.bin/procstat/procstat_threads.c,usr.bin/procstat,133,PENDING,
b0971,hbsd/src/usr.bin/procstat/procstat_rlimit.c,usr.bin/procstat,127,PENDING,
b0972,hbsd/src/usr.bin/cut/cut.c,usr.bin/cut,481,PENDING,
b0973,hbsd/src/usr.sbin/bhyve/net_utils.c,usr.sbin/bhyve,120,PENDING,
b0973,hbsd/src/usr.sbin/bhyve/vmgenc.c,usr.sbin/bhyve,117,PENDING,
b0973,hbsd/src/usr.sbin/bhyve/pci_hostbridge.c,usr.sbin/bhyve,107,PENDING,
b0973,hbsd/src/usr.sbin/bhyve/iov.c,usr.sbin/bhyve,141,PENDING,
b0974,hbsd/src/usr.sbin/pmccontrol/pmccontrol.c,usr.sbin/pmccontrol,488,DEFERRED,
b0975,hbsd/src/usr.sbin/rpc.umntall/mounttab.c,usr.sbin/rpc.umntall,230,PENDING,
b0975,hbsd/src/usr.sbin/rpc.umntall/rpc.umntall.c,usr.sbin/rpc.umntall,264,PENDING,
b0976,hbsd/src/usr.bin/seq/seq.c,usr.bin/seq,508,PENDING,
b0977,hbsd/src/usr.sbin/ac/ac.c,usr.sbin/ac,519,DEFERRED,
b0978,hbsd/src/usr.sbin/bhyvectl/bhyvectl.c,usr.sbin/bhyvectl,535,PENDING,
b0979,hbsd/src/usr.sbin/bluetooth/l2control/l2control.c,usr.sbin/bluetooth/l2control,222,PENDING,
b0979,hbsd/src/usr.sbin/bluetooth/l2control/l2cap.c,usr.sbin/bluetooth/l2control,315,PENDING,
b0980,hbsd/src/usr.sbin/bsnmpd/modules/snmp_hast/hast_snmp.c,usr.sbin/bsnmpd/modules/snmp_hast,540,DEFERRED,
b0981,hbsd/src/usr.bin/dpv/dpv.c,usr.bin/dpv,543,PENDING,
b0982,hbsd/src/usr.bin/du/du.c,usr.bin/du,579,DEFERRED,
b0983,hbsd/src/usr.bin/mkimg/mbr.c,usr.bin/mkimg,125,DEFERRED,
b0983,hbsd/src/usr.bin/mkimg/apm.c,usr.bin/mkimg,116,DEFERRED,
b0983,hbsd/src/usr.bin/mkimg/bsd.c,usr.bin/mkimg,135,DEFERRED,
b0983,hbsd/src/usr.bin/mkimg/scheme.c,usr.bin/mkimg,204,PENDING,
b0984,hbsd/src/usr.sbin/bluetooth/sdpd/irmc_command.c,usr.sbin/bluetooth/sdpd,119,PENDING,
b0984,hbsd/src/usr.sbin/bluetooth/sdpd/dun.c,usr.sbin/bluetooth/sdpd,138,PENDING,
b0984,hbsd/src/usr.sbin/bluetooth/sdpd/irmc.c,usr.sbin/bluetooth/sdpd,135,PENDING,
b0984,hbsd/src/usr.sbin/bluetooth/sdpd/provider.c,usr.sbin/bluetooth/sdpd,198,DEFERRED,
b0985,hbsd/src/usr.sbin/cpucontrol/cpucontrol.c,usr.sbin/cpucontrol,591,DEFERRED,
b0986,hbsd/src/usr.bin/col/col.c,usr.bin/col,592,PENDING,
b0987,hbsd/src/usr.bin/whois/whois.c,usr.bin/whois,610,PENDING,
b0988,hbsd/src/usr.sbin/yppush/yppush_main.c,usr.sbin/yppush,633,PENDING,
b0989,hbsd/src/usr.bin/join/join.c,usr.bin/join,661,PENDING,
b0990,hbsd/src/sys/netlink/ktest_netlink_message_writer.c,sys/netlink,108,PENDING,
b0990,hbsd/src/sys/netlink/netlink_route.c,sys/netlink,143,DEFERRED,
b0990,hbsd/src/sys/netlink/netlink_sysevent.c,sys/netlink,205,DEFERRED,
b0990,hbsd/src/sys/netlink/netlink_module.c,sys/netlink,221,DEFERRED,
b0991,hbsd/src/usr.bin/whereis/whereis.c,usr.bin/whereis,688,PENDING,
b0992,hbsd/src/usr.bin/quota/quota.c,usr.bin/quota,690,PENDING,
b0993,hbsd/src/usr.bin/ministat/ministat.c,usr.bin/ministat,691,PENDING,
b0994,hbsd/src/usr.sbin/btxld/elfh.c,usr.sbin/btxld,125,DEFERRED,
b0994,hbsd/src/usr.sbin/btxld/btxld.c,usr.sbin/btxld,571,PENDING,
b0995,hbsd/src/usr.bin/env/env.c,usr.bin/env,229,PENDING,
b0995,hbsd/src/usr.bin/env/envopts.c,usr.bin/env,468,PENDING,
b0996,hbsd/src/usr.sbin/virtual_oss/virtual_oss/compressor.c,usr.sbin/virtual_oss/virtual_oss,76,PENDING,
b0996,hbsd/src/usr.sbin/virtual_oss/virtual_oss/ring.c,usr.sbin/virtual_oss/virtual_oss,213,PENDING,
b0996,hbsd/src/usr.sbin/virtual_oss/virtual_oss/mul.c,usr.sbin/virtual_oss/virtual_oss,175,DEFERRED,
b0996,hbsd/src/usr.sbin/virtual_oss/virtual_oss/audio_delay.c,usr.sbin/virtual_oss/virtual_oss,238,PENDING,
b0997,hbsd/src/usr.sbin/prometheus_sysctl_exporter/prometheus_sysctl_exporter.c,usr.sbin/prometheus_sysctl_exporter,706,PENDING,
b0998,hbsd/src/usr.bin/localedef/numeric.c,usr.bin/localedef,117,PENDING,
b0998,hbsd/src/usr.bin/localedef/messages.c,usr.bin/localedef,119,PENDING,
b0998,hbsd/src/usr.bin/localedef/monetary.c,usr.bin/localedef,209,PENDING,
b0998,hbsd/src/usr.bin/localedef/time.c,usr.bin/localedef,275,PENDING,
b0999,hbsd/src/usr.bin/limits/limits.c,usr.bin/limits,782,PENDING,
b1000,hbsd/src/usr.bin/fmt/fmt.c,usr.bin/fmt,784,PENDING,
b1001,hbsd/src/usr.sbin/bsnmpd/modules/snmp_hostres/hostres_swrun_tbl.c,usr.sbin/bsnmpd/modules/snmp_hostres,790,DEFERRED,
b1002,hbsd/src/usr.bin/chpass/table.c,usr.bin/chpass,56,DEFERRED,
b1002,hbsd/src/usr.bin/chpass/util.c,usr.bin/chpass,188,PENDING,
b1002,hbsd/src/usr.bin/chpass/field.c,usr.bin/chpass,254,PENDING,
b1002,hbsd/src/usr.bin/chpass/chpass.c,usr.bin/chpass,293,PENDING,
b1003,hbsd/src/usr.sbin/nscd/agents/group.c,usr.sbin/nscd/agents,257,PENDING,
b1003,hbsd/src/usr.sbin/nscd/agents/passwd.c,usr.sbin/nscd/agents,265,PENDING,
b1003,hbsd/src/usr.sbin/nscd/agents/services.c,usr.sbin/nscd/agents,278,PENDING,
b1004,hbsd/src/usr.bin/hexdump/hexdump.c,usr.bin/hexdump,81,PENDING,
b1004,hbsd/src/usr.bin/hexdump/hexsyntax.c,usr.bin/hexdump,134,PENDING,
b1004,hbsd/src/usr.bin/hexdump/conv.c,usr.bin/hexdump,187,PENDING,
b1004,hbsd/src/usr.bin/hexdump/odsyntax.c,usr.bin/hexdump,432,PENDING,
b1005,hbsd/src/usr.sbin/pmcannotate/pmcannotate.c,usr.sbin/pmcannotate,852,DEFERRED,
b1006,hbsd/src/usr.sbin/rtadvd/timer_subr.c,usr.sbin/rtadvd,92,VERIFIED,
b1006,hbsd/src/usr.sbin/rtadvd/control_client.c,usr.sbin/rtadvd,133,PENDING,
b1006,hbsd/src/usr.sbin/rtadvd/timer.c,usr.sbin/rtadvd,196,DEFERRED,
b1006,hbsd/src/usr.sbin/rtadvd/advcap.c,usr.sbin/rtadvd,437,PENDING,
b1007,hbsd/src/usr.bin/units/units.c,usr.bin/units,886,PENDING,
b1008,hbsd/src/usr.sbin/rpcbind/warmstart.c,usr.sbin/rpcbind,178,PENDING,
b1008,hbsd/src/usr.sbin/rpcbind/rpcb_stat.c,usr.sbin/rpcbind,202,PENDING,
b1008,hbsd/src/usr.sbin/rpcbind/check_bound.c,usr.sbin/rpcbind,235,PENDING,
b1008,hbsd/src/usr.sbin/rpcbind/security.c,usr.sbin/rpcbind,287,PENDING,
b1009,hbsd/src/sys/net/ifq.c,sys/net,175,PENDING,
b1009,hbsd/src/sys/net/if_disc.c,sys/net,239,DEFERRED,
b1009,hbsd/src/sys/net/bpf_buffer.c,sys/net,210,PENDING,
b1009,hbsd/src/sys/net/mppcd.c,sys/net,282,PENDING,
b1010,hbsd/src/usr.sbin/lpr/common_source/ctlinfo.c,usr.sbin/lpr/common_source,916,PENDING,
b1011,hbsd/src/usr.bin/locale/locale.c,usr.bin/locale,936,PENDING,
b1012,hbsd/src/usr.sbin/bhyveload/bhyveload.c,usr.sbin/bhyveload,940,DEFERRED,
b1013,hbsd/src/usr.bin/diff/xmalloc.c,usr.bin/diff,85,VERIFIED,
b1013,hbsd/src/usr.bin/diff/pr.c,usr.bin/diff,126,PENDING,
b1013,hbsd/src/usr.bin/diff/diffreg_new.c,usr.bin/diff,348,PENDING,
b1013,hbsd/src/usr.bin/diff/diffdir.c,usr.bin/diff,393,DEFERRED,
b1014,hbsd/src/usr.sbin/tzsetup/tzsetup.c,usr.sbin/tzsetup,996,DEFERRED,
b1015,hbsd/src/usr.sbin/rarpd/rarpd.c,usr.sbin/rarpd,997,PENDING,
b1016,hbsd/src/usr.bin/ctlstat/ctlstat.c,usr.bin/ctlstat,1011,PENDING,
b1017,hbsd/src/usr.sbin/ypserv/yp_error.c,usr.sbin/ypserv,71,PENDING,
b1017,hbsd/src/usr.sbin/ypserv/yp_svc_udp.c,usr.sbin/ypserv,71,PENDING,
b1017,hbsd/src/usr.sbin/ypserv/yp_access.c,usr.sbin/ypserv,332,PENDING,
b1017,hbsd/src/usr.sbin/ypserv/yp_dnslookup.c,usr.sbin/ypserv,545,DEFERRED,
b1018,hbsd/src/usr.bin/fstat/main.c,usr.bin/fstat,49,VERIFIED,
b1018,hbsd/src/usr.bin/fstat/fuser.c,usr.bin/fstat,339,DEFERRED,
b1018,hbsd/src/usr.bin/fstat/fstat.c,usr.bin/fstat,655,DEFERRED,
b1019,hbsd/src/usr.sbin/bsnmpd/modules/snmp_hostres/hostres_begemot.c,usr.sbin/bsnmpd/modules/snmp_hostres,169,PENDING,
b1019,hbsd/src/usr.sbin/bsnmpd/modules/snmp_hostres/hostres_snmp.c,usr.sbin/bsnmpd/modules/snmp_hostres,208,PENDING,
b1019,hbsd/src/usr.sbin/bsnmpd/modules/snmp_hostres/hostres_network_tbl.c,usr.sbin/bsnmpd/modules/snmp_hostres,300,DEFERRED,
b1019,hbsd/src/usr.sbin/bsnmpd/modules/snmp_hostres/hostres_printer_tbl.c,usr.sbin/bsnmpd/modules/snmp_hostres,396,DEFERRED,
b1020,hbsd/src/usr.bin/vtfontcvt/vtfontcvt.c,usr.bin/vtfontcvt,1122,DEFERRED,
b1021,hbsd/src/usr.sbin/fifolog/lib/fifolog_create.c,usr.sbin/fifolog/lib,124,PENDING,
b1021,hbsd/src/usr.sbin/fifolog/lib/fifolog_int.c,usr.sbin/fifolog/lib,256,PENDING,
b1021,hbsd/src/usr.sbin/fifolog/lib/fifolog_reader.c,usr.sbin/fifolog/lib,322,PENDING,
b1021,hbsd/src/usr.sbin/fifolog/lib/fifolog_write_poll.c,usr.sbin/fifolog/lib,420,PENDING,
b1022,hbsd/src/usr.bin/bintrans/bintrans.c,usr.bin/bintrans,165,PENDING,
b1022,hbsd/src/usr.bin/bintrans/qp.c,usr.bin/bintrans,218,PENDING,
b1022,hbsd/src/usr.bin/bintrans/uuencode.c,usr.bin/bintrans,275,PENDING,
b1022,hbsd/src/usr.bin/bintrans/uudecode.c,usr.bin/bintrans,486,PENDING,
b1023,hbsd/src/usr.sbin/sesutil/eltsub.c,usr.sbin/sesutil,142,PENDING,
b1023,hbsd/src/usr.sbin/sesutil/sesutil.c,usr.sbin/sesutil,1019,DEFERRED,
b1024,hbsd/src/usr.bin/compress/compress.c,usr.bin/compress,426,PENDING,
b1024,hbsd/src/usr.bin/compress/zopen.c,usr.bin/compress,736,PENDING,
b1025,hbsd/src/usr.bin/iscsictl/periphs.c,usr.bin/iscsictl,202,PENDING,
b1025,hbsd/src/usr.bin/iscsictl/iscsictl.c,usr.bin/iscsictl,963,DEFERRED,
b1026,hbsd/src/usr.bin/banner/banner.c,usr.bin/banner,1168,PENDING,
b1027,hbsd/src/usr.bin/tr/cmap.c,usr.bin/tr,212,PENDING,
b1027,hbsd/src/usr.bin/tr/cset.c,usr.bin/tr,290,PENDING,
b1027,hbsd/src/usr.bin/tr/str.c,usr.bin/tr,383,PENDING,
b1027,hbsd/src/usr.bin/tr/tr.c,usr.bin/tr,404,PENDING,
b1028,hbsd/src/usr.bin/fortune/fortune/fortune.c,usr.bin/fortune/fortune,1415,PENDING,
b1029,hbsd/src/usr.sbin/dumpcis/main.c,usr.sbin/dumpcis,58,PENDING,
b1029,hbsd/src/usr.sbin/dumpcis/readcis.c,usr.sbin/dumpcis,392,PENDING,
b1029,hbsd/src/usr.sbin/dumpcis/printcis.c,usr.sbin/dumpcis,1102,PENDING,
b1030,hbsd/src/usr.bin/indent/parse.c,usr.bin/indent,341,PENDING,
b1030,hbsd/src/usr.bin/indent/args.c,usr.bin/indent,348,PENDING,
b1030,hbsd/src/usr.bin/indent/pr_comment.c,usr.bin/indent,347,PENDING,
b1030,hbsd/src/usr.bin/indent/io.c,usr.bin/indent,529,PENDING,
b1031,hbsd/src/usr.bin/ar/util.c,usr.bin/ar,86,VERIFIED,
b1031,hbsd/src/usr.bin/ar/read.c,usr.bin/ar,204,PENDING,
b1031,hbsd/src/usr.bin/ar/ar.c,usr.bin/ar,407,PENDING,
b1031,hbsd/src/usr.bin/ar/write.c,usr.bin/ar,914,DEFERRED,
b1032,hbsd/src/usr.bin/rpcinfo/rpcinfo.c,usr.bin/rpcinfo,1665,PENDING,
b1033,hbsd/src/usr.sbin/gssd/gssd.c,usr.sbin/gssd,1706,DEFERRED,
b1034,hbsd/src/usr.sbin/bsnmpd/modules/snmp_pf/pf_snmp.c,usr.sbin/bsnmpd/modules/snmp_pf,1785,DEFERRED,
b1035,hbsd/src/usr.bin/at/panic.c,usr.bin/at,93,PENDING,
b1035,hbsd/src/usr.bin/at/perm.c,usr.bin/at,125,DEFERRED,
b1035,hbsd/src/usr.bin/at/parsetime.c,usr.bin/at,674,PENDING,
b1035,hbsd/src/usr.bin/at/at.c,usr.bin/at,914,PENDING,
b1036,hbsd/src/usr.bin/grep/queue.c,usr.bin/grep,142,PENDING,
b1036,hbsd/src/usr.bin/grep/file.c,usr.bin/grep,248,PENDING,
b1036,hbsd/src/usr.bin/grep/grep.c,usr.bin/grep,724,PENDING,
b1036,hbsd/src/usr.bin/grep/util.c,usr.bin/grep,856,PENDING,
b1037,hbsd/src/usr.bin/sockstat/sockstat.c,usr.bin/sockstat,77,PENDING,
b1037,hbsd/src/usr.bin/sockstat/main.c,usr.bin/sockstat,1970,DEFERRED,
b1038,hbsd/src/usr.bin/pr/egetopt.c,usr.bin/pr,211,PENDING,
b1038,hbsd/src/usr.bin/pr/pr.c,usr.bin/pr,1849,PENDING,
b1039,hbsd/src/usr.bin/sort/mem.c,usr.bin/sort,91,VERIFIED,
b1039,hbsd/src/usr.bin/sort/vsort.c,usr.bin/sort,264,PENDING,
b1039,hbsd/src/usr.bin/sort/radixsort.c,usr.bin/sort,722,PENDING,
b1039,hbsd/src/usr.bin/sort/bwstring.c,usr.bin/sort,1047,PENDING,
b1040,hbsd/src/sys/netinet/libalias/alias_irc.c,sys/netinet/libalias,484,SKIPPED,
b1040,hbsd/src/sys/netinet/libalias/alias_pptp.c,sys/netinet/libalias,514,DEFERRED,
b1040,hbsd/src/sys/netinet/libalias/alias_smedia.c,sys/netinet/libalias,545,DEFERRED,
b1040,hbsd/src/sys/netinet/libalias/alias_ftp.c,sys/netinet/libalias,765,DEFERRED,
b1041,hbsd/src/usr.bin/find/operator.c,usr.bin/find,267,PENDING,
b1041,hbsd/src/usr.bin/find/option.c,usr.bin/find,211,PENDING,
b1041,hbsd/src/usr.bin/find/printf.c,usr.bin/find,348,PENDING,
b1041,hbsd/src/usr.bin/find/function.c,usr.bin/find,2017,PENDING,
b1042,hbsd/src/sys/netpfil/ipfilter/netinet/radix_ipf.c,sys/netpfil/ipfilter/netinet,1485,PENDING,
b1042,hbsd/src/sys/netpfil/ipfilter/netinet/ip_frag.c,sys/netpfil/ipfilter/netinet,1292,PENDING,
b1042,hbsd/src/sys/netpfil/ipfilter/netinet/ip_dstlist.c,sys/netpfil/ipfilter/netinet,1279,PENDING,
b1042,hbsd/src/sys/netpfil/ipfilter/netinet/ip_sync.c,sys/netpfil/ipfilter/netinet,1432,PENDING,
b1043,hbsd/src/sys/kern/kern_timeout.c,sys/kern,1546,DEFERRED,
b1043,hbsd/src/sys/kern/kern_time.c,sys/kern,1877,DEFERRED,
b1043,hbsd/src/sys/kern/kern_thread.c,sys/kern,1825,DEFERRED,
b1043,hbsd/src/sys/kern/vfs_lookup.c,sys/kern,1690,DEFERRED,
b1044,hbsd/src/sys/kern/kern_mbuf.c,sys/kern,1815,DEFERRED,
b1044,hbsd/src/sys/kern/subr_intr.c,sys/kern,1958,DEFERRED,
b1044,hbsd/src/sys/kern/sched_4bsd.c,sys/kern,1905,DEFERRED,
b1044,hbsd/src/sys/kern/kern_lock.c,sys/kern,1842,PENDING,
b1045,hbsd/src/sys/kern/link_elf_obj.c,sys/kern,2033,DEFERRED,
b1045,hbsd/src/sys/kern/sys_generic.c,sys/kern,2379,DEFERRED,
b1045,hbsd/src/sys/kern/link_elf.c,sys/kern,2170,DEFERRED,
b1045,hbsd/src/sys/kern/kern_rctl.c,sys/kern,2247,DEFERRED,
b1046,hbsd/src/usr.bin/which/which.c,usr.bin/which,144,PENDING,
b1047,hbsd/src/usr.sbin/mailwrapper/mailwrapper.c,usr.sbin/mailwrapper,184,PENDING,
b1048,hbsd/src/usr.bin/lam/lam.c,usr.bin/lam,235,PENDING,
b1049,hbsd/src/usr.sbin/uathload/uathload.c,usr.sbin/uathload,241,PENDING,
b1050,hbsd/src/usr.bin/chpass/edit.c,usr.bin/chpass,289,PENDING,
b1051,hbsd/src/usr.bin/who/who.c,usr.bin/who,315,PENDING,
b1052,hbsd/src/usr.sbin/bsdinstall/distextract/distextract.c,usr.sbin/bsdinstall/distextract,333,PENDING,
b1053,hbsd/src/usr.bin/bsdiff/bsdiff/bsdiff.c,usr.bin/bsdiff/bsdiff,336,PENDING,
b1054,hbsd/src/usr.bin/ktrace/subr.c,usr.bin/ktrace,131,VERIFIED,
b1054,hbsd/src/usr.bin/ktrace/ktrace.c,usr.bin/ktrace,227,PENDING,
b1055,hbsd/src/usr.sbin/repquota/repquota.c,usr.sbin/repquota,359,PENDING,
b1056,hbsd/src/usr.bin/logins/logins.c,usr.bin/logins,406,PENDING,
b1057,hbsd/src/usr.bin/nl/nl.c,usr.bin/nl,410,PENDING,
b1058,hbsd/src/usr.bin/fortune/strfile/strfile.c,usr.bin/fortune/strfile,450,PENDING,
b1059,hbsd/src/usr.bin/split/split.c,usr.bin/split,451,PENDING,
b1060,hbsd/src/usr.sbin/setfmac/setfmac.c,usr.sbin/setfmac,500,DEFERRED,
b1061,hbsd/src/usr.bin/last/last.c,usr.bin/last,590,DEFERRED,
b1062,hbsd/src/usr.bin/netstat/common.c,usr.bin/netstat,136,PENDING,
b1062,hbsd/src/usr.bin/netstat/netgraph.c,usr.bin/netstat,141,PENDING,
b1062,hbsd/src/usr.bin/netstat/bpf.c,usr.bin/netstat,167,PENDING,
b1062,hbsd/src/usr.bin/netstat/pfkey.c,usr.bin/netstat,200,PENDING,
b1063,hbsd/src/usr.bin/tip/libacu/df.c,usr.bin/tip/libacu,129,PENDING,
b1063,hbsd/src/usr.bin/tip/libacu/dn11.c,usr.bin/tip/libacu,141,PENDING,
b1063,hbsd/src/usr.bin/tip/libacu/biz22.c,usr.bin/tip/libacu,179,PENDING,
b1063,hbsd/src/usr.bin/tip/libacu/v3451.c,usr.bin/tip/libacu,204,PENDING,
b1064,hbsd/src/usr.bin/morse/morse.c,usr.bin/morse,662,PENDING,
b1065,hbsd/src/usr.bin/gencat/gencat.c,usr.bin/gencat,694,DEFERRED,
b1066,hbsd/src/usr.sbin/crunch/crunchide/exec_elf64.c,usr.sbin/crunch/crunchide,41,DEFERRED,
b1066,hbsd/src/usr.sbin/crunch/crunchide/crunchide.c,usr.sbin/crunch/crunchide,262,PENDING,
b1066,hbsd/src/usr.sbin/crunch/crunchide/exec_elf32.c,usr.sbin/crunch/crunchide,496,PENDING,
b1067,hbsd/src/usr.bin/hexdump/display.c,usr.bin/hexdump,434,PENDING,
b1067,hbsd/src/usr.bin/hexdump/parse.c,usr.bin/hexdump,524,PENDING,
b1068,hbsd/src/usr.bin/gzip/unzstd.c,usr.bin/gzip,89,PENDING,
b1068,hbsd/src/usr.bin/gzip/unbzip2.c,usr.bin/gzip,143,PENDING,
b1068,hbsd/src/usr.bin/gzip/unpack.c,usr.bin/gzip,334,PENDING,
b1068,hbsd/src/usr.bin/gzip/zuncompress.c,usr.bin/gzip,397,PENDING,
b1069,hbsd/src/usr.bin/ctags/fortran.c,usr.bin/ctags,162,PENDING,
b1069,hbsd/src/usr.bin/ctags/ctags.c,usr.bin/ctags,330,PENDING,
b1069,hbsd/src/usr.bin/ctags/C.c,usr.bin/ctags,557,PENDING,
b1070,hbsd/src/sys/security/audit/bsm_socket_type.c,sys/security/audit,103,PENDING,
b1070,hbsd/src/sys/security/audit/audit_trigger.c,sys/security/audit,196,DEFERRED,
b1070,hbsd/src/sys/security/audit/bsm_fcntl.c,sys/security/audit,288,DEFERRED,
b1070,hbsd/src/sys/security/audit/bsm_domain.c,sys/security/audit,492,DEFERRED,
b1071,hbsd/src/usr.bin/finger/sprint.c,usr.bin/finger,177,PENDING,
b1071,hbsd/src/usr.bin/finger/net.c,usr.bin/finger,230,PENDING,
b1071,hbsd/src/usr.bin/finger/util.c,usr.bin/finger,398,PENDING,
b1071,hbsd/src/usr.bin/finger/lprint.c,usr.bin/finger,356,PENDING,
b1072,hbsd/src/usr.bin/calendar/events.c,usr.bin/calendar,235,PENDING,
b1072,hbsd/src/usr.bin/calendar/calendar.c,usr.bin/calendar,244,PENDING,
b1072,hbsd/src/usr.bin/calendar/pom.c,usr.bin/calendar,264,PENDING,
b1072,hbsd/src/usr.bin/calendar/dates.c,usr.bin/calendar,457,PENDING,
b1073,hbsd/src/usr.sbin/bluetooth/sdpd/sd.c,usr.sbin/bluetooth/sdpd,230,PENDING,
b1073,hbsd/src/usr.sbin/bluetooth/sdpd/ssr.c,usr.sbin/bluetooth/sdpd,285,PENDING,
b1073,hbsd/src/usr.sbin/bluetooth/sdpd/sar.c,usr.sbin/bluetooth/sdpd,320,PENDING,
b1073,hbsd/src/usr.sbin/bluetooth/sdpd/ssar.c,usr.sbin/bluetooth/sdpd,380,PENDING,
b1074,hbsd/src/usr.bin/rpcgen/rpc_tblout.c,usr.bin/rpcgen,162,VERIFIED,
b1074,hbsd/src/usr.bin/rpcgen/rpc_clntout.c,usr.bin/rpcgen,268,PENDING,
b1074,hbsd/src/usr.bin/rpcgen/rpc_sample.c,usr.bin/rpcgen,289,VERIFIED,
b1074,hbsd/src/usr.bin/rpcgen/rpc_util.c,usr.bin/rpcgen,501,PENDING,
b1075,hbsd/src/usr.bin/vgrind/regexp.c,usr.bin/vgrind,584,PENDING,
b1075,hbsd/src/usr.bin/vgrind/vfontedpr.c,usr.bin/vgrind,704,PENDING,
b1076,hbsd/src/usr.sbin/rpc.yppasswdd/yppasswdd_main.c,usr.sbin/rpc.yppasswdd,350,PENDING,
b1076,hbsd/src/usr.sbin/rpc.yppasswdd/yppasswdd_server.c,usr.sbin/rpc.yppasswdd,944,PENDING,
b1077,hbsd/src/usr.bin/mkimg/vmdk.c,usr.bin/mkimg,259,PENDING,
b1077,hbsd/src/usr.bin/mkimg/qcow.c,usr.bin/mkimg,367,PENDING,
b1077,hbsd/src/usr.bin/mkimg/vhd.c,usr.bin/mkimg,414,PENDING,
b1077,hbsd/src/usr.bin/mkimg/gpt.c,usr.bin/mkimg,304,DEFERRED,
b1078,hbsd/src/usr.sbin/bsdinstall/partedit/partedit_powerpc.c,usr.sbin/bsdinstall/partedit,145,PENDING,
b1078,hbsd/src/usr.sbin/bsdinstall/partedit/scripted.c,usr.sbin/bsdinstall/partedit,233,DEFERRED,
b1078,hbsd/src/usr.sbin/bsdinstall/partedit/part_wizard.c,usr.sbin/bsdinstall/partedit,428,DEFERRED,
b1078,hbsd/src/usr.sbin/bsdinstall/partedit/partedit.c,usr.sbin/bsdinstall/partedit,628,DEFERRED,
b1079,hbsd/src/usr.bin/chat/chat.c,usr.bin/chat,1526,PENDING,
b1080,hbsd/src/usr.bin/gprof/elf.c,usr.bin/gprof,140,PENDING,
b1080,hbsd/src/usr.bin/gprof/dfn.c,usr.bin/gprof,315,PENDING,
b1080,hbsd/src/usr.bin/gprof/gprof.c,usr.bin/gprof,580,PENDING,
b1080,hbsd/src/usr.bin/gprof/printgprof.c,usr.bin/gprof,740,PENDING,
b1081,hbsd/src/usr.bin/procstat/procstat_auxv.c,usr.bin/procstat,260,PENDING,
b1081,hbsd/src/usr.bin/procstat/procstat_kqueue.c,usr.bin/procstat,319,DEFERRED,
b1081,hbsd/src/usr.bin/procstat/procstat_files.c,usr.bin/procstat,606,DEFERRED,
b1081,hbsd/src/usr.bin/procstat/procstat.c,usr.bin/procstat,653,PENDING,
b1082,hbsd/src/usr.sbin/bsnmpd/modules/snmp_hostres/hostres_scalars.c,usr.sbin/bsnmpd/modules/snmp_hostres,467,PENDING,
b1082,hbsd/src/usr.sbin/bsnmpd/modules/snmp_hostres/hostres_processor_tbl.c,usr.sbin/bsnmpd/modules/snmp_hostres,429,DEFERRED,
b1082,hbsd/src/usr.sbin/bsnmpd/modules/snmp_hostres/hostres_fs_tbl.c,usr.sbin/bsnmpd/modules/snmp_hostres,471,DEFERRED,
b1082,hbsd/src/usr.sbin/bsnmpd/modules/snmp_hostres/hostres_swinstalled_tbl.c,usr.sbin/bsnmpd/modules/snmp_hostres,553,DEFERRED,
b1083,hbsd/src/usr.bin/indent/lexi.c,usr.bin/indent,647,PENDING,
b1083,hbsd/src/usr.bin/indent/indent.c,usr.bin/indent,1303,DEFERRED,
b1084,hbsd/src/usr.bin/diff/diff.c,usr.bin/diff,698,PENDING,
b1084,hbsd/src/usr.bin/diff/diffreg.c,usr.bin/diff,1758,PENDING,
b1085,hbsd/src/sys/netpfil/ipfilter/netinet/ip_htable.c,sys/netpfil/ipfilter/netinet,1417,PENDING,
b1085,hbsd/src/sys/netpfil/ipfilter/netinet/ip_proxy.c,sys/netpfil/ipfilter/netinet,1417,PENDING,
b1085,hbsd/src/sys/netpfil/ipfilter/netinet/ip_pool.c,sys/netpfil/ipfilter/netinet,1399,PENDING,
b1085,hbsd/src/sys/netpfil/ipfilter/netinet/ip_ftp_pxy.c,sys/netpfil/ipfilter/netinet,2049,PENDING,
b1086,hbsd/src/sys/kern/uipc_sockbuf.c,sys/kern,1891,PENDING,
b1086,hbsd/src/sys/kern/sysv_shm.c,sys/kern,1763,DEFERRED,
b1086,hbsd/src/sys/kern/subr_vmem.c,sys/kern,1947,DEFERRED,
b1086,hbsd/src/sys/kern/kern_shutdown.c,sys/kern,1842,DEFERRED,
b1087,hbsd/src/usr.bin/lex/initparse.c,usr.bin/lex,1843,DEFERRED,
b1087,hbsd/src/usr.bin/lex/initskel.c,usr.bin/lex,4080,DEFERRED,
b1087,hbsd/src/usr.bin/lex/initscan.c,usr.bin/lex,5241,DEFERRED,
b1088,hbsd/src/usr.bin/comm/comm.c,usr.bin/comm,239,PENDING,
b1089,hbsd/src/usr.bin/pom/pom.c,usr.bin/pom,242,PENDING,
b1090,hbsd/src/usr.bin/number/number.c,usr.bin/number,271,PENDING,
b1091,hbsd/src/usr.bin/finger/finger.c,usr.bin/finger,394,PENDING,
b1092,hbsd/src/usr.bin/usbhidaction/usbhidaction.c,usr.bin/usbhidaction,519,PENDING,
b1093,hbsd/src/usr.sbin/binmiscctl/binmiscctl.c,usr.sbin/binmiscctl,519,PENDING,
b1094,hbsd/src/usr.bin/gprof/arcs.c,usr.bin/gprof,947,PENDING,
b1095,hbsd/src/usr.bin/diff3/diff3.c,usr.bin/diff3,1113,PENDING,
b1096,hbsd/src/usr.sbin/pmcstat/pmcpl_annotate.c,usr.sbin/pmcstat,110,PENDING,
b1096,hbsd/src/usr.sbin/pmcstat/pmcpl_annotate_cg.c,usr.sbin/pmcstat,128,PENDING,
b1096,hbsd/src/usr.sbin/pmcstat/pmcpl_gprof.c,usr.sbin/pmcstat,572,DEFERRED,
b1096,hbsd/src/usr.sbin/pmcstat/pmcpl_callgraph.c,usr.sbin/pmcstat,708,DEFERRED,
b1097,hbsd/src/usr.bin/localedef/localedef.c,usr.bin/localedef,379,PENDING,
b1097,hbsd/src/usr.bin/localedef/charmap.c,usr.bin/localedef,395,DEFERRED,
b1097,hbsd/src/usr.bin/localedef/ctype.c,usr.bin/localedef,484,DEFERRED,
b1097,hbsd/src/usr.bin/localedef/wide.c,usr.bin/localedef,664,PENDING,
b1098,hbsd/src/usr.bin/calendar/sunpos.c,usr.bin/calendar,448,PENDING,
b1098,hbsd/src/usr.bin/calendar/io.c,usr.bin/calendar,728,PENDING,
b1098,hbsd/src/usr.bin/calendar/parsedata.c,usr.bin/calendar,1121,PENDING,
b1099,hbsd/src/usr.bin/rpcgen/rpc_scan.c,usr.bin/rpcgen,488,PENDING,
b1099,hbsd/src/usr.bin/rpcgen/rpc_hout.c,usr.bin/rpcgen,513,PENDING,
b1099,hbsd/src/usr.bin/rpcgen/rpc_parse.c,usr.bin/rpcgen,620,PENDING,
b1099,hbsd/src/usr.bin/rpcgen/rpc_cout.c,usr.bin/rpcgen,710,PENDING,
b1100,hbsd/src/usr.sbin/bsnmpd/modules/snmp_hostres/hostres_partition_tbl.c,usr.sbin/bsnmpd/modules/snmp_hostres,624,DEFERRED,
b1100,hbsd/src/usr.sbin/bsnmpd/modules/snmp_hostres/hostres_diskstorage_tbl.c,usr.sbin/bsnmpd/modules/snmp_hostres,651,DEFERRED,
b1100,hbsd/src/usr.sbin/bsnmpd/modules/snmp_hostres/hostres_storage_tbl.c,usr.sbin/bsnmpd/modules/snmp_hostres,663,DEFERRED,
b1100,hbsd/src/usr.sbin/bsnmpd/modules/snmp_hostres/hostres_device_tbl.c,usr.sbin/bsnmpd/modules/snmp_hostres,683,DEFERRED,
b1101,hbsd/src/usr.sbin/moused/moused/util-list.c,usr.sbin/moused/moused,86,PENDING,
b1101,hbsd/src/usr.sbin/moused/moused/util-evdev.c,usr.sbin/moused/moused,173,PENDING,
b1101,hbsd/src/usr.sbin/moused/moused/util.c,usr.sbin/moused/moused,423,PENDING,
b1101,hbsd/src/usr.sbin/moused/moused/quirks.c,usr.sbin/moused/moused,2033,PENDING,
b1102,hbsd/src/usr.bin/gzip/unxz.c,usr.bin/gzip,474,PENDING,
b1102,hbsd/src/usr.bin/gzip/unlz.c,usr.bin/gzip,642,PENDING,
b1102,hbsd/src/usr.bin/gzip/gzip.c,usr.bin/gzip,2261,DEFERRED,
b1103,hbsd/src/sys/kern/sys_pipe.c,sys/kern,1921,DEFERRED,
b1103,hbsd/src/sys/kern/sysv_msg.c,sys/kern,1951,DEFERRED,
b1103,hbsd/src/sys/kern/kern_ubsan.c,sys/kern,1703,PENDING,
b1103,hbsd/src/sys/kern/sysv_sem.c,sys/kern,2057,DEFERRED,
b1104,hbsd/src/sys/kern/kern_exec.c,sys/kern,2229,DEFERRED,
b1104,hbsd/src/sys/kern/kern_tc.c,sys/kern,2271,DEFERRED,
b1104,hbsd/src/sys/kern/uipc_shm.c,sys/kern,2288,DEFERRED,
b1104,hbsd/src/sys/kern/tty.c,sys/kern,2531,DEFERRED,
b1105,hbsd/src/usr.bin/uniq/uniq.c,usr.bin/uniq,373,PENDING,
b1106,hbsd/src/usr.bin/elfctl/elfctl.c,usr.bin/elfctl,469,PENDING,
b1107,hbsd/src/usr.bin/fetch/fetch.c,usr.bin/fetch,1227,PENDING,
b1108,hbsd/src/usr.sbin/arp/arp_netlink.c,usr.sbin/arp,451,PENDING,
b1108,hbsd/src/usr.sbin/arp/arp.c,usr.sbin/arp,899,PENDING,
b1109,hbsd/src/usr.bin/localedef/scanner.c,usr.bin/localedef,864,PENDING,
b1109,hbsd/src/usr.bin/localedef/collate.c,usr.bin/localedef,1329,DEFERRED,
b1110,hbsd/src/usr.sbin/acpi/acpidump/acpidump.c,usr.sbin/acpi/acpidump,160,PENDING,
b1110,hbsd/src/usr.sbin/acpi/acpidump/acpi_user.c,usr.sbin/acpi/acpidump,222,DEFERRED,
b1110,hbsd/src/usr.sbin/acpi/acpidump/acpi.c,usr.sbin/acpi/acpidump,3055,PENDING,
b1111,hbsd/src/sys/kern/uipc_mbuf.c,sys/kern,2390,DEFERRED,
b1111,hbsd/src/sys/kern/kern_linker.c,sys/kern,2477,DEFERRED,
b1111,hbsd/src/sys/kern/kern_cpuset.c,sys/kern,2635,DEFERRED,
b1111,hbsd/src/sys/kern/uipc_mqueue.c,sys/kern,2953,DEFERRED,
b1112,hbsd/src/sys/kern/kern_lockf.c,sys/kern,2667,DEFERRED,
b1112,hbsd/src/sys/kern/kern_sysctl.c,sys/kern,3169,DEFERRED,
b1112,hbsd/src/sys/kern/imgact_elf.c,sys/kern,2863,DEFERRED,
b1112,hbsd/src/sys/kern/kern_prot.c,sys/kern,3233,DEFERRED,
b1113,hbsd/src/sys/security/mac_priority/mac_priority.c,sys/security/mac_priority,81,PENDING,
b1114,hbsd/src/usr.bin/mkfifo/mkfifo.c,usr.bin/mkfifo,98,PENDING,
b1115,hbsd/src/usr.bin/nice/nice.c,usr.bin/nice,98,PENDING,
b1116,hbsd/src/usr.bin/rev/rev.c,usr.bin/rev,101,PENDING,
b1117,hbsd/src/usr.sbin/setfib/setfib.c,usr.sbin/setfib,105,PENDING,
b1118,hbsd/src/usr.bin/stdbuf/stdbuf.c,usr.bin/stdbuf,108,VERIFIED,
b1119,hbsd/src/usr.bin/what/what.c,usr.bin/what,125,PENDING,
b1120,hbsd/src/usr.bin/soelim/soelim.c,usr.bin/soelim,174,PENDING,
b1121,hbsd/src/usr.sbin/quotaon/quotaon.c,usr.sbin/quotaon,180,PENDING,
b1122,hbsd/src/usr.bin/tee/tee.c,usr.bin/tee,193,DEFERRED,
b1123,hbsd/src/usr.bin/pathchk/pathchk.c,usr.bin/pathchk,201,PENDING,
b1124,hbsd/src/usr.bin/mktemp/mktemp.c,usr.bin/mktemp,203,PENDING,
b1125,hbsd/src/usr.bin/unexpand/unexpand.c,usr.bin/unexpand,215,PENDING,
b1126,hbsd/src/usr.sbin/wake/wake.c,usr.sbin/wake,216,PENDING,
b1127,hbsd/src/usr.bin/truncate/truncate.c,usr.bin/truncate,227,PENDING,
b1128,hbsd/src/usr.bin/mkuzip/mkuz_time.c,usr.bin/mkuzip,43,VERIFIED,
b1128,hbsd/src/usr.bin/mkuzip/mkuz_blk.c,usr.bin/mkuzip,43,PENDING,
b1128,hbsd/src/usr.bin/mkuzip/mkuz_zlib.c,usr.bin/mkuzip,81,PENDING,
b1128,hbsd/src/usr.bin/mkuzip/mkuz_insize.c,usr.bin/mkuzip,81,PENDING,
b1129,hbsd/src/usr.bin/paste/paste.c,usr.bin/paste,259,PENDING,
b1130,hbsd/src/usr.sbin/bhyve/pci_passthru_quirks.c,usr.sbin/bhyve,48,PENDING,
b1130,hbsd/src/usr.sbin/bhyve/mem_md.c,usr.sbin/bhyve,44,PENDING,
b1130,hbsd/src/usr.sbin/bhyve/tpm_emul_passthru.c,usr.sbin/bhyve,107,PENDING,
b1130,hbsd/src/usr.sbin/bhyve/sockstream.c,usr.sbin/bhyve,81,PENDING,
b1131,hbsd/src/sys/netgraph/bluetooth/common/ng_bluetooth.c,sys/netgraph/bluetooth/common,292,DEFERRED,
b1132,hbsd/src/usr.bin/time/time.c,usr.bin/time,305,PENDING,
b1133,hbsd/src/usr.bin/ruptime/ruptime.c,usr.bin/ruptime,310,PENDING,
b1134,hbsd/src/usr.bin/newgrp/newgrp.c,usr.bin/newgrp,313,PENDING,
b1135,hbsd/src/usr.sbin/ngctl/shutdown.c,usr.sbin/ngctl,74,SKIPPED,
b1135,hbsd/src/usr.sbin/ngctl/name.c,usr.sbin/ngctl,77,SKIPPED,
b1135,hbsd/src/usr.sbin/ngctl/rmhook.c,usr.sbin/ngctl,82,SKIPPED,
b1135,hbsd/src/usr.sbin/ngctl/debug.c,usr.sbin/ngctl,80,SKIPPED,
b1136,hbsd/src/usr.sbin/chown/chown.c,usr.sbin/chown,314,PENDING,
b1137,hbsd/src/usr.sbin/extattr/rmextattr.c,usr.sbin/extattr,314,PENDING,
b1138,hbsd/src/sys/security/mac_seeotheruids/mac_seeotheruids.c,sys/security/mac_seeotheruids,340,PENDING,
b1139,hbsd/src/usr.sbin/memcontrol/memcontrol.c,usr.sbin/memcontrol,342,PENDING,
b1140,hbsd/src/usr.bin/write/write.c,usr.bin/write,344,PENDING,
b1141,hbsd/src/usr.sbin/ngctl/mkpeer.c,usr.sbin/ngctl,86,SKIPPED,
b1141,hbsd/src/usr.sbin/ngctl/connect.c,usr.sbin/ngctl,86,SKIPPED,
b1141,hbsd/src/usr.sbin/ngctl/status.c,usr.sbin/ngctl,97,SKIPPED,
b1141,hbsd/src/usr.sbin/ngctl/types.c,usr.sbin/ngctl,97,SKIPPED,
b1142,hbsd/src/usr.sbin/ppp/probe.c,usr.sbin/ppp,78,VERIFIED,
b1142,hbsd/src/usr.sbin/ppp/sync.c,usr.sbin/ppp,84,SKIPPED,
b1142,hbsd/src/usr.sbin/ppp/proto.c,usr.sbin/ppp,115,SKIPPED,
b1142,hbsd/src/usr.sbin/ppp/tun.c,usr.sbin/ppp,119,PENDING,
b1143,hbsd/src/usr.sbin/tcpdrop/tcpdrop.c,usr.sbin/tcpdrop,398,PENDING,
b1144,hbsd/src/usr.sbin/mlx5tool/mlx5tool.c,usr.sbin/mlx5tool,399,PENDING,
b1145,hbsd/src/usr.bin/touch/touch.c,usr.bin/touch,402,PENDING,
b1146,hbsd/src/usr.bin/lockf/lockf.c,usr.bin/lockf,433,PENDING,
b1147,hbsd/src/usr.sbin/watch/watch.c,usr.sbin/watch,438,PENDING,
b1148,hbsd/src/usr.bin/logger/logger.c,usr.bin/logger,444,PENDING,
b1149,hbsd/src/usr.bin/wall/ttymsg.c,usr.bin/wall,171,PENDING,
b1149,hbsd/src/usr.bin/wall/wall.c,usr.bin/wall,280,PENDING,
b1150,hbsd/src/usr.bin/xstr/xstr.c,usr.bin/xstr,480,PENDING,
b1151,hbsd/src/usr.sbin/ip6addrctl/ip6addrctl.c,usr.sbin/ip6addrctl,507,DEFERRED,
b1152,hbsd/src/usr.sbin/ngctl/config.c,usr.sbin/ngctl,114,SKIPPED,
b1152,hbsd/src/usr.sbin/ngctl/write.c,usr.sbin/ngctl,127,SKIPPED,
b1152,hbsd/src/usr.sbin/ngctl/show.c,usr.sbin/ngctl,134,SKIPPED,
b1152,hbsd/src/usr.sbin/ngctl/list.c,usr.sbin/ngctl,144,SKIPPED,
b1153,hbsd/src/sys/netinet/in_debug.c,sys/netinet,115,PENDING,
b1153,hbsd/src/sys/netinet/sctp_module.c,sys/netinet,135,DEFERRED,
b1153,hbsd/src/sys/netinet/sctp_crc32.c,sys/netinet,136,PENDING,
b1153,hbsd/src/sys/netinet/in_proto.c,sys/netinet,137,DEFERRED,
b1154,hbsd/src/usr.sbin/mixer/mixer.c,usr.sbin/mixer,523,DEFERRED,
b1155,hbsd/src/usr.sbin/quot/quot.c,usr.sbin/quot,532,PENDING,
b1156,hbsd/src/usr.sbin/acpi/acpidb/acpidb.c,usr.sbin/acpi/acpidb,540,DEFERRED,
b1157,hbsd/src/usr.sbin/pw/pwupd.c,usr.sbin/pw,149,PENDING,
b1157,hbsd/src/usr.sbin/pw/pw_log.c,usr.sbin/pw,115,PENDING,
b1157,hbsd/src/usr.sbin/pw/pw_utils.c,usr.sbin/pw,140,PENDING,
b1157,hbsd/src/usr.sbin/pw/cpdir.c,usr.sbin/pw,154,PENDING,
b1158,hbsd/src/usr.sbin/zonectl/zonectl.c,usr.sbin/zonectl,586,PENDING,
b1159,hbsd/src/usr.bin/posixshmcontrol/posixshmcontrol.c,usr.bin/posixshmcontrol,592,PENDING,
b1160,hbsd/src/usr.sbin/boot0cfg/boot0cfg.c,usr.sbin/boot0cfg,599,DEFERRED,
b1161,hbsd/src/sys/netgraph/ng_echo.c,sys/netgraph,118,PENDING,
b1161,hbsd/src/sys/netgraph/ng_ether_echo.c,sys/netgraph,142,PENDING,
b1161,hbsd/src/sys/netgraph/ng_hub.c,sys/netgraph,171,DEFERRED,
b1161,hbsd/src/sys/netgraph/ng_split.c,sys/netgraph,176,PENDING,
b1162,hbsd/src/usr.bin/mail/strings.c,usr.bin/mail,120,PENDING,
b1162,hbsd/src/usr.bin/mail/vars.c,usr.bin/mail,177,PENDING,
b1162,hbsd/src/usr.bin/mail/cmdtab.c,usr.bin/mail,115,DEFERRED,
b1162,hbsd/src/usr.bin/mail/edit.c,usr.bin/mail,208,PENDING,
b1163,hbsd/src/usr.sbin/pwd_mkdb/pwd_mkdb.c,usr.sbin/pwd_mkdb,666,SKIPPED,
b1164,hbsd/src/usr.sbin/mpsutil/mps_slot.c,usr.sbin/mpsutil,114,PENDING,
b1164,hbsd/src/usr.sbin/mpsutil/mps_set.c,usr.sbin/mpsutil,125,PENDING,
b1164,hbsd/src/usr.sbin/mpsutil/mps_debug.c,usr.sbin/mpsutil,183,PENDING,
b1164,hbsd/src/usr.sbin/mpsutil/mpsutil.c,usr.sbin/mpsutil,247,PENDING,
b1165,hbsd/src/usr.sbin/rpc.tlsclntd/rpc.tlsclntd.c,usr.sbin/rpc.tlsclntd,673,DEFERRED,
b1166,hbsd/src/usr.sbin/traceroute/findsaddr-udp.c,usr.sbin/traceroute,94,PENDING,
b1166,hbsd/src/usr.sbin/traceroute/findsaddr-socket.c,usr.sbin/traceroute,184,PENDING,
b1166,hbsd/src/usr.sbin/traceroute/ifaddrlist.c,usr.sbin/traceroute,160,PENDING,
b1166,hbsd/src/usr.sbin/traceroute/as.c,usr.sbin/traceroute,237,PENDING,
b1167,hbsd/src/usr.sbin/ppp/sig.c,usr.sbin/ppp,119,PENDING,
b1167,hbsd/src/usr.sbin/ppp/acf.c,usr.sbin/ppp,116,SKIPPED,
b1167,hbsd/src/usr.sbin/ppp/async.c,usr.sbin/ppp,219,SKIPPED,
b1167,hbsd/src/usr.sbin/ppp/iplist.c,usr.sbin/ppp,225,PENDING,
b1168,hbsd/src/usr.sbin/pppctl/pppctl.c,usr.sbin/pppctl,681,PENDING,
b1169,hbsd/src/usr.sbin/rpc.ypupdated/yp_dbdelete.c,usr.sbin/rpc.ypupdated,68,PENDING,
b1169,hbsd/src/usr.sbin/rpc.ypupdated/yp_dbupdate.c,usr.sbin/rpc.ypupdated,147,PENDING,
b1169,hbsd/src/usr.sbin/rpc.ypupdated/ypupdated_server.c,usr.sbin/rpc.ypupdated,227,PENDING,
b1169,hbsd/src/usr.sbin/rpc.ypupdated/ypupdated_main.c,usr.sbin/rpc.ypupdated,287,PENDING,
b1170,hbsd/src/usr.sbin/cron/cron/job.c,usr.sbin/cron/cron,77,PENDING,
b1170,hbsd/src/usr.sbin/cron/cron/user.c,usr.sbin/cron/cron,123,PENDING,
b1170,hbsd/src/usr.sbin/cron/cron/popen.c,usr.sbin/cron/cron,238,PENDING,
b1170,hbsd/src/usr.sbin/cron/cron/database.c,usr.sbin/cron/cron,318,PENDING,
b1171,hbsd/src/usr.sbin/bhyve/pci_uart.c,usr.sbin/bhyve,129,PENDING,
b1171,hbsd/src/usr.sbin/bhyve/acpi_device.c,usr.sbin/bhyve,213,DEFERRED,
b1171,hbsd/src/usr.sbin/bhyve/net_backend_netgraph.c,usr.sbin/bhyve,191,DEFERRED,
b1171,hbsd/src/usr.sbin/bhyve/tpm_device.c,usr.sbin/bhyve,256,PENDING,
b1172,hbsd/src/sys/net80211/ieee80211_crypto_none.c,sys/net80211,155,PENDING,
b1172,hbsd/src/sys/net80211/ieee80211_alq.c,sys/net80211,174,PENDING,
b1172,hbsd/src/sys/net80211/ieee80211_ageq.c,sys/net80211,239,PENDING,
b1172,hbsd/src/sys/net80211/ieee80211_action.c,sys/net80211,284,PENDING,
b1173,hbsd/src/usr.sbin/bluetooth/ath3kfw/ath3k_fw.c,usr.sbin/bluetooth/ath3kfw,110,PENDING,
b1173,hbsd/src/usr.sbin/bluetooth/ath3kfw/ath3k_hw.c,usr.sbin/bluetooth/ath3kfw,356,PENDING,
b1173,hbsd/src/usr.sbin/bluetooth/ath3kfw/main.c,usr.sbin/bluetooth/ath3kfw,392,PENDING,
b1174,hbsd/src/usr.sbin/lpr/common_source/request.c,usr.sbin/lpr/common_source,79,DEFERRED,
b1174,hbsd/src/usr.sbin/lpr/common_source/startdaemon.c,usr.sbin/lpr/common_source,99,PENDING,
b1174,hbsd/src/usr.sbin/lpr/common_source/net.c,usr.sbin/lpr/common_source,296,PENDING,
b1174,hbsd/src/usr.sbin/lpr/common_source/rmjob.c,usr.sbin/lpr/common_source,386,PENDING,
b1175,hbsd/src/usr.bin/procstat/procstat_rusage.c,usr.bin/procstat,194,PENDING,
b1175,hbsd/src/usr.bin/procstat/procstat_vm.c,usr.bin/procstat,180,PENDING,
b1175,hbsd/src/usr.bin/procstat/procstat_kstack.c,usr.bin/procstat,247,PENDING,
b1175,hbsd/src/usr.bin/procstat/procstat_sigs.c,usr.bin/procstat,244,PENDING,
b1176,hbsd/src/usr.bin/mdo/mdo.c,usr.bin/mdo,885,PENDING,
b1177,hbsd/src/usr.bin/msgs/msgs.c,usr.bin/msgs,896,PENDING,
b1178,hbsd/src/sys/security/mac_bsdextended/ugidfw_system.c,sys/security/mac_bsdextended,89,PENDING,
b1178,hbsd/src/sys/security/mac_bsdextended/ugidfw_vnode.c,sys/security/mac_bsdextended,293,PENDING,
b1178,hbsd/src/sys/security/mac_bsdextended/mac_bsdextended.c,sys/security/mac_bsdextended,523,PENDING,
b1179,hbsd/src/usr.sbin/fstyp/ntfs.c,usr.sbin/fstyp,210,PENDING,
b1179,hbsd/src/usr.sbin/fstyp/hammer.c,usr.sbin/fstyp,211,PENDING,
b1179,hbsd/src/usr.sbin/fstyp/msdosfs.c,usr.sbin/fstyp,198,PENDING,
b1179,hbsd/src/usr.sbin/fstyp/hammer2.c,usr.sbin/fstyp,289,PENDING,
b1180,hbsd/src/usr.bin/xargs/strnsubst.c,usr.bin/xargs,112,PENDING,
b1180,hbsd/src/usr.bin/xargs/xargs.c,usr.bin/xargs,803,PENDING,
b1181,hbsd/src/usr.sbin/edquota/edquota.c,usr.sbin/edquota,947,PENDING,
b1182,hbsd/src/usr.sbin/daemon/daemon.c,usr.sbin/daemon,951,PENDING,
b1183,hbsd/src/usr.sbin/mfiutil/mfi_properties.c,usr.sbin/mfiutil,171,PENDING,
b1183,hbsd/src/usr.sbin/mfiutil/mfi_flash.c,usr.sbin/mfiutil,209,PENDING,
b1183,hbsd/src/usr.sbin/mfiutil/mfi_bbu.c,usr.sbin/mfiutil,244,PENDING,
b1183,hbsd/src/usr.sbin/mfiutil/mfi_patrol.c,usr.sbin/mfiutil,336,PENDING,
b1184,hbsd/src/usr.bin/locate/locate/util.c,usr.bin/locate/locate,297,PENDING,
b1184,hbsd/src/usr.bin/locate/locate/fastfind.c,usr.bin/locate/locate,343,PENDING,
b1184,hbsd/src/usr.bin/locate/locate/locate.c,usr.bin/locate/locate,337,PENDING,
b1185,hbsd/src/usr.sbin/usbdump/usbdump.c,usr.sbin/usbdump,1037,DEFERRED,
b1186,hbsd/src/usr.sbin/ngctl/msg.c,usr.sbin/ngctl,156,SKIPPED,
b1186,hbsd/src/usr.sbin/ngctl/dot.c,usr.sbin/ngctl,219,SKIPPED,
b1186,hbsd/src/usr.sbin/ngctl/main.c,usr.sbin/ngctl,680,SKIPPED,
b1187,hbsd/src/usr.bin/sdiotool/linux_sdio_compat.c,usr.bin/sdiotool,100,DEFERRED,
b1187,hbsd/src/usr.bin/sdiotool/cam_sdio.c,usr.bin/sdiotool,436,PENDING,
b1187,hbsd/src/usr.bin/sdiotool/sdiotool.c,usr.bin/sdiotool,552,PENDING,
b1188,hbsd/src/usr.bin/gcore/elf32core.c,usr.bin/gcore,10,DEFERRED,
b1188,hbsd/src/usr.bin/gcore/gcore.c,usr.bin/gcore,216,PENDING,
b1188,hbsd/src/usr.bin/gcore/elfcore.c,usr.bin/gcore,888,DEFERRED,
b1189,hbsd/src/usr.sbin/dconschat/dconschat.c,usr.sbin/dconschat,1150,PENDING,
b1190,hbsd/src/usr.bin/patch/mkpath.c,usr.bin/patch,79,VERIFIED,
b1190,hbsd/src/usr.bin/patch/backupfile.c,usr.bin/patch,244,PENDING,
b1190,hbsd/src/usr.bin/patch/util.c,usr.bin/patch,423,PENDING,
b1190,hbsd/src/usr.bin/patch/inp.c,usr.bin/patch,432,PENDING,
b1191,hbsd/src/usr.bin/ncal/ncal.c,usr.bin/ncal,1190,PENDING,
b1192,hbsd/src/usr.sbin/mlxcontrol/util.c,usr.sbin/mlxcontrol,172,PENDING,
b1192,hbsd/src/usr.sbin/mlxcontrol/config.c,usr.sbin/mlxcontrol,157,PENDING,
b1192,hbsd/src/usr.sbin/mlxcontrol/interface.c,usr.sbin/mlxcontrol,289,PENDING,
b1192,hbsd/src/usr.sbin/mlxcontrol/command.c,usr.sbin/mlxcontrol,712,PENDING,
b1193,hbsd/src/usr.sbin/sa/db.c,usr.sbin/sa,206,PENDING,
b1193,hbsd/src/usr.sbin/sa/usrdb.c,usr.sbin/sa,238,PENDING,
b1193,hbsd/src/usr.sbin/sa/pdb.c,usr.sbin/sa,373,PENDING,
b1193,hbsd/src/usr.sbin/sa/main.c,usr.sbin/sa,525,PENDING,
b1194,hbsd/src/usr.sbin/kbdcontrol/kbdcontrol.c,usr.sbin/kbdcontrol,1353,DEFERRED,
b1195,hbsd/src/usr.bin/sdiff/edit.c,usr.bin/sdiff,208,PENDING,
b1195,hbsd/src/usr.bin/sdiff/sdiff.c,usr.bin/sdiff,1178,DEFERRED,
b1196,hbsd/src/usr.sbin/ppp/pred.c,usr.sbin/ppp,345,SKIPPED,
b1196,hbsd/src/usr.sbin/ppp/pap.c,usr.sbin/ppp,303,SKIPPED,
b1196,hbsd/src/usr.sbin/ppp/throughput.c,usr.sbin/ppp,302,PENDING,
b1196,hbsd/src/usr.sbin/ppp/mbuf.c,usr.sbin/ppp,440,PENDING,
b1197,hbsd/src/usr.sbin/crunch/crunchgen/crunched_main.c,usr.sbin/crunch/crunchgen,227,PENDING,
b1197,hbsd/src/usr.sbin/crunch/crunchgen/crunchgen.c,usr.sbin/crunch/crunchgen,1252,PENDING,
b1198,hbsd/src/usr.bin/xinstall/xinstall.c,usr.bin/xinstall,1506,PENDING,
b1199,hbsd/src/usr.bin/mt/mt.c,usr.bin/mt,1583,DEFERRED,
b1200,hbsd/src/sys/netlink/netlink_glue.c,sys/netlink,292,PENDING,
b1200,hbsd/src/sys/netlink/netlink_io.c,sys/netlink,372,DEFERRED,
b1200,hbsd/src/sys/netlink/netlink_message_writer.c,sys/netlink,401,PENDING,
b1200,hbsd/src/sys/netlink/netlink_generic.c,sys/netlink,533,DEFERRED,
b1201,hbsd/src/sys/net/mppcc.c,sys/net,298,PENDING,
b1201,hbsd/src/sys/net/if_edsc.c,sys/net,367,DEFERRED,
b1201,hbsd/src/sys/net/if_loop.c,sys/net,446,DEFERRED,
b1201,hbsd/src/sys/net/dummymbuf.c,sys/net,518,DEFERRED,
b1202,hbsd/src/sys/netpfil/ipfilter/netinet/ip_dns_pxy.c,sys/netpfil/ipfilter/netinet,373,PENDING,
b1202,hbsd/src/sys/netpfil/ipfilter/netinet/ip_irc_pxy.c,sys/netpfil/ipfilter/netinet,426,PENDING,
b1202,hbsd/src/sys/netpfil/ipfilter/netinet/ip_ipsec_pxy.c,sys/netpfil/ipfilter/netinet,409,PENDING,
b1202,hbsd/src/sys/netpfil/ipfilter/netinet/ip_tftp_pxy.c,sys/netpfil/ipfilter/netinet,480,PENDING,
b1203,hbsd/src/usr.sbin/fwcontrol/fwmpegts.c,usr.sbin/fwcontrol,271,PENDING,
b1203,hbsd/src/usr.sbin/fwcontrol/fwdv.c,usr.sbin/fwcontrol,415,PENDING,
b1203,hbsd/src/usr.sbin/fwcontrol/fwcontrol.c,usr.sbin/fwcontrol,1090,PENDING,
b1204,hbsd/src/sys/netgraph/ng_vlan_rotate.c,sys/netgraph,508,PENDING,
b1204,hbsd/src/sys/netgraph/ng_etf.c,sys/netgraph,483,DEFERRED,
b1204,hbsd/src/sys/netgraph/ng_frame_relay.c,sys/netgraph,501,PENDING,
b1204,hbsd/src/sys/netgraph/ng_rfc1490.c,sys/netgraph,486,PENDING,
b1205,hbsd/src/usr.bin/mkimg/image.c,usr.bin/mkimg,755,DEFERRED,
b1205,hbsd/src/usr.bin/mkimg/vhdx.c,usr.bin/mkimg,535,PENDING,
b1205,hbsd/src/usr.bin/mkimg/mkimg.c,usr.bin/mkimg,770,DEFERRED,
b1206,hbsd/src/usr.sbin/ndp/ndp_netlink.c,usr.sbin/ndp,524,PENDING,
b1206,hbsd/src/usr.sbin/ndp/ndp.c,usr.sbin/ndp,1563,PENDING,
b1207,hbsd/src/sys/net/bpf_filter.c,sys/net,601,PENDING,
b1207,hbsd/src/sys/net/if_enc.c,sys/net,449,DEFERRED,
b1207,hbsd/src/sys/net/debugnet_inet.c,sys/net,501,PENDING,
b1207,hbsd/src/sys/net/mp_ring.c,sys/net,545,PENDING,
b1208,hbsd/src/sys/vm/vm_domainset.c,sys/vm,410,PENDING,
b1208,hbsd/src/sys/vm/memguard.c,sys/vm,509,DEFERRED,
b1208,hbsd/src/sys/vm/device_pager.c,sys/vm,561,DEFERRED,
b1208,hbsd/src/sys/vm/vm_pager.c,sys/vm,626,DEFERRED,
b1209,hbsd/src/sys/net/if_media.c,sys/net,524,DEFERRED,
b1209,hbsd/src/sys/net/rss_config.c,sys/net,546,DEFERRED,
b1209,hbsd/src/sys/net/bpf_zerocopy.c,sys/net,591,PENDING,
b1209,hbsd/src/sys/net/slcompress.c,sys/net,588,PENDING,
b1210,hbsd/src/usr.sbin/makefs/msdos.c,usr.sbin/makefs,268,PENDING,
b1210,hbsd/src/usr.sbin/makefs/makefs.c,usr.sbin/makefs,530,PENDING,
b1210,hbsd/src/usr.sbin/makefs/walk.c,usr.sbin/makefs,699,PENDING,
b1210,hbsd/src/usr.sbin/makefs/zfs.c,usr.sbin/makefs,808,DEFERRED,
b1211,hbsd/src/usr.bin/rpcgen/rpc_svcout.c,usr.bin/rpcgen,1015,PENDING,
b1211,hbsd/src/usr.bin/rpcgen/rpc_main.c,usr.bin/rpcgen,1354,PENDING,
b1212,hbsd/src/usr.bin/sed/misc.c,usr.bin/sed,68,PENDING,
b1212,hbsd/src/usr.bin/sed/main.c,usr.bin/sed,544,PENDING,
b1212,hbsd/src/usr.bin/sed/process.c,usr.bin/sed,784,PENDING,
b1212,hbsd/src/usr.bin/sed/compile.c,usr.bin/sed,1071,PENDING,
b1213,hbsd/src/sys/netinet/libalias/alias_sctp.c,sys/netinet/libalias,2736,DEFERRED,
b1214,hbsd/src/usr.sbin/pciconf/err.c,usr.sbin/pciconf,170,PENDING,
b1214,hbsd/src/usr.sbin/pciconf/cap.c,usr.sbin/pciconf,1348,PENDING,
b1214,hbsd/src/usr.sbin/pciconf/pciconf.c,usr.sbin/pciconf,1484,DEFERRED,
b1215,hbsd/src/usr.sbin/camdd/camdd.c,usr.sbin/camdd,3625,DEFERRED,
b1216,hbsd/src/sys/netgraph/ng_macfilter.c,sys/netgraph,876,PENDING,
b1216,hbsd/src/sys/netgraph/ng_nat.c,sys/netgraph,993,DEFERRED,
b1216,hbsd/src/sys/netgraph/ng_pipe.c,sys/netgraph,1013,DEFERRED,
b1216,hbsd/src/sys/netgraph/ng_lmi.c,sys/netgraph,1081,PENDING,
b1217,hbsd/src/usr.bin/sort/coll.c,usr.bin/sort,1318,PENDING,
b1217,hbsd/src/usr.bin/sort/file.c,usr.bin/sort,1487,DEFERRED,
b1217,hbsd/src/usr.bin/sort/sort.c,usr.bin/sort,1331,PENDING,
b1218,hbsd/src/sys/netinet/libalias/alias_nbt.c,sys/netinet/libalias,843,DEFERRED,
b1218,hbsd/src/sys/netinet/libalias/alias_proxy.c,sys/netinet/libalias,860,SKIPPED,
b1218,hbsd/src/sys/netinet/libalias/alias.c,sys/netinet/libalias,1830,PENDING,
b1218,hbsd/src/sys/netinet/libalias/alias_db.c,sys/netinet/libalias,2600,DEFERRED,
b1219,hbsd/src/sys/netgraph/ng_l2tp.c,sys/netgraph,1604,DEFERRED,
b1219,hbsd/src/sys/netgraph/ng_parse.c,sys/netgraph,1902,PENDING,
b1219,hbsd/src/sys/netgraph/ng_pppoe.c,sys/netgraph,2229,DEFERRED,
b1219,hbsd/src/sys/netgraph/ng_ppp.c,sys/netgraph,2642,DEFERRED,
b1220,hbsd/src/sys/kern/vfs_aio.c,sys/kern,3174,DEFERRED,
b1220,hbsd/src/sys/kern/kern_event.c,sys/kern,3433,DEFERRED,
b1220,hbsd/src/sys/kern/vfs_mount.c,sys/kern,3245,DEFERRED,
b1220,hbsd/src/sys/kern/subr_witness.c,sys/kern,3168,DEFERRED,
b1221,hbsd/src/usr.sbin/lpr/lprm/lprm.c,usr.sbin/lpr/lprm,150,PENDING,
b1222,hbsd/src/usr.sbin/rpc.ypxfrd/ypxfrd_server.c,usr.sbin/rpc.ypxfrd,145,PENDING,
b1222,hbsd/src/usr.sbin/rpc.ypxfrd/ypxfrd_main.c,usr.sbin/rpc.ypxfrd,303,PENDING,
b1223,hbsd/src/usr.sbin/tcpsso/tcpsso.c,usr.sbin/tcpsso,464,PENDING,
b1224,hbsd/src/usr.bin/mkuzip/mkuz_zstd.c,usr.bin/mkuzip,93,PENDING,
b1224,hbsd/src/usr.bin/mkuzip/mkuz_lzma.c,usr.bin/mkuzip,109,PENDING,
b1224,hbsd/src/usr.bin/mkuzip/mkuz_conveyor.c,usr.bin/mkuzip,127,PENDING,
b1224,hbsd/src/usr.bin/mkuzip/mkuz_blockcache.c,usr.bin/mkuzip,146,PENDING,
b1225,hbsd/src/usr.bin/genl/parser_rpc.c,usr.bin/genl,161,PENDING,
b1225,hbsd/src/usr.bin/genl/genl.c,usr.bin/genl,440,PENDING,
b1226,hbsd/src/usr.bin/rctl/rctl.c,usr.bin/rctl,683,PENDING,
b1227,hbsd/src/usr.sbin/watchdogd/watchdogd.c,usr.sbin/watchdogd,747,PENDING,
b1228,hbsd/src/usr.sbin/pmc/cmd_pmc_list.c,usr.sbin/pmc,125,PENDING,
b1228,hbsd/src/usr.sbin/pmc/pmc.c,usr.sbin/pmc,117,DEFERRED,
b1228,hbsd/src/usr.sbin/pmc/pmc_util.c,usr.sbin/pmc,166,DEFERRED,
b1228,hbsd/src/usr.sbin/pmc/cmd_pmc_stat.c,usr.sbin/pmc,493,DEFERRED,
b1229,hbsd/src/usr.sbin/ppp/tcp.c,usr.sbin/ppp,212,PENDING,
b1229,hbsd/src/usr.sbin/ppp/vjcomp.c,usr.sbin/ppp,200,PENDING,
b1229,hbsd/src/usr.sbin/ppp/id.c,usr.sbin/ppp,292,SKIPPED,
b1229,hbsd/src/usr.sbin/ppp/tcpmss.c,usr.sbin/ppp,233,SKIPPED,
b1230,hbsd/src/usr.sbin/pw/pw_vpw.c,usr.sbin/pw,211,PENDING,
b1230,hbsd/src/usr.sbin/pw/rm_r.c,usr.sbin/pw,168,PENDING,
b1230,hbsd/src/usr.sbin/pw/psdate.c,usr.sbin/pw,254,PENDING,
b1230,hbsd/src/usr.sbin/pw/pw.c,usr.sbin/pw,413,PENDING,
b1231,hbsd/src/usr.sbin/bluetooth/bthidd/session.c,usr.sbin/bluetooth/bthidd,249,DEFERRED,
b1231,hbsd/src/usr.sbin/bluetooth/bthidd/bthidd.c,usr.sbin/bluetooth/bthidd,276,PENDING,
b1231,hbsd/src/usr.sbin/bluetooth/bthidd/client.c,usr.sbin/bluetooth/bthidd,257,PENDING,
b1231,hbsd/src/usr.sbin/bluetooth/bthidd/server.c,usr.sbin/bluetooth/bthidd,356,DEFERRED,
b1232,hbsd/src/usr.sbin/rpc.tlsservd/rpc.tlscommon.c,usr.sbin/rpc.tlsservd,293,DEFERRED,
b1232,hbsd/src/usr.sbin/rpc.tlsservd/rpc.tlsservd.c,usr.sbin/rpc.tlsservd,974,DEFERRED,
b1233,hbsd/src/usr.bin/top/username.c,usr.bin/top,134,PENDING,
b1233,hbsd/src/usr.bin/top/screen.c,usr.bin/top,316,PENDING,
b1233,hbsd/src/usr.bin/top/utils.c,usr.bin/top,308,PENDING,
b1233,hbsd/src/usr.bin/top/commands.c,usr.bin/top,518,PENDING,
b1234,hbsd/src/usr.sbin/bsnmpd/tools/bsnmptools/bsnmpget.c,usr.sbin/bsnmpd/tools/bsnmptools,1301,PENDING,
b1235,hbsd/src/usr.sbin/ypbind/yp_ping.c,usr.sbin/ypbind,301,PENDING,
b1235,hbsd/src/usr.sbin/ypbind/ypbind.c,usr.sbin/ypbind,1019,PENDING,
b1236,hbsd/src/usr.bin/mail/head.c,usr.bin/mail,269,PENDING,
b1236,hbsd/src/usr.bin/mail/tty.c,usr.bin/mail,288,PENDING,
b1236,hbsd/src/usr.bin/mail/popen.c,usr.bin/mail,406,PENDING,
b1236,hbsd/src/usr.bin/mail/main.c,usr.bin/mail,378,PENDING,
b1237,hbsd/src/usr.sbin/ppp/timer.c,usr.sbin/ppp,302,SKIPPED,
b1237,hbsd/src/usr.sbin/ppp/arp.c,usr.sbin/ppp,316,SKIPPED,
b1237,hbsd/src/usr.sbin/ppp/defs.c,usr.sbin/ppp,441,PENDING,
b1237,hbsd/src/usr.sbin/ppp/udp.c,usr.sbin/ppp,335,PENDING,
b1238,hbsd/src/usr.sbin/bluetooth/rtlbtfw/rtlbt_hw.c,usr.sbin/bluetooth/rtlbtfw,270,PENDING,
b1238,hbsd/src/usr.sbin/bluetooth/rtlbtfw/main.c,usr.sbin/bluetooth/rtlbtfw,543,PENDING,
b1238,hbsd/src/usr.sbin/bluetooth/rtlbtfw/rtlbt_fw.c,usr.sbin/bluetooth/rtlbtfw,582,DEFERRED,
b1239,hbsd/src/usr.sbin/bhyve/net_backend_netmap.c,usr.sbin/bhyve,384,DEFERRED,
b1239,hbsd/src/usr.sbin/bhyve/uart_pl011.c,usr.sbin/bhyve,390,PENDING,
b1239,hbsd/src/usr.sbin/bhyve/mem.c,usr.sbin/bhyve,384,DEFERRED,
b1239,hbsd/src/usr.sbin/bhyve/pci_virtio_9p.c,usr.sbin/bhyve,348,PENDING,
b1240,hbsd/src/usr.sbin/bsnmpd/modules/snmp_netgraph/snmp_netgraph.c,usr.sbin/bsnmpd/modules/snmp_netgraph,1688,DEFERRED,
b1241,hbsd/src/usr.sbin/bluetooth/iwmbtfw/iwmbt_fw.c,usr.sbin/bluetooth/iwmbtfw,299,PENDING,
b1241,hbsd/src/usr.sbin/bluetooth/iwmbtfw/iwmbt_hw.c,usr.sbin/bluetooth/iwmbtfw,721,PENDING,
b1241,hbsd/src/usr.sbin/bluetooth/iwmbtfw/main.c,usr.sbin/bluetooth/iwmbtfw,842,PENDING,
b1242,hbsd/src/usr.sbin/makefs/zfs/objset.c,usr.sbin/makefs/zfs,263,DEFERRED,
b1242,hbsd/src/usr.sbin/makefs/zfs/vdev.c,usr.sbin/makefs/zfs,437,PENDING,
b1242,hbsd/src/usr.sbin/makefs/zfs/zap.c,usr.sbin/makefs/zfs,567,DEFERRED,
b1242,hbsd/src/usr.sbin/makefs/zfs/dsl.c,usr.sbin/makefs/zfs,662,DEFERRED,
b1243,hbsd/src/sys/netgraph/ng_bpf.c,sys/netgraph,589,PENDING,
b1243,hbsd/src/sys/netgraph/ng_sample.c,sys/netgraph,484,PENDING,
b1243,hbsd/src/sys/netgraph/ng_device.c,sys/netgraph,683,PENDING,
b1243,hbsd/src/sys/netgraph/ng_cisco.c,sys/netgraph,643,PENDING,
b1244,hbsd/src/sys/netgraph/ng_patch.c,sys/netgraph,692,PENDING,
b1244,hbsd/src/sys/netgraph/ng_vjc.c,sys/netgraph,611,PENDING,
b1244,hbsd/src/sys/netgraph/ng_checksum.c,sys/netgraph,726,PENDING,
b1244,hbsd/src/sys/netgraph/ng_one2many.c,sys/netgraph,610,PENDING,
b1245,hbsd/src/usr.bin/patch/patch.c,usr.bin/patch,1227,PENDING,
b1245,hbsd/src/usr.bin/patch/pch.c,usr.bin/patch,1662,PENDING,
b1246,hbsd/src/sys/netgraph/ng_base.c,sys/netgraph,3903,DEFERRED,
b1247,hbsd/src/sys/kern/kern_proc.c,sys/kern,3586,DEFERRED,
b1247,hbsd/src/sys/kern/uipc_ktls.c,sys/kern,3510,DEFERRED,
b1247,hbsd/src/sys/kern/sched_ule.c,sys/kern,3512,DEFERRED,
b1247,hbsd/src/sys/kern/kern_sig.c,sys/kern,4176,DEFERRED,
b1248,hbsd/src/usr.sbin/ugidfw/ugidfw.c,usr.sbin/ugidfw,213,PENDING,
b1249,hbsd/src/usr.sbin/gpioctl/gpioctl.c,usr.sbin/gpioctl,380,PENDING,
b1250,hbsd/src/usr.sbin/ckdist/ckdist.c,usr.sbin/ckdist,442,PENDING,
b1251,hbsd/src/usr.bin/usbhidctl/usbhid.c,usr.bin/usbhidctl,532,PENDING,
b1252,hbsd/src/usr.sbin/makefs/zfs/fs.c,usr.sbin/makefs/zfs,1120,DEFERRED,
b1253,hbsd/src/sys/netgraph/ng_tee.c,sys/netgraph,399,PENDING,
b1253,hbsd/src/sys/netgraph/ng_tcpmss.c,sys/netgraph,451,DEFERRED,
b1253,hbsd/src/sys/netgraph/ng_gif_demux.c,sys/netgraph,396,PENDING,
b1253,hbsd/src/sys/netgraph/ng_tty.c,sys/netgraph,506,PENDING,
b1254,hbsd/src/usr.bin/mail/cmd1.c,usr.bin/mail,469,PENDING,
b1254,hbsd/src/usr.bin/mail/cmd2.c,usr.bin/mail,510,PENDING,
b1254,hbsd/src/usr.bin/mail/fio.c,usr.bin/mail,445,PENDING,
b1254,hbsd/src/usr.bin/mail/quit.c,usr.bin/mail,489,PENDING,
b1255,hbsd/src/usr.sbin/bhyve/mevent.c,usr.sbin/bhyve,565,DEFERRED,
b1255,hbsd/src/usr.sbin/bhyve/tpm_ppi_qemu.c,usr.sbin/bhyve,475,PENDING,
b1255,hbsd/src/usr.sbin/bhyve/uart_backend.c,usr.sbin/bhyve,561,PENDING,
b1255,hbsd/src/usr.sbin/bhyve/qemu_fwcfg.c,usr.sbin/bhyve,634,DEFERRED,
b1256,hbsd/src/sys/netgraph/bluetooth/l2cap/ng_l2cap_cmds.c,sys/netgraph/bluetooth/l2cap,411,DEFERRED,
b1256,hbsd/src/sys/netgraph/bluetooth/l2cap/ng_l2cap_misc.c,sys/netgraph/bluetooth/l2cap,696,DEFERRED,
b1256,hbsd/src/sys/netgraph/bluetooth/l2cap/ng_l2cap_main.c,sys/netgraph/bluetooth/l2cap,758,DEFERRED,
b1256,hbsd/src/sys/netgraph/bluetooth/l2cap/ng_l2cap_llpi.c,sys/netgraph/bluetooth/l2cap,968,DEFERRED,
b1257,hbsd/src/usr.sbin/ppp/ether.c,usr.sbin/ppp,737,PENDING,
b1257,hbsd/src/usr.sbin/ppp/iface.c,usr.sbin/ppp,819,SKIPPED,
b1257,hbsd/src/usr.sbin/ppp/ipv6cp.c,usr.sbin/ppp,786,PENDING,
b1257,hbsd/src/usr.sbin/ppp/cbcp.c,usr.sbin/ppp,763,PENDING,
b1258,hbsd/src/usr.sbin/ppp/mppe.c,usr.sbin/ppp,817,SKIPPED,
b1258,hbsd/src/usr.sbin/ppp/chat.c,usr.sbin/ppp,802,SKIPPED,
b1258,hbsd/src/usr.sbin/ppp/tty.c,usr.sbin/ppp,770,PENDING,
b1258,hbsd/src/usr.sbin/ppp/netgraph.c,usr.sbin/ppp,743,PENDING,
b1259,hbsd/src/sys/netgraph/bluetooth/hci/ng_hci_misc.c,sys/netgraph/bluetooth/hci,527,DEFERRED,
b1259,hbsd/src/sys/netgraph/bluetooth/hci/ng_hci_cmds.c,sys/netgraph/bluetooth/hci,1034,PENDING,
b1259,hbsd/src/sys/netgraph/bluetooth/hci/ng_hci_main.c,sys/netgraph/bluetooth/hci,1102,DEFERRED,
b1259,hbsd/src/sys/netgraph/bluetooth/hci/ng_hci_evnt.c,sys/netgraph/bluetooth/hci,1398,DEFERRED,
b1260,hbsd/src/usr.sbin/makefs/mtree.c,usr.sbin/makefs,1134,DEFERRED,
b1260,hbsd/src/usr.sbin/makefs/ffs.c,usr.sbin/makefs,1259,PENDING,
b1260,hbsd/src/usr.sbin/makefs/cd9660.c,usr.sbin/makefs,2081,DEFERRED,
b1261,hbsd/src/sys/kern/init_sysent.c,sys/kern,672,DEFERRED,
b1261,hbsd/src/sys/kern/subr_stats.c,sys/kern,3965,DEFERRED,
b1261,hbsd/src/sys/kern/vfs_vnops.c,sys/kern,4524,DEFERRED,
b1261,hbsd/src/sys/kern/vfs_syscalls.c,sys/kern,5338,DEFERRED,
b1262,hbsd/src/usr.sbin/cxgbetool/cxgbetool.c,usr.sbin/cxgbetool,3731,PENDING,
b1262,hbsd/src/usr.sbin/cxgbetool/reg_defs_t4.c,usr.sbin/cxgbetool,40400,DEFERRED,
b1262,hbsd/src/usr.sbin/cxgbetool/reg_defs_t6.c,usr.sbin/cxgbetool,56426,DEFERRED,
b1262,hbsd/src/usr.sbin/cxgbetool/reg_defs_t5.c,usr.sbin/cxgbetool,64799,DEFERRED,
b1263,hbsd/src/usr.sbin/config/mkheaders.c,usr.sbin/config,60,DEFERRED,
b1264,hbsd/src/sys/security/mac_grantbylabel/mac_grantbylabel.c,sys/security/mac_grantbylabel,511,DEFERRED,
b1265,hbsd/src/usr.sbin/sndctl/sndctl.c,usr.sbin/sndctl,1091,DEFERRED,
b1266,hbsd/src/usr.sbin/makefs/cd9660/cd9660_strings.c,usr.sbin/makefs/cd9660,120,PENDING,
b1266,hbsd/src/usr.sbin/makefs/cd9660/cd9660_conversion.c,usr.sbin/makefs/cd9660,200,PENDING,
b1266,hbsd/src/usr.sbin/makefs/cd9660/cd9660_debug.c,usr.sbin/makefs/cd9660,454,DEFERRED,
b1266,hbsd/src/usr.sbin/makefs/cd9660/cd9660_write.c,usr.sbin/makefs/cd9660,510,DEFERRED,
b1267,hbsd/src/sys/netgraph/bluetooth/hci/ng_hci_ulpi.c,sys/netgraph/bluetooth/hci,1427,DEFERRED,
b1268,hbsd/src/usr.sbin/bsdinstall/partedit/gpart_ops.c,usr.sbin/bsdinstall/partedit,1564,DEFERRED,
b1269,hbsd/src/usr.sbin/vidcontrol/decode.c,usr.sbin/vidcontrol,96,DEFERRED,
b1269,hbsd/src/usr.sbin/vidcontrol/vidcontrol.c,usr.sbin/vidcontrol,1567,PENDING,
b1270,hbsd/src/sys/security/mac_veriexec/veriexec_fingerprint.c,sys/security/mac_veriexec,467,DEFERRED,
b1270,hbsd/src/sys/security/mac_veriexec/veriexec_metadata.c,sys/security/mac_veriexec,817,DEFERRED,
b1270,hbsd/src/sys/security/mac_veriexec/mac_veriexec.c,sys/security/mac_veriexec,1185,PENDING,
b1271,hbsd/src/usr.bin/mail/util.c,usr.bin/mail,593,PENDING,
b1271,hbsd/src/usr.bin/mail/send.c,usr.bin/mail,586,PENDING,
b1271,hbsd/src/usr.bin/mail/cmd3.c,usr.bin/mail,723,PENDING,
b1271,hbsd/src/usr.bin/mail/lex.c,usr.bin/mail,681,PENDING,
b1272,hbsd/src/sys/netgraph/bluetooth/l2cap/ng_l2cap_evnt.c,sys/netgraph/bluetooth/l2cap,1474,PENDING,
b1272,hbsd/src/sys/netgraph/bluetooth/l2cap/ng_l2cap_ulpi.c,sys/netgraph/bluetooth/l2cap,1820,PENDING,
b1273,hbsd/src/sys/kern/uipc_usrreq.c,sys/kern,4643,DEFERRED,
b1273,hbsd/src/sys/kern/kern_umtx.c,sys/kern,5254,DEFERRED,
b1273,hbsd/src/sys/kern/kern_descrip.c,sys/kern,5680,DEFERRED,
b1273,hbsd/src/sys/kern/uipc_socket.c,sys/kern,5116,DEFERRED,
b1274,hbsd/src/usr.bin/systat/ifcmds.c,usr.bin/systat,79,PENDING,
b1274,hbsd/src/usr.bin/systat/sysput.c,usr.bin/systat,113,PENDING,
b1274,hbsd/src/usr.bin/systat/cmdtab.c,usr.bin/systat,85,DEFERRED,
b1274,hbsd/src/usr.bin/systat/mode.c,usr.bin/systat,96,PENDING,
b1275,hbsd/src/sys/security/mac_veriexec_parser/mac_veriexec_parser.c,sys/security/mac_veriexec_parser,471,PENDING,
b1276,hbsd/src/usr.sbin/autofs/log.c,usr.sbin/autofs,200,PENDING,
b1276,hbsd/src/usr.sbin/autofs/popen.c,usr.sbin/autofs,192,DEFERRED,
b1276,hbsd/src/usr.sbin/autofs/defined.c,usr.sbin/autofs,270,DEFERRED,
b1276,hbsd/src/usr.sbin/autofs/autounmountd.c,usr.sbin/autofs,353,DEFERRED,
b1277,hbsd/src/usr.bin/tip/libacu/biz31.c,usr.bin/tip/libacu,246,PENDING,
b1277,hbsd/src/usr.bin/tip/libacu/ventel.c,usr.bin/tip/libacu,251,PENDING,
b1277,hbsd/src/usr.bin/tip/libacu/v831.c,usr.bin/tip/libacu,255,PENDING,
b1277,hbsd/src/usr.bin/tip/libacu/hayes.c,usr.bin/tip/libacu,312,PENDING,
b1278,hbsd/src/usr.bin/tftp/tftp.c,usr.bin/tftp,272,PENDING,
b1278,hbsd/src/usr.bin/tftp/main.c,usr.bin/tftp,1070,PENDING,
b1279,hbsd/src/sys/netsmb/smb_subr.c,sys/netsmb,373,PENDING,
b1279,hbsd/src/sys/netsmb/smb_crypt.c,sys/netsmb,306,PENDING,
b1279,hbsd/src/sys/netsmb/smb_usr.c,sys/netsmb,362,PENDING,
b1279,hbsd/src/sys/netsmb/smb_dev.c,sys/netsmb,409,DEFERRED,
b1280,hbsd/src/usr.sbin/makefs/cd9660/cd9660_eltorito.c,usr.sbin/makefs/cd9660,751,DEFERRED,
b1280,hbsd/src/usr.sbin/makefs/cd9660/iso9660_rrip.c,usr.sbin/makefs/cd9660,892,DEFERRED,
b1281,hbsd/src/usr.bin/mail/names.c,usr.bin/mail,756,PENDING,
b1281,hbsd/src/usr.bin/mail/collect.c,usr.bin/mail,733,PENDING,
b1281,hbsd/src/usr.bin/mail/list.c,usr.bin/mail,810,PENDING,
b1282,hbsd/src/sys/net/pfil.c,sys/net,727,DEFERRED,
b1282,hbsd/src/sys/net/if_gre.c,sys/net,832,DEFERRED,
b1282,hbsd/src/sys/net/if_fwsubr.c,sys/net,873,DEFERRED,
b1282,hbsd/src/sys/net/if_clone.c,sys/net,965,DEFERRED,
b1283,hbsd/src/sys/netgraph/bluetooth/socket/ng_btsocket.c,sys/netgraph/bluetooth/socket,248,DEFERRED,
b1283,hbsd/src/sys/netgraph/bluetooth/socket/ng_btsocket_l2cap_raw.c,sys/netgraph/bluetooth/socket,1354,DEFERRED,
b1283,hbsd/src/sys/netgraph/bluetooth/socket/ng_btsocket_hci_raw.c,sys/netgraph/bluetooth/socket,1679,DEFERRED,
b1283,hbsd/src/sys/netgraph/bluetooth/socket/ng_btsocket_sco.c,sys/netgraph/bluetooth/socket,1962,DEFERRED,
b1284,hbsd/src/sys/netgraph/bluetooth/socket/ng_btsocket_l2cap.c,sys/netgraph/bluetooth/socket,2949,DEFERRED,
b1284,hbsd/src/sys/netgraph/bluetooth/socket/ng_btsocket_rfcomm.c,sys/netgraph/bluetooth/socket,3546,DEFERRED,
b1285,hbsd/src/sys/kern/kern_jail.c,sys/kern,5679,DEFERRED,
b1285,hbsd/src/sys/kern/vfs_bio.c,sys/kern,5693,DEFERRED,
b1285,hbsd/src/sys/kern/subr_bus.c,sys/kern,6372,DEFERRED,
b1285,hbsd/src/sys/kern/vfs_cache.c,sys/kern,6474,DEFERRED,
b1286,hbsd/src/sys/x86/bios/vpd.c,sys/x86/bios,307,PENDING,
b1287,hbsd/src/sys/netinet/accf_data.c,sys/netinet,53,PENDING,
b1287,hbsd/src/sys/netinet/in_prot.c,sys/netinet,83,PENDING,
b1287,hbsd/src/sys/netinet/accf_tls.c,sys/netinet,106,PENDING,
b1287,hbsd/src/sys/netinet/accf_dns.c,sys/netinet,121,PENDING,
b1288,hbsd/src/usr.sbin/bluetooth/sdpd/uuid.c,usr.sbin/bluetooth/sdpd,57,DEFERRED,
b1288,hbsd/src/usr.sbin/bluetooth/sdpd/sur.c,usr.sbin/bluetooth/sdpd,85,PENDING,
b1288,hbsd/src/usr.sbin/bluetooth/sdpd/log.c,usr.sbin/bluetooth/sdpd,128,PENDING,
b1288,hbsd/src/usr.sbin/bluetooth/sdpd/scr.c,usr.sbin/bluetooth/sdpd,94,PENDING,
b1289,hbsd/src/usr.sbin/devinfo/devinfo.c,usr.sbin/devinfo,421,PENDING,
b1290,hbsd/src/sys/netgraph/bluetooth/drivers/ubtbcmfw/ubtbcmfw.c,sys/netgraph/bluetooth/drivers/ubtbcmfw,447,DEFERRED,
b1291,hbsd/src/sys/x86/isa/nmi.c,sys/x86/isa,94,PENDING,
b1291,hbsd/src/sys/x86/isa/elcr.c,sys/x86/isa,135,PENDING,
b1291,hbsd/src/sys/x86/isa/orm.c,sys/x86/isa,187,PENDING,
b1291,hbsd/src/sys/x86/isa/isa.c,sys/x86/isa,149,PENDING,
b1292,hbsd/src/usr.bin/systat/fetch.c,usr.bin/systat,135,PENDING,
b1292,hbsd/src/usr.bin/systat/convtbl.c,usr.bin/systat,150,PENDING,
b1292,hbsd/src/usr.bin/systat/keyboard.c,usr.bin/systat,176,PENDING,
b1292,hbsd/src/usr.bin/systat/swap.c,usr.bin/systat,177,PENDING,
b1293,hbsd/src/usr.sbin/kldxref/kldxref.c,usr.sbin/kldxref,852,DEFERRED,
b1294,hbsd/src/usr.bin/systat/pigs.c,usr.bin/systat,184,PENDING,
b1294,hbsd/src/usr.bin/systat/cmds.c,usr.bin/systat,192,PENDING,
b1294,hbsd/src/usr.bin/systat/zarc.c,usr.bin/systat,236,PENDING,
b1294,hbsd/src/usr.bin/systat/netcmds.c,usr.bin/systat,304,PENDING,
b1295,hbsd/src/usr.bin/tail/misc.c,usr.bin/tail,128,PENDING,
b1295,hbsd/src/usr.bin/tail/read.c,usr.bin/tail,208,PENDING,
b1295,hbsd/src/usr.bin/tail/reverse.c,usr.bin/tail,280,DEFERRED,
b1295,hbsd/src/usr.bin/tail/tail.c,usr.bin/tail,370,PENDING,
b1296,hbsd/src/usr.sbin/iovctl/validate.c,usr.sbin/iovctl,271,PENDING,
b1296,hbsd/src/usr.sbin/iovctl/iovctl.c,usr.sbin/iovctl,410,PENDING,
b1296,hbsd/src/usr.sbin/iovctl/parse.c,usr.sbin/iovctl,438,PENDING,
b1297,hbsd/src/sys/vm/vm_unix.c,sys/vm,247,PENDING,
b1297,hbsd/src/sys/vm/vm_init.c,sys/vm,286,DEFERRED,
b1297,hbsd/src/sys/vm/phys_pager.c,sys/vm,312,DEFERRED,
b1297,hbsd/src/sys/vm/vm_swapout.c,sys/vm,408,DEFERRED,
b1298,hbsd/src/sys/x86/acpica/srat.c,sys/x86/acpica,57,DEFERRED,
b1298,hbsd/src/sys/x86/acpica/OsdEnvironment.c,sys/x86/acpica,99,PENDING,
b1298,hbsd/src/sys/x86/acpica/acpi_apm.c,sys/x86/acpica,446,DEFERRED,
b1298,hbsd/src/sys/x86/acpica/madt.c,sys/x86/acpica,778,DEFERRED,
b1299,hbsd/src/sys/x86/pci/qpi.c,sys/x86/pci,305,PENDING,
b1299,hbsd/src/sys/x86/pci/pci_early_quirks.c,sys/x86/pci,324,PENDING,
b1299,hbsd/src/sys/x86/pci/pci_bus.c,sys/x86/pci,760,PENDING,
b1300,hbsd/src/sys/x86/cpufreq/hwpstate_common.c,sys/x86/cpufreq,22,DEFERRED,
b1300,hbsd/src/sys/x86/cpufreq/p4tcc.c,sys/x86/cpufreq,345,PENDING,
b1300,hbsd/src/sys/x86/cpufreq/smist.c,sys/x86/cpufreq,515,PENDING,
b1300,hbsd/src/sys/x86/cpufreq/hwpstate_amd.c,sys/x86/cpufreq,605,PENDING,
b1301,hbsd/src/usr.sbin/autofs/automount.c,usr.sbin/autofs,413,DEFERRED,
b1301,hbsd/src/usr.sbin/autofs/automountd.c,usr.sbin/autofs,566,DEFERRED,
b1301,hbsd/src/usr.sbin/autofs/common.c,usr.sbin/autofs,1237,DEFERRED,
b1302,hbsd/src/sys/netgraph/bluetooth/drivers/ubt/ng_ubt_rtl.c,sys/netgraph/bluetooth/drivers/ubt,272,DEFERRED,
b1302,hbsd/src/sys/netgraph/bluetooth/drivers/ubt/ng_ubt_intel.c,sys/netgraph/bluetooth/drivers/ubt,290,DEFERRED,
b1302,hbsd/src/sys/netgraph/bluetooth/drivers/ubt/ng_ubt.c,sys/netgraph/bluetooth/drivers/ubt,2059,DEFERRED,
b1303,hbsd/src/sys/netpfil/ipfilter/netinet/ip_scan.c,sys/netpfil/ipfilter/netinet,594,PENDING,
b1303,hbsd/src/sys/netpfil/ipfilter/netinet/ip_pptp_pxy.c,sys/netpfil/ipfilter/netinet,556,PENDING,
b1303,hbsd/src/sys/netpfil/ipfilter/netinet/mlfk_ipl.c,sys/netpfil/ipfilter/netinet,653,DEFERRED,
b1303,hbsd/src/sys/netpfil/ipfilter/netinet/ip_log.c,sys/netpfil/ipfilter/netinet,858,PENDING,
b1304,hbsd/src/sys/net/if_gif.c,sys/net,722,DEFERRED,
b1304,hbsd/src/sys/net/if_me.c,sys/net,688,DEFERRED,
b1304,hbsd/src/sys/net/if_infiniband.c,sys/net,731,DEFERRED,
b1304,hbsd/src/sys/net/route.c,sys/net,706,DEFERRED,
b1305,hbsd/src/sys/x86/cpufreq/hwpstate_intel.c,sys/x86/cpufreq,650,PENDING,
b1305,hbsd/src/sys/x86/cpufreq/powernow.c,sys/x86/cpufreq,967,PENDING,
b1305,hbsd/src/sys/x86/cpufreq/est.c,sys/x86/cpufreq,1366,DEFERRED,
b1306,hbsd/src/sys/netsmb/smb_trantcp.c,sys/netsmb,683,PENDING,
b1306,hbsd/src/sys/netsmb/smb_iod.c,sys/netsmb,712,DEFERRED,
b1306,hbsd/src/sys/netsmb/smb_rq.c,sys/netsmb,763,DEFERRED,
b1306,hbsd/src/sys/netsmb/smb_conn.c,sys/netsmb,970,DEFERRED,
b1307,hbsd/src/sys/net/if_epair.c,sys/net,1018,DEFERRED,
b1307,hbsd/src/sys/net/vnet.c,sys/net,858,DEFERRED,
b1307,hbsd/src/sys/net/if_ipsec.c,sys/net,1095,DEFERRED,
b1307,hbsd/src/sys/net/if_llatbl.c,sys/net,1195,DEFERRED,
b1308,hbsd/src/sys/kern/vfs_subr.c,sys/kern,7517,DEFERRED,
b1308,hbsd/src/sys/kern/systrace_args.c,sys/kern,11523,PENDING,
b1309,hbsd/src/usr.bin/tail/forward.c,usr.bin/tail,433,PENDING,
b1310,hbsd/src/usr.sbin/bootparamd/bootparamd/main.c,usr.sbin/bootparamd/bootparamd,116,PENDING,
b1310,hbsd/src/usr.sbin/bootparamd/bootparamd/bootparamd.c,usr.sbin/bootparamd/bootparamd,352,PENDING,
b1311,hbsd/src/usr.bin/ul/ul.c,usr.bin/ul,574,PENDING,
b1312,hbsd/src/usr.sbin/lpr/chkprintcap/skimprintcap.c,usr.sbin/lpr/chkprintcap,262,PENDING,
b1312,hbsd/src/usr.sbin/lpr/chkprintcap/chkprintcap.c,usr.sbin/lpr/chkprintcap,324,DEFERRED,
b1313,hbsd/src/usr.sbin/fstyp/fstyp.c,usr.sbin/fstyp,298,PENDING,
b1313,hbsd/src/usr.sbin/fstyp/exfat.c,usr.sbin/fstyp,378,PENDING,
b1314,hbsd/src/usr.sbin/bluetooth/sdpd/opush.c,usr.sbin/bluetooth/sdpd,135,PENDING,
b1314,hbsd/src/usr.sbin/bluetooth/sdpd/main.c,usr.sbin/bluetooth/sdpd,237,PENDING,
b1314,hbsd/src/usr.sbin/bluetooth/sdpd/lan.c,usr.sbin/bluetooth/sdpd,174,PENDING,
b1314,hbsd/src/usr.sbin/bluetooth/sdpd/gn.c,usr.sbin/bluetooth/sdpd,174,PENDING,
b1315,hbsd/src/sys/netsmb/smb_smb.c,sys/netsmb,946,PENDING,
b1316,hbsd/src/usr.bin/tip/tip/cu.c,usr.bin/tip/tip,202,PENDING,
b1316,hbsd/src/usr.bin/tip/tip/acu.c,usr.bin/tip/tip,187,PENDING,
b1316,hbsd/src/usr.bin/tip/tip/remote.c,usr.bin/tip/tip,228,PENDING,
b1316,hbsd/src/usr.bin/tip/tip/value.c,usr.bin/tip/tip,355,PENDING,
b1317,hbsd/src/usr.sbin/bsdinstall/runconsoles/common.c,usr.sbin/bsdinstall/runconsoles,56,VERIFIED,
b1317,hbsd/src/usr.sbin/bsdinstall/runconsoles/child.c,usr.sbin/bsdinstall/runconsoles,386,PENDING,
b1317,hbsd/src/usr.sbin/bsdinstall/runconsoles/runconsoles.c,usr.sbin/bsdinstall/runconsoles,647,DEFERRED,
b1318,hbsd/src/usr.sbin/bluetooth/sdpd/profile.c,usr.sbin/bluetooth/sdpd,504,PENDING,
b1318,hbsd/src/usr.sbin/bluetooth/sdpd/server.c,usr.sbin/bluetooth/sdpd,589,PENDING,
b1319,hbsd/src/sys/x86/x86/dbreg.c,sys/x86/x86,303,PENDING,
b1319,hbsd/src/sys/x86/x86/mptable_pci.c,sys/x86/x86,216,PENDING,
b1319,hbsd/src/sys/x86/x86/ucode_subr.c,sys/x86/x86,239,PENDING,
b1319,hbsd/src/sys/x86/x86/vmware_guestrpc.c,sys/x86/x86,337,PENDING,
b1320,hbsd/src/sys/netinet/in_cksum.c,sys/netinet,253,PENDING,
b1320,hbsd/src/sys/netinet/sctp_kdtrace.c,sys/netinet,196,DEFERRED,
b1320,hbsd/src/sys/netinet/in_jail.c,sys/netinet,335,PENDING,
b1320,hbsd/src/sys/netinet/accf_http.c,sys/netinet,339,PENDING,
b1321,hbsd/src/usr.bin/systat/proc.c,usr.bin/systat,296,PENDING,
b1321,hbsd/src/usr.bin/systat/icmp6.c,usr.bin/systat,275,PENDING,
b1321,hbsd/src/usr.bin/systat/icmp.c,usr.bin/systat,275,PENDING,
b1321,hbsd/src/usr.bin/systat/ip6.c,usr.bin/systat,299,PENDING,
b1322,hbsd/src/usr.sbin/uefisign/child.c,usr.sbin/uefisign,270,PENDING,
b1322,hbsd/src/usr.sbin/uefisign/uefisign.c,usr.sbin/uefisign,437,PENDING,
b1322,hbsd/src/usr.sbin/uefisign/pe.c,usr.sbin/uefisign,570,PENDING,
b1323,hbsd/src/usr.bin/netstat/unix.c,usr.bin/netstat,320,DEFERRED,
b1323,hbsd/src/usr.bin/netstat/nhgrp.c,usr.bin/netstat,352,PENDING,
b1323,hbsd/src/usr.bin/netstat/mroute6.c,usr.bin/netstat,273,PENDING,
b1323,hbsd/src/usr.bin/netstat/route_netlink.c,usr.bin/netstat,341,PENDING,
b1324,hbsd/src/usr.bin/systat/tcp.c,usr.bin/systat,318,PENDING,
b1324,hbsd/src/usr.bin/systat/main.c,usr.bin/systat,390,DEFERRED,
b1324,hbsd/src/usr.bin/systat/ip.c,usr.bin/systat,340,PENDING,
b1324,hbsd/src/usr.bin/systat/iostat.c,usr.bin/systat,384,PENDING,
b1325,hbsd/src/usr.sbin/cron/lib/env.c,usr.sbin/cron/lib,259,PENDING,
b1325,hbsd/src/usr.sbin/cron/lib/misc.c,usr.sbin/cron/lib,584,PENDING,
b1325,hbsd/src/usr.sbin/cron/lib/entry.c,usr.sbin/cron/lib,729,PENDING,
b1326,hbsd/src/sys/ufs/ffs/ffs_tables.c,sys/ufs/ffs,135,DEFERRED,
b1326,hbsd/src/sys/ufs/ffs/ffs_suspend.c,sys/ufs/ffs,361,PENDING,
b1326,hbsd/src/sys/ufs/ffs/ffs_rawread.c,sys/ufs/ffs,452,DEFERRED,
b1326,hbsd/src/sys/ufs/ffs/ffs_inode.c,sys/ufs/ffs,822,PENDING,
b1327,hbsd/src/usr.bin/systat/sctp.c,usr.bin/systat,354,PENDING,
b1327,hbsd/src/usr.bin/systat/iolat.c,usr.bin/systat,520,DEFERRED,
b1327,hbsd/src/usr.bin/systat/ifstat.c,usr.bin/systat,514,DEFERRED,
b1327,hbsd/src/usr.bin/systat/devs.c,usr.bin/systat,431,PENDING,
b1328,hbsd/src/usr.sbin/lpr/common_source/printcap.c,usr.sbin/lpr/common_source,439,PENDING,
b1328,hbsd/src/usr.sbin/lpr/common_source/displayq.c,usr.sbin/lpr/common_source,630,PENDING,
b1328,hbsd/src/usr.sbin/lpr/common_source/matchjobs.c,usr.sbin/lpr/common_source,568,DEFERRED,
b1328,hbsd/src/usr.sbin/lpr/common_source/common.c,usr.sbin/lpr/common_source,772,PENDING,
b1329,hbsd/src/sys/x86/isa/isa_dma.c,sys/x86/isa,595,PENDING,
b1329,hbsd/src/sys/x86/isa/clock.c,sys/x86/isa,652,PENDING,
b1329,hbsd/src/sys/x86/isa/atpic.c,sys/x86/isa,616,DEFERRED,
b1329,hbsd/src/sys/x86/isa/atrtc.c,sys/x86/isa,683,PENDING,
b1330,hbsd/src/sys/vm/vm_meter.c,sys/vm,567,DEFERRED,
b1330,hbsd/src/sys/vm/vm_glue.c,sys/vm,828,DEFERRED,
b1330,hbsd/src/sys/vm/vm_kern.c,sys/vm,1088,PENDING,
b1330,hbsd/src/sys/vm/vm_mmap.c,sys/vm,1788,DEFERRED,
b1331,hbsd/src/usr.bin/top/display.c,usr.bin/top,1361,PENDING,
b1331,hbsd/src/usr.bin/top/top.c,usr.bin/top,1229,PENDING,
b1331,hbsd/src/usr.bin/top/machine.c,usr.bin/top,1709,PENDING,
b1332,hbsd/src/usr.sbin/ctladm/util.c,usr.sbin/ctladm,156,PENDING,
b1332,hbsd/src/usr.sbin/ctladm/ctladm.c,usr.sbin/ctladm,4621,DEFERRED,
b1333,hbsd/src/sys/net/debugnet.c,sys/net,1125,DEFERRED,
b1333,hbsd/src/sys/net/if_stf.c,sys/net,1050,DEFERRED,
b1333,hbsd/src/sys/net/radix.c,sys/net,1202,PENDING,
b1333,hbsd/src/sys/net/if_ethersubr.c,sys/net,1530,DEFERRED,
b1334,hbsd/src/usr.sbin/pstat/pstat.c,usr.sbin/pstat,597,DEFERRED,
b1335,hbsd/src/usr.sbin/cpucontrol/amd.c,usr.sbin/cpucontrol,153,PENDING,
b1335,hbsd/src/usr.sbin/cpucontrol/amd10h.c,usr.sbin/cpucontrol,158,PENDING,
b1335,hbsd/src/usr.sbin/cpucontrol/via.c,usr.sbin/cpucontrol,193,PENDING,
b1335,hbsd/src/usr.sbin/cpucontrol/intel.c,usr.sbin/cpucontrol,268,PENDING,
b1336,hbsd/src/usr.sbin/lpr/lpr/lpr.c,usr.sbin/lpr/lpr,865,PENDING,
b1337,hbsd/src/usr.bin/posixmqcontrol/posixmqcontrol.c,usr.bin/posixmqcontrol,924,DEFERRED,
b1338,hbsd/src/sys/x86/iommu/intel_quirks.c,sys/x86/iommu,243,PENDING,
b1338,hbsd/src/sys/x86/iommu/intel_fault.c,sys/x86/iommu,331,PENDING,
b1338,hbsd/src/sys/x86/iommu/amd_cmd.c,sys/x86/iommu,360,PENDING,
b1338,hbsd/src/sys/x86/iommu/amd_event.c,sys/x86/iommu,323,PENDING,
b1339,hbsd/src/usr.bin/tip/tip/tip.c,usr.bin/tip/tip,624,PENDING,
b1339,hbsd/src/usr.bin/tip/tip/cmds.c,usr.bin/tip/tip,991,PENDING,
b1340,hbsd/src/usr.bin/netstat/nhops.c,usr.bin/netstat,477,PENDING,
b1340,hbsd/src/usr.bin/netstat/mbuf.c,usr.bin/netstat,354,PENDING,
b1340,hbsd/src/usr.bin/netstat/mroute.c,usr.bin/netstat,461,DEFERRED,
b1340,hbsd/src/usr.bin/netstat/netisr.c,usr.bin/netstat,506,PENDING,
b1341,hbsd/src/usr.sbin/ppp/exec.c,usr.sbin/ppp,410,PENDING,
b1341,hbsd/src/usr.sbin/ppp/auth.c,usr.sbin/ppp,487,PENDING,
b1341,hbsd/src/usr.sbin/ppp/chap_ms.c,usr.sbin/ppp,415,SKIPPED,
b1341,hbsd/src/usr.sbin/ppp/prompt.c,usr.sbin/ppp,574,PENDING,
b1342,hbsd/src/sys/x86/x86/pvclock.c,sys/x86/x86,355,PENDING,
b1342,hbsd/src/sys/x86/x86/legacy.c,sys/x86/x86,403,PENDING,
b1342,hbsd/src/sys/x86/x86/ucode.c,sys/x86/x86,499,DEFERRED,
b1342,hbsd/src/sys/x86/x86/x86_mem.c,sys/x86/x86,724,DEFERRED,
b1343,hbsd/src/usr.sbin/lpr/lpd/printjob.c,usr.sbin/lpr/lpd,2011,PENDING,
b1344,hbsd/src/usr.sbin/lpr/lpc/cmdtab.c,usr.sbin/lpr/lpc,84,DEFERRED,
b1344,hbsd/src/usr.sbin/lpr/lpc/movejobs.c,usr.sbin/lpr/lpc,271,DEFERRED,
b1344,hbsd/src/usr.sbin/lpr/lpc/lpc.c,usr.sbin/lpr/lpc,409,PENDING,
b1344,hbsd/src/usr.sbin/lpr/lpc/cmds.c,usr.sbin/lpr/lpc,1314,PENDING,
b1345,hbsd/src/usr.sbin/ppp/ncp.c,usr.sbin/ppp,562,PENDING,
b1345,hbsd/src/usr.sbin/ppp/hdlc.c,usr.sbin/ppp,438,SKIPPED,
b1345,hbsd/src/usr.sbin/ppp/nat_cmd.c,usr.sbin/ppp,601,PENDING,
b1345,hbsd/src/usr.sbin/ppp/filter.c,usr.sbin/ppp,604,PENDING,
b1346,hbsd/src/usr.bin/kdump/linux.c,usr.bin/kdump,525,PENDING,
b1346,hbsd/src/usr.bin/kdump/kdump.c,usr.bin/kdump,2479,DEFERRED,
b1347,hbsd/src/sys/net/netisr.c,sys/net,1562,DEFERRED,
b1347,hbsd/src/sys/net/if_tuntap.c,sys/net,2192,DEFERRED,
b1347,hbsd/src/sys/net/ieee8023ad_lacp.c,sys/net,2157,DEFERRED,
b1347,hbsd/src/sys/net/bridgestp.c,sys/net,2305,DEFERRED,
b1348,hbsd/src/usr.sbin/acpi/acpiconf/acpiconf.c,usr.sbin/acpi/acpiconf,302,PENDING,
b1349,hbsd/src/usr.sbin/bhyve/usb_emul.c,usr.sbin/bhyve,75,VERIFIED,
b1349,hbsd/src/usr.sbin/bhyve/tpm_emul_swtpm.c,usr.sbin/bhyve,132,PENDING,
b1349,hbsd/src/usr.sbin/bhyve/bhyvegc.c,usr.sbin/bhyve,100,PENDING,
b1349,hbsd/src/usr.sbin/bhyve/console.c,usr.sbin/bhyve,117,VERIFIED,
b1350,hbsd/src/usr.bin/talk/get_names.c,usr.bin/talk,111,PENDING,
b1350,hbsd/src/usr.bin/talk/ctl_transact.c,usr.bin/talk,101,PENDING,
b1350,hbsd/src/usr.bin/talk/look_up.c,usr.bin/talk,113,PENDING,
b1350,hbsd/src/usr.bin/talk/ctl.c,usr.bin/talk,118,PENDING,
b1351,hbsd/src/usr.sbin/devctl/devctl.c,usr.sbin/devctl,457,DEFERRED,
b1352,hbsd/src/usr.sbin/diskinfo/diskinfo.c,usr.sbin/diskinfo,759,PENDING,
b1353,hbsd/src/usr.sbin/bluetooth/hccontrol/send_recv.c,usr.sbin/bluetooth/hccontrol,185,PENDING,
b1353,hbsd/src/usr.sbin/bluetooth/hccontrol/adv_data.c,usr.sbin/bluetooth/hccontrol,248,DEFERRED,
b1353,hbsd/src/usr.sbin/bluetooth/hccontrol/status.c,usr.sbin/bluetooth/hccontrol,246,PENDING,
b1353,hbsd/src/usr.sbin/bluetooth/hccontrol/info.c,usr.sbin/bluetooth/hccontrol,255,PENDING,
b1354,hbsd/src/usr.sbin/spi/spi.c,usr.sbin/spi,955,PENDING,
b1355,hbsd/src/sys/netgraph/ng_ip_input.c,sys/netgraph,145,PENDING,
b1355,hbsd/src/sys/netgraph/ng_hole.c,sys/netgraph,225,PENDING,
b1355,hbsd/src/sys/netgraph/ng_UI.c,sys/netgraph,241,SKIPPED,
b1355,hbsd/src/sys/netgraph/ng_ipfw.c,sys/netgraph,357,DEFERRED,
b1356,hbsd/src/usr.sbin/certctl/certctl.c,usr.sbin/certctl,1163,DEFERRED,
b1357,hbsd/src/usr.sbin/bhyve/audio.c,usr.sbin/bhyve,281,PENDING,
b1357,hbsd/src/usr.sbin/bhyve/qemu_loader.c,usr.sbin/bhyve,274,DEFERRED,
b1357,hbsd/src/usr.sbin/bhyve/net_backend_slirp.c,usr.sbin/bhyve,293,DEFERRED,
b1357,hbsd/src/usr.sbin/bhyve/bootrom.c,usr.sbin/bhyve,326,PENDING,
b1358,hbsd/src/usr.sbin/cdcontrol/cdcontrol.c,usr.sbin/cdcontrol,1306,PENDING,
b1359,hbsd/src/usr.bin/netstat/ipsec.c,usr.bin/netstat,433,PENDING,
b1359,hbsd/src/usr.bin/netstat/route.c,usr.bin/netstat,724,PENDING,
b1359,hbsd/src/usr.bin/netstat/if.c,usr.bin/netstat,771,PENDING,
b1359,hbsd/src/usr.bin/netstat/main.c,usr.bin/netstat,939,PENDING,
b1360,hbsd/src/usr.sbin/moused/moused/moused.c,usr.sbin/moused/moused,3220,DEFERRED,
b1361,hbsd/src/usr.bin/truss/main.c,usr.bin/truss,207,DEFERRED,
b1361,hbsd/src/usr.bin/truss/setup.c,usr.bin/truss,832,DEFERRED,
b1361,hbsd/src/usr.bin/truss/syscalls.c,usr.bin/truss,2837,DEFERRED,
b1362,hbsd/src/sys/net/if_vlan.c,sys/net,2600,DEFERRED,
b1362,hbsd/src/sys/net/if_lagg.c,sys/net,2748,DEFERRED,
b1362,hbsd/src/sys/net/if_ovpn.c,sys/net,2920,DEFERRED,
b1362,hbsd/src/sys/net/rtsock.c,sys/net,2744,DEFERRED,
b1363,hbsd/src/usr.sbin/bhyve/amd64/post.c,usr.sbin/bhyve/amd64,50,PENDING,
b1363,hbsd/src/usr.sbin/bhyve/amd64/ioapic.c,usr.sbin/bhyve/amd64,81,PENDING,
b1363,hbsd/src/usr.sbin/bhyve/amd64/mem_x86.c,usr.sbin/bhyve/amd64,82,PENDING,
b1363,hbsd/src/usr.sbin/bhyve/amd64/spinup_ap.c,usr.sbin/bhyve/amd64,84,PENDING,
b1364,hbsd/src/usr.bin/talk/io.c,usr.bin/talk,173,PENDING,
b1364,hbsd/src/usr.bin/talk/display.c,usr.bin/talk,206,PENDING,
b1364,hbsd/src/usr.bin/talk/invite.c,usr.bin/talk,188,PENDING,
b1364,hbsd/src/usr.bin/talk/init_disp.c,usr.bin/talk,229,PENDING,
b1365,hbsd/src/sys/net/route/route_temporal.c,sys/net/route,160,PENDING,
b1365,hbsd/src/sys/net/route/nhop_utils.c,sys/net/route,214,PENDING,
b1365,hbsd/src/sys/net/route/route_subscription.c,sys/net/route,209,PENDING,
b1365,hbsd/src/sys/net/route/route_ddb.c,sys/net/route,270,PENDING,
b1366,hbsd/src/usr.bin/nfsstat/nfsstat.c,usr.bin/nfsstat,1258,PENDING,
b1367,hbsd/src/usr.sbin/bluetooth/hccontrol/hccontrol.c,usr.sbin/bluetooth/hccontrol,334,PENDING,
b1367,hbsd/src/usr.sbin/bluetooth/hccontrol/link_policy.c,usr.sbin/bluetooth/hccontrol,307,PENDING,
b1367,hbsd/src/usr.sbin/bluetooth/hccontrol/node.c,usr.sbin/bluetooth/hccontrol,620,PENDING,
b1367,hbsd/src/usr.sbin/bluetooth/hccontrol/link_control.c,usr.sbin/bluetooth/hccontrol,962,PENDING,
b1368,hbsd/src/usr.sbin/jail/state.c,usr.sbin/jail,492,DEFERRED,
b1368,hbsd/src/usr.sbin/jail/config.c,usr.sbin/jail,923,DEFERRED,
b1368,hbsd/src/usr.sbin/jail/jail.c,usr.sbin/jail,1071,DEFERRED,
b1368,hbsd/src/usr.sbin/jail/command.c,usr.sbin/jail,1076,DEFERRED,
b1369,hbsd/src/usr.sbin/ppp/ncpaddr.c,usr.sbin/ppp,1008,PENDING,
b1369,hbsd/src/usr.sbin/ppp/ccp.c,usr.sbin/ppp,826,SKIPPED,
b1369,hbsd/src/usr.sbin/ppp/route.c,usr.sbin/ppp,936,PENDING,
b1369,hbsd/src/usr.sbin/ppp/chap.c,usr.sbin/ppp,972,SKIPPED,
b1370,hbsd/src/usr.sbin/bluetooth/hccontrol/le.c,usr.sbin/bluetooth/hccontrol,1370,PENDING,
b1370,hbsd/src/usr.sbin/bluetooth/hccontrol/host_controller_baseband.c,usr.sbin/bluetooth/hccontrol,1962,PENDING,
b1370,hbsd/src/usr.sbin/bluetooth/hccontrol/util.c,usr.sbin/bluetooth/hccontrol,3366,PENDING,
b1371,hbsd/src/sys/net/bpf.c,sys/net,3260,DEFERRED,
b1371,hbsd/src/sys/net/if_vxlan.c,sys/net,3696,DEFERRED,
b1371,hbsd/src/sys/net/if_bridge.c,sys/net,4476,DEFERRED,
b1371,hbsd/src/sys/net/if.c,sys/net,5263,DEFERRED,
b1372,hbsd/src/sys/security/mac_ifoff/mac_ifoff.c,sys/security/mac_ifoff,169,PENDING,
b1373,hbsd/src/usr.sbin/jexec/jexec.c,usr.sbin/jexec,198,PENDING,
b1374,hbsd/src/usr.sbin/nscd/singletons.c,usr.sbin/nscd,36,DEFERRED,
b1374,hbsd/src/usr.sbin/nscd/log.c,usr.sbin/nscd,77,PENDING,
b1374,hbsd/src/usr.sbin/nscd/debug.c,usr.sbin/nscd,148,PENDING,
b1374,hbsd/src/usr.sbin/nscd/agent.c,usr.sbin/nscd,125,PENDING,
b1375,hbsd/src/usr.sbin/virtual_oss/virtual_equalizer/equalizer.c,usr.sbin/virtual_oss/virtual_equalizer,431,PENDING,
b1376,hbsd/src/sys/net80211/ieee80211_xauth.c,sys/net80211,77,DEFERRED,
b1376,hbsd/src/sys/net80211/ieee80211_ratectl_none.c,sys/net80211,118,PENDING,
b1376,hbsd/src/sys/net80211/ieee80211_monitor.c,sys/net80211,137,PENDING,
b1376,hbsd/src/sys/net80211/ieee80211_ratectl.c,sys/net80211,135,PENDING,
b1377,hbsd/src/usr.sbin/jls/jls.c,usr.sbin/jls,659,PENDING,
b1378,hbsd/src/sys/security/mac/mac_audit.c,sys/security/mac,140,PENDING,
b1378,hbsd/src/sys/security/mac/mac_sysv_sem.c,sys/security/mac,160,PENDING,
b1378,hbsd/src/sys/security/mac/mac_inet6.c,sys/security/mac,197,PENDING,
b1378,hbsd/src/sys/security/mac/mac_sysv_shm.c,sys/security/mac,178,PENDING,
b1379,hbsd/src/sys/netinet/netdump/netdump_client.c,sys/netinet/netdump,757,DEFERRED,
b1380,hbsd/src/sys/netpfil/ipfw/dn_sched_fifo.c,sys/netpfil/ipfw,131,PENDING,
b1380,hbsd/src/sys/netpfil/ipfw/ip_fw_bpf.c,sys/netpfil/ipfw,202,PENDING,
b1380,hbsd/src/sys/netpfil/ipfw/dn_sched_prio.c,sys/netpfil/ipfw,237,PENDING,
b1380,hbsd/src/sys/netpfil/ipfw/dn_sched_rr.c,sys/netpfil/ipfw,323,PENDING,
b1381,hbsd/src/usr.sbin/pkg/hash.c,usr.sbin/pkg,47,PENDING,
b1381,hbsd/src/usr.sbin/pkg/rsa.c,usr.sbin/pkg,175,PENDING,
b1381,hbsd/src/usr.sbin/pkg/dns_utils.c,usr.sbin/pkg,223,PENDING,
b1381,hbsd/src/usr.sbin/pkg/ecc.c,usr.sbin/pkg,606,PENDING,
b1382,hbsd/src/sys/net/route/route_ifaddrs.c,sys/net/route,241,PENDING,
b1382,hbsd/src/sys/net/route/route_rtentry.c,sys/net/route,331,PENDING,
b1382,hbsd/src/sys/net/route/nhgrp.c,sys/net/route,345,PENDING,
b1382,hbsd/src/sys/net/route/nhop.c,sys/net/route,393,PENDING,
b1383,hbsd/src/usr.sbin/ifmcstat/printb.c,usr.sbin/ifmcstat,66,PENDING,
b1383,hbsd/src/usr.sbin/ifmcstat/ifmcstat.c,usr.sbin/ifmcstat,1245,DEFERRED,
b1384,hbsd/src/usr.sbin/wlanstat/main.c,usr.sbin/wlanstat,297,PENDING,
b1384,hbsd/src/usr.sbin/wlanstat/wlanstat.c,usr.sbin/wlanstat,1068,PENDING,
b1385,hbsd/src/sys/net80211/ieee80211_crypto_gcm.c,sys/net80211,363,PENDING,
b1385,hbsd/src/sys/net80211/ieee80211_acl.c,sys/net80211,342,DEFERRED,
b1385,hbsd/src/sys/net80211/ieee80211_radiotap.c,sys/net80211,374,DEFERRED,
b1385,hbsd/src/sys/net80211/ieee80211_rssadapt.c,sys/net80211,391,PENDING,
b1386,hbsd/src/usr.sbin/uhsoctl/uhsoctl.c,usr.sbin/uhsoctl,1559,DEFERRED,
b1387,hbsd/src/sys/security/mac/mac_posix_shm.c,sys/security/mac,261,PENDING,
b1387,hbsd/src/sys/security/mac/mac_cred.c,sys/security/mac,397,PENDING,
b1387,hbsd/src/sys/security/mac/mac_inet.c,sys/security/mac,519,PENDING,
b1387,hbsd/src/sys/security/mac/mac_process.c,sys/security/mac,431,PENDING,
b1388,hbsd/src/usr.bin/vmstat/vmstat.c,usr.bin/vmstat,1628,PENDING,
b1389,hbsd/src/sys/netlink/netlink_message_parser.c,sys/netlink,637,PENDING,
b1389,hbsd/src/sys/netlink/netlink_domain.c,sys/netlink,1002,DEFERRED,
b1390,hbsd/src/usr.sbin/bluetooth/bthidd/hid.c,usr.sbin/bluetooth/bthidd,578,PENDING,
b1390,hbsd/src/usr.sbin/bluetooth/bthidd/btuinput.c,usr.sbin/bluetooth/bthidd,616,PENDING,
b1390,hbsd/src/usr.sbin/bluetooth/bthidd/kbd.c,usr.sbin/bluetooth/bthidd,614,PENDING,
b1391,hbsd/src/sys/net/altq/altq_codel.c,sys/net/altq,476,PENDING,
b1391,hbsd/src/sys/net/altq/altq_rio.c,sys/net/altq,449,PENDING,
b1391,hbsd/src/sys/net/altq/altq_cbq.c,sys/net/altq,565,PENDING,
b1391,hbsd/src/sys/net/altq/altq_priq.c,sys/net/altq,642,PENDING,
b1392,hbsd/src/usr.sbin/ppp/deflate.c,usr.sbin/ppp,601,SKIPPED,
b1392,hbsd/src/usr.sbin/ppp/slcompress.c,usr.sbin/ppp,603,SKIPPED,
b1392,hbsd/src/usr.sbin/ppp/lqr.c,usr.sbin/ppp,532,SKIPPED,
b1392,hbsd/src/usr.sbin/ppp/main.c,usr.sbin/ppp,680,SKIPPED,
b1393,hbsd/src/usr.sbin/bsnmpd/modules/snmp_bridge/bridge_pf.c,usr.sbin/bsnmpd/modules/snmp_bridge,117,PENDING,
b1393,hbsd/src/usr.sbin/bsnmpd/modules/snmp_bridge/bridge_snmp.c,usr.sbin/bsnmpd/modules/snmp_bridge,339,PENDING,
b1393,hbsd/src/usr.sbin/bsnmpd/modules/snmp_bridge/bridge_addrs.c,usr.sbin/bsnmpd/modules/snmp_bridge,590,DEFERRED,
b1393,hbsd/src/usr.sbin/bsnmpd/modules/snmp_bridge/bridge_sys.c,usr.sbin/bsnmpd/modules/snmp_bridge,1506,PENDING,
b1394,hbsd/src/sys/netgraph/ng_gif.c,sys/netgraph,594,DEFERRED,
b1394,hbsd/src/sys/netgraph/ng_eiface.c,sys/netgraph,681,PENDING,
b1394,hbsd/src/sys/netgraph/ng_async.c,sys/netgraph,626,PENDING,
b1394,hbsd/src/sys/netgraph/ng_deflate.c,sys/netgraph,716,DEFERRED,
b1395,hbsd/src/sys/netgraph/ng_vlan.c,sys/netgraph,707,PENDING,
b1395,hbsd/src/sys/netgraph/ng_pred1.c,sys/netgraph,714,PENDING,
b1395,hbsd/src/sys/netgraph/ng_tag.c,sys/netgraph,717,DEFERRED,
b1395,hbsd/src/sys/netgraph/ng_iface.c,sys/netgraph,812,PENDING,
b1396,hbsd/src/sys/security/mac_mls/mac_mls.c,sys/security/mac_mls,3419,PENDING,
b1397,hbsd/src/usr.sbin/pmcstat/pmcstat_log.c,usr.sbin/pmcstat,769,DEFERRED,
b1397,hbsd/src/usr.sbin/pmcstat/pmcpl_calltree.c,usr.sbin/pmcstat,1202,DEFERRED,
b1397,hbsd/src/usr.sbin/pmcstat/pmcstat.c,usr.sbin/pmcstat,1469,DEFERRED,
b1398,hbsd/src/sys/netgraph/ng_car.c,sys/netgraph,812,PENDING,
b1398,hbsd/src/sys/netgraph/ng_source.c,sys/netgraph,931,PENDING,
b1398,hbsd/src/sys/netgraph/ng_ether.c,sys/netgraph,880,PENDING,
b1398,hbsd/src/sys/netgraph/ng_mppc.c,sys/netgraph,904,DEFERRED,
b1399,hbsd/src/sys/security/mac_biba/mac_biba.c,sys/security/mac_biba,3797,PENDING,
b1400,hbsd/src/sys/netgraph/ng_socket.c,sys/netgraph,1207,DEFERRED,
b1400,hbsd/src/sys/netgraph/ng_bridge.c,sys/netgraph,1263,DEFERRED,
b1400,hbsd/src/sys/netgraph/ng_pptpgre.c,sys/netgraph,1290,DEFERRED,
b1400,hbsd/src/sys/netgraph/ng_ksocket.c,sys/netgraph,1377,DEFERRED,
b1401,hbsd/src/sys/net/iflib.c,sys/net,7031,DEFERRED,
b1402,hbsd/src/usr.sbin/rip6query/rip6query.c,usr.sbin/rip6query,196,PENDING,
b1403,hbsd/src/usr.sbin/iostat/iostat.c,usr.sbin/iostat,1028,PENDING,
b1404,hbsd/src/sys/netpfil/ipfw/dn_aqm_codel.c,sys/netpfil/ipfw,447,PENDING,
b1404,hbsd/src/sys/netpfil/ipfw/ip_fw_iface.c,sys/netpfil/ipfw,538,DEFERRED,
b1404,hbsd/src/sys/netpfil/ipfw/dn_sched_wf2q.c,sys/netpfil/ipfw,383,PENDING,
b1404,hbsd/src/sys/netpfil/ipfw/ip_fw_eaction.c,sys/netpfil/ipfw,463,PENDING,
b1405,hbsd/src/usr.sbin/nscd/nscdcli.c,usr.sbin/nscd,280,PENDING,
b1405,hbsd/src/usr.sbin/nscd/parser.c,usr.sbin/nscd,553,PENDING,
b1405,hbsd/src/usr.sbin/nscd/protocol.c,usr.sbin/nscd,549,PENDING,
b1405,hbsd/src/usr.sbin/nscd/mp_rs_query.c,usr.sbin/nscd,534,PENDING,
b1406,hbsd/src/usr.sbin/pkg/config.c,usr.sbin/pkg,708,DEFERRED,
b1406,hbsd/src/usr.sbin/pkg/pkg.c,usr.sbin/pkg,1264,DEFERRED,
b1407,hbsd/src/sys/net80211/ieee80211_dfs.c,sys/net80211,437,PENDING,
b1407,hbsd/src/sys/net80211/ieee80211_regdomain.c,sys/net80211,470,DEFERRED,
b1407,hbsd/src/sys/net80211/ieee80211_crypto_wep.c,sys/net80211,517,PENDING,
b1407,hbsd/src/sys/net80211/ieee80211_crypto_gcmp.c,sys/net80211,598,PENDING,
b1408,hbsd/src/sys/security/mac/mac_net.c,sys/security/mac,500,PENDING,
b1408,hbsd/src/sys/security/mac/mac_socket.c,sys/security/mac,640,PENDING,
b1408,hbsd/src/sys/security/mac/mac_syscalls.c,sys/security/mac,724,DEFERRED,
b1408,hbsd/src/sys/security/mac/mac_framework.c,sys/security/mac,744,DEFERRED,
b1409,hbsd/src/sys/security/mac_do/mac_do.c,sys/security/mac_do,2671,DEFERRED,
b1410,hbsd/src/sys/net80211/ieee80211_power.c,sys/net80211,651,PENDING,
b1410,hbsd/src/sys/net80211/ieee80211_scan.c,sys/net80211,698,PENDING,
b1410,hbsd/src/sys/net80211/ieee80211_amrr.c,sys/net80211,760,PENDING,
b1410,hbsd/src/sys/net80211/ieee80211_crypto_ccmp.c,sys/net80211,807,PENDING,
b1411,hbsd/src/usr.sbin/bsnmpd/modules/snmp_bridge/bridge_if.c,usr.sbin/bsnmpd/modules/snmp_bridge,1480,DEFERRED,
b1411,hbsd/src/usr.sbin/bsnmpd/modules/snmp_bridge/bridge_port.c,usr.sbin/bsnmpd/modules/snmp_bridge,1514,DEFERRED,
b1412,hbsd/src/sys/security/mac_lomac/mac_lomac.c,sys/security/mac_lomac,3069,PENDING,
b1413,hbsd/src/sys/net/route/route_tables.c,sys/net/route,414,DEFERRED,
b1413,hbsd/src/sys/net/route/route_helpers.c,sys/net/route,683,PENDING,
b1413,hbsd/src/sys/net/route/nhgrp_ctl.c,sys/net/route,972,PENDING,
b1413,hbsd/src/sys/net/route/nhop_ctl.c,sys/net/route,1294,PENDING,
b1414,hbsd/src/sys/net/altq/altq_red.c,sys/net/altq,627,PENDING,
b1414,hbsd/src/sys/net/altq/altq_fairq.c,sys/net/altq,909,PENDING,
b1414,hbsd/src/sys/net/altq/altq_hfsc.c,sys/net/altq,1736,DEFERRED,
b1414,hbsd/src/sys/net/altq/altq_subr.c,sys/net/altq,1925,DEFERRED,
b1415,hbsd/src/sys/netpfil/ipfw/pmod/ip_fw_pmod.c,sys/netpfil/ipfw/pmod,98,DEFERRED,
b1415,hbsd/src/sys/netpfil/ipfw/pmod/tcpmod.c,sys/netpfil/ipfw/pmod,249,PENDING,
b1416,hbsd/src/sys/netinet6/route6.c,sys/netinet6,116,PENDING,
b1416,hbsd/src/sys/netinet6/dest6.c,sys/netinet6,133,PENDING,
b1416,hbsd/src/sys/netinet6/in6_rmx.c,sys/netinet6,168,PENDING,
b1416,hbsd/src/sys/netinet6/in6_jail.c,sys/netinet6,325,PENDING,
b1417,hbsd/src/sys/netinet/in_rmx.c,sys/netinet,182,PENDING,
b1417,hbsd/src/sys/netinet/sctp_peeloff.c,sys/netinet,155,PENDING,
b1417,hbsd/src/sys/netinet/tcp_offload.c,sys/netinet,231,PENDING,
b1417,hbsd/src/sys/netinet/ip_ecn.c,sys/netinet,192,PENDING,
b1418,hbsd/src/usr.sbin/bhyve/pci_virtio_rnd.c,usr.sbin/bhyve,209,PENDING,
b1418,hbsd/src/usr.sbin/bhyve/mevent_test.c,usr.sbin/bhyve,254,PENDING,
b1418,hbsd/src/usr.sbin/bhyve/rtc_pl031.c,usr.sbin/bhyve,279,PENDING,
b1418,hbsd/src/usr.sbin/bhyve/pctestdev.c,usr.sbin/bhyve,261,PENDING,
b1419,hbsd/src/sys/netinet/tcp_stats.c,sys/netinet,271,PENDING,
b1419,hbsd/src/sys/netinet/in_fib.c,sys/netinet,333,PENDING,
b1419,hbsd/src/sys/netinet/ip_id.c,sys/netinet,309,PENDING,
b1419,hbsd/src/sys/netinet/tcp_timewait.c,sys/netinet,370,PENDING,
b1420,hbsd/src/sys/net/altq/altq_rmclass.c,sys/net/altq,1826,DEFERRED,
b1421,hbsd/src/usr.sbin/nscd/config.c,usr.sbin/nscd,584,PENDING,
b1421,hbsd/src/usr.sbin/nscd/mp_ws_query.c,usr.sbin/nscd,543,PENDING,
b1421,hbsd/src/usr.sbin/nscd/cacheplcs.c,usr.sbin/nscd,584,DEFERRED,
b1421,hbsd/src/usr.sbin/nscd/nscd.c,usr.sbin/nscd,873,DEFERRED,
b1422,hbsd/src/sys/netgraph/netflow/netflow_v9.c,sys/netgraph/netflow,487,PENDING,
b1422,hbsd/src/sys/netgraph/netflow/ng_netflow.c,sys/netgraph/netflow,1064,PENDING,
b1422,hbsd/src/sys/netgraph/netflow/netflow.c,sys/netgraph/netflow,1179,DEFERRED,
b1423,hbsd/src/sys/net80211/ieee80211_wds.c,sys/net80211,801,DEFERRED,
b1423,hbsd/src/sys/net80211/ieee80211_tdma.c,sys/net80211,834,PENDING,
b1423,hbsd/src/sys/net80211/ieee80211_phy.c,sys/net80211,794,DEFERRED,
b1423,hbsd/src/sys/net80211/ieee80211_superg.c,sys/net80211,1080,PENDING,
b1424,hbsd/src/sys/net/route/route_ctl.c,sys/net/route,1581,PENDING,
b1424,hbsd/src/sys/net/route/fib_algo.c,sys/net/route,2077,DEFERRED,
b1425,hbsd/src/sys/netinet6/ip6_id.c,sys/netinet6,271,PENDING,
b1425,hbsd/src/sys/netinet6/in6_fib_algo.c,sys/netinet6,360,DEFERRED,
b1425,hbsd/src/sys/netinet6/ip6_fastfwd.c,sys/netinet6,332,PENDING,
b1425,hbsd/src/sys/netinet6/in6_fib.c,sys/netinet6,348,PENDING,
b1426,hbsd/src/sys/netinet/ip_encap.c,sys/netinet,413,PENDING,
b1426,hbsd/src/sys/netinet/in_rss.c,sys/netinet,389,PENDING,
b1426,hbsd/src/sys/netinet/in_gif.c,sys/netinet,447,PENDING,
b1426,hbsd/src/sys/netinet/toecore.c,sys/netinet,604,DEFERRED,
b1427,hbsd/src/usr.sbin/nscd/cachelib.c,usr.sbin/nscd,1242,DEFERRED,
b1427,hbsd/src/usr.sbin/nscd/query.c,usr.sbin/nscd,1279,PENDING,
b1428,hbsd/src/sys/netinet/ip_fastfwd.c,sys/netinet,588,PENDING,
b1428,hbsd/src/sys/netinet/in_kdtrace.c,sys/netinet,570,DEFERRED,
b1428,hbsd/src/sys/netinet/tcp_lro_hpts.c,sys/netinet,673,DEFERRED,
b1428,hbsd/src/sys/netinet/in_fib_algo.c,sys/netinet,777,DEFERRED,
b1429,hbsd/src/sys/net80211/ieee80211_input.c,sys/net80211,1065,DEFERRED,
b1429,hbsd/src/sys/net80211/ieee80211_crypto_tkip.c,sys/net80211,1071,PENDING,
b1429,hbsd/src/sys/net80211/ieee80211_adhoc.c,sys/net80211,1058,PENDING,
b1429,hbsd/src/sys/net80211/ieee80211_scan_sw.c,sys/net80211,1046,PENDING,
b1430,hbsd/src/sys/netinet/raw_ip.c,sys/netinet,1131,PENDING,
b1430,hbsd/src/sys/netinet/tcp_timer.c,sys/netinet,971,PENDING,
b1430,hbsd/src/sys/netinet/tcp_reass.c,sys/netinet,1115,DEFERRED,
b1430,hbsd/src/sys/netinet/sctp_ss_functions.c,sys/netinet,1028,DEFERRED,
b1431,hbsd/src/sys/netinet6/send.c,sys/netinet6,387,DEFERRED,
b1431,hbsd/src/sys/netinet6/in6_cksum.c,sys/netinet6,343,PENDING,
b1431,hbsd/src/sys/netinet6/in6_rss.c,sys/netinet6,414,PENDING,
b1431,hbsd/src/sys/netinet6/in6_gif.c,sys/netinet6,478,PENDING,
b1432,hbsd/src/sys/netinet/sctp_syscalls.c,sys/netinet,577,DEFERRED,
b1432,hbsd/src/sys/netinet/sctp_bsd_addr.c,sys/netinet,527,DEFERRED,
b1432,hbsd/src/sys/netinet/tcp_ecn.c,sys/netinet,612,PENDING,
b1432,hbsd/src/sys/netinet/ip_gre.c,sys/netinet,582,PENDING,
b1433,hbsd/src/sys/netinet/ip_options.c,sys/netinet,760,PENDING,
b1433,hbsd/src/sys/netinet/ip_divert.c,sys/netinet,913,DEFERRED,
b1433,hbsd/src/sys/netinet/tcp_hostcache.c,sys/netinet,845,PENDING,
b1433,hbsd/src/sys/netinet/ip_reass.c,sys/netinet,990,DEFERRED,
b1434,hbsd/src/sys/net80211/ieee80211_crypto.c,sys/net80211,1083,DEFERRED,
b1434,hbsd/src/sys/net80211/ieee80211_vht.c,sys/net80211,1131,DEFERRED,
b1434,hbsd/src/sys/net80211/ieee80211_ddb.c,sys/net80211,1056,DEFERRED,
b1434,hbsd/src/sys/net80211/ieee80211_freebsd.c,sys/net80211,1416,DEFERRED,
b1435,hbsd/src/sys/netinet/siftr.c,sys/netinet,1399,DEFERRED,
b1435,hbsd/src/sys/netinet/tcp_fastopen.c,sys/netinet,1219,DEFERRED,
b1435,hbsd/src/sys/netinet/sctp_sysctl.c,sys/netinet,998,DEFERRED,
b1435,hbsd/src/sys/netinet/ip_output.c,sys/netinet,1591,PENDING,
b1436,hbsd/src/sys/netinet/ip_icmp.c,sys/netinet,1209,PENDING,
b1436,hbsd/src/sys/netinet/in_fib_dxr.c,sys/netinet,1393,DEFERRED,
b1436,hbsd/src/sys/netinet/tcp_sack.c,sys/netinet,1200,DEFERRED,
b1436,hbsd/src/sys/netinet/ip_input.c,sys/netinet,1409,DEFERRED,
b1437,hbsd/src/usr.sbin/bsnmpd/modules/snmp_wlan/wlan_sys.c,usr.sbin/bsnmpd/modules/snmp_wlan,3145,PENDING,
b1437,hbsd/src/usr.sbin/bsnmpd/modules/snmp_wlan/wlan_snmp.c,usr.sbin/bsnmpd/modules/snmp_wlan,4513,DEFERRED,
b1438,hbsd/src/sys/net80211/ieee80211_scan_sta.c,sys/net80211,1999,DEFERRED,
b1438,hbsd/src/sys/net80211/ieee80211_sta.c,sys/net80211,2068,PENDING,
b1438,hbsd/src/sys/net80211/ieee80211_hwmp.c,sys/net80211,2086,DEFERRED,
b1438,hbsd/src/sys/net80211/ieee80211_hostap.c,sys/net80211,2509,PENDING,
b1439,hbsd/src/sys/netinet/tcp_lro.c,sys/netinet,1492,DEFERRED,
b1439,hbsd/src/sys/netinet/if_ether.c,sys/netinet,1529,PENDING,
b1439,hbsd/src/sys/netinet/udp_usrreq.c,sys/netinet,1825,DEFERRED,
b1439,hbsd/src/sys/netinet/sctp_timer.c,sys/netinet,1600,DEFERRED,
b1440,hbsd/src/sys/net80211/ieee80211.c,sys/net80211,2795,DEFERRED,
b1440,hbsd/src/sys/net80211/ieee80211_proto.c,sys/net80211,2915,DEFERRED,
b1440,hbsd/src/sys/net80211/ieee80211_node.c,sys/net80211,3365,DEFERRED,
b1440,hbsd/src/sys/net80211/ieee80211_mesh.c,sys/net80211,3613,DEFERRED,
b1441,hbsd/src/sys/netinet6/in6_proto.c,sys/netinet6,371,PENDING,
b1441,hbsd/src/sys/netinet6/ip6_forward.c,sys/netinet6,477,PENDING,
b1441,hbsd/src/sys/netinet6/ip6_gre.c,sys/netinet6,578,PENDING,
b1441,hbsd/src/sys/netinet6/scope6.c,sys/netinet6,623,PENDING,
b1442,hbsd/src/sys/netinet/in.c,sys/netinet,1897,DEFERRED,
b1442,hbsd/src/sys/netinet/sctp_auth.c,sys/netinet,1986,DEFERRED,
b1442,hbsd/src/sys/netinet/tcp_ratelimit.c,sys/netinet,1795,DEFERRED,
b1442,hbsd/src/sys/netinet/tcp_output.c,sys/netinet,2179,PENDING,
b1443,hbsd/src/sys/net80211/ieee80211_ioctl.c,sys/net80211,3734,PENDING,
b1443,hbsd/src/sys/net80211/ieee80211_ht.c,sys/net80211,3847,DEFERRED,
b1443,hbsd/src/sys/net80211/ieee80211_output.c,sys/net80211,4306,DEFERRED,
b1444,hbsd/src/sys/security/mac_ipacl/mac_ipacl.c,sys/security/mac_ipacl,449,DEFERRED,
b1445,hbsd/src/sys/netpfil/pf/pfsync_nv.c,sys/netpfil/pf,161,PENDING,
b1445,hbsd/src/sys/netpfil/pf/inet_nat64.c,sys/netpfil/pf,204,PENDING,
b1445,hbsd/src/sys/netpfil/pf/in4_cksum.c,sys/netpfil/pf,119,PENDING,
b1445,hbsd/src/sys/netpfil/pf/if_pflog.c,sys/netpfil/pf,368,DEFERRED,
b1446,hbsd/src/sys/netlink/route/iface_drivers.c,sys/netlink/route,183,PENDING,
b1446,hbsd/src/sys/netlink/route/neigh.c,sys/netlink/route,601,PENDING,
b1446,hbsd/src/sys/netlink/route/nexthop.c,sys/netlink/route,1123,PENDING,
b1446,hbsd/src/sys/netlink/route/rt.c,sys/netlink/route,1157,PENDING,
b1447,hbsd/src/sys/netinet/tcp_hpts.c,sys/netinet,2137,DEFERRED,
b1447,hbsd/src/sys/netinet/sctp_cc_functions.c,sys/netinet,2363,DEFERRED,
b1447,hbsd/src/sys/netinet/tcp_usrreq.c,sys/netinet,3015,DEFERRED,
b1447,hbsd/src/sys/netinet/ip_carp.c,sys/netinet,3123,DEFERRED,
b1448,hbsd/src/sys/netinet/ip_mroute.c,sys/netinet,3030,DEFERRED,
b1448,hbsd/src/sys/netinet/tcp_syncache.c,sys/netinet,2587,DEFERRED,
b1448,hbsd/src/sys/netinet/in_mcast.c,sys/netinet,3014,DEFERRED,
b1448,hbsd/src/sys/netinet/in_pcb.c,sys/netinet,3424,DEFERRED,
b1449,hbsd/src/sys/security/mac_portacl/mac_portacl.c,sys/security/mac_portacl,489,DEFERRED,
b1450,hbsd/src/sys/netinet/tcp_log_buf.c,sys/netinet,3352,DEFERRED,
b1450,hbsd/src/sys/netinet/igmp.c,sys/netinet,3733,DEFERRED,
b1450,hbsd/src/sys/netinet/sctp_asconf.c,sys/netinet,3473,DEFERRED,
b1450,hbsd/src/sys/netinet/tcp_input.c,sys/netinet,4200,DEFERRED,
b1451,hbsd/src/sys/netinet/tcp_subr.c,sys/netinet,5048,DEFERRED,
b1451,hbsd/src/sys/netinet/sctp_indata.c,sys/netinet,5731,DEFERRED,
b1451,hbsd/src/sys/netinet/sctp_input.c,sys/netinet,5858,DEFERRED,
b1451,hbsd/src/sys/netinet/sctp_pcb.c,sys/netinet,6987,DEFERRED,
b1452,hbsd/src/sys/netinet/cc/cc_hd.c,sys/netinet/cc,260,DEFERRED,
b1452,hbsd/src/sys/netinet/cc/cc_vegas.c,sys/netinet/cc,313,DEFERRED,
b1452,hbsd/src/sys/netinet/cc/cc_dctcp.c,sys/netinet/cc,494,PENDING,
b1452,hbsd/src/sys/netinet/cc/cc_chd.c,sys/netinet/cc,509,DEFERRED,
b1453,hbsd/src/sys/netinet/tcp_stacks/tailq_hash.c,sys/netinet/tcp_stacks,360,DEFERRED,
b1453,hbsd/src/sys/netinet/tcp_stacks/rack_pcm.c,sys/netinet/tcp_stacks,329,PENDING,
b1453,hbsd/src/sys/netinet/tcp_stacks/sack_filter.c,sys/netinet/tcp_stacks,926,PENDING,
b1453,hbsd/src/sys/netinet/tcp_stacks/rack_bbr_common.c,sys/netinet/tcp_stacks,959,DEFERRED,
b1454,hbsd/src/sys/netinet/cc/cc_htcp.c,sys/netinet/cc,543,PENDING,
b1454,hbsd/src/sys/netinet/cc/cc_newreno.c,sys/netinet/cc,602,PENDING,
b1454,hbsd/src/sys/netinet/cc/cc.c,sys/netinet/cc,753,DEFERRED,
b1454,hbsd/src/sys/netinet/cc/cc_cubic.c,sys/netinet/cc,726,PENDING,
b1455,hbsd/src/sys/netinet/sctputil.c,sys/netinet,7699,DEFERRED,
b1455,hbsd/src/sys/netinet/sctp_usrreq.c,sys/netinet,7540,DEFERRED,
b1455,hbsd/src/sys/netinet/sctp_output.c,sys/netinet,13928,DEFERRED,
b1456,hbsd/src/sys/netinet/cc/cc_cdg.c,sys/netinet/cc,728,DEFERRED,
b1457,hbsd/src/usr.bin/netstat/sctp.c,usr.bin/netstat,841,DEFERRED,
b1457,hbsd/src/usr.bin/netstat/inet6.c,usr.bin/netstat,1359,PENDING,
b1457,hbsd/src/usr.bin/netstat/inet.c,usr.bin/netstat,1563,PENDING,
b1458,hbsd/src/sys/netinet6/raw_ip6.c,sys/netinet6,876,PENDING,
b1458,hbsd/src/sys/netinet6/in6_ifattach.c,sys/netinet6,959,DEFERRED,
b1458,hbsd/src/sys/netinet6/sctp6_usrreq.c,sys/netinet6,1123,DEFERRED,
b1458,hbsd/src/sys/netinet6/frag6.c,sys/netinet6,1112,DEFERRED,
b1459,hbsd/src/sys/netinet/tcp_stacks/bbr.c,sys/netinet/tcp_stacks,14824,DEFERRED,
b1459,hbsd/src/sys/netinet/tcp_stacks/rack.c,sys/netinet/tcp_stacks,24673,DEFERRED,
b1460,hbsd/src/usr.bin/systat/netstat.c,usr.bin/systat,632,DEFERRED,
b1460,hbsd/src/usr.bin/systat/vmstat.c,usr.bin/systat,817,PENDING,
b1461,hbsd/src/sys/netinet6/in6_src.c,sys/netinet6,1144,DEFERRED,
b1461,hbsd/src/sys/netinet6/udp6_usrreq.c,sys/netinet6,1311,DEFERRED,
b1461,hbsd/src/sys/netinet6/in6_pcb.c,sys/netinet6,1306,PENDING,
b1461,hbsd/src/sys/netinet6/nd6_nbr.c,sys/netinet6,1633,DEFERRED,
b1462,hbsd/src/usr.sbin/lpr/pac/pac.c,usr.sbin/lpr/pac,435,PENDING,
b1463,hbsd/src/usr.sbin/inetd/builtins.c,usr.sbin/inetd,819,PENDING,
b1463,hbsd/src/usr.sbin/inetd/inetd.c,usr.sbin/inetd,2564,DEFERRED,
b1464,hbsd/src/sys/netinet6/ip6_input.c,sys/netinet6,1763,DEFERRED,
b1464,hbsd/src/sys/netinet6/ip6_mroute.c,sys/netinet6,2143,DEFERRED,
b1464,hbsd/src/sys/netinet6/nd6_rtr.c,sys/netinet6,2625,DEFERRED,
b1464,hbsd/src/sys/netinet6/nd6.c,sys/netinet6,2737,DEFERRED,
b1465,hbsd/src/usr.sbin/mld6query/mld6.c,usr.sbin/mld6query,347,PENDING,
b1466,hbsd/src/usr.sbin/nfscbd/nfscbd.c,usr.sbin/nfscbd,371,PENDING,
b1467,hbsd/src/usr.sbin/rrenumd/rrenumd.c,usr.sbin/rrenumd,659,PENDING,
b1468,hbsd/src/usr.sbin/mtest/mtest.c,usr.sbin/mtest,851,PENDING,
b1469,hbsd/src/usr.sbin/nfsuserd/nfsuserd.c,usr.sbin/nfsuserd,918,PENDING,
b1470,hbsd/src/usr.sbin/powerd/powerd.c,usr.sbin/powerd,933,PENDING,
b1471,hbsd/src/usr.sbin/rpcbind/rpcb_svc.c,usr.sbin/rpcbind,233,PENDING,
b1471,hbsd/src/usr.sbin/rpcbind/pmap_svc.c,usr.sbin/rpcbind,360,PENDING,
b1471,hbsd/src/usr.sbin/rpcbind/util.c,usr.sbin/rpcbind,418,PENDING,
b1471,hbsd/src/usr.sbin/rpcbind/rpcb_svc_4.c,usr.sbin/rpcbind,452,PENDING,
b1472,hbsd/src/usr.sbin/ppp/link.c,usr.sbin/ppp,412,SKIPPED,
b1472,hbsd/src/usr.sbin/ppp/server.c,usr.sbin/ppp,422,SKIPPED,
b1472,hbsd/src/usr.sbin/ppp/log.c,usr.sbin/ppp,532,SKIPPED,
b1472,hbsd/src/usr.sbin/ppp/systems.c,usr.sbin/ppp,483,PENDING,
b1473,hbsd/src/usr.sbin/iscsid/discovery.c,usr.sbin/iscsid,171,PENDING,
b1473,hbsd/src/usr.sbin/iscsid/iscsid.c,usr.sbin/iscsid,806,PENDING,
b1473,hbsd/src/usr.sbin/iscsid/login.c,usr.sbin/iscsid,898,PENDING,
b1474,hbsd/src/usr.sbin/traceroute/traceroute.c,usr.sbin/traceroute,2095,PENDING,
b1475,hbsd/src/usr.sbin/virtual_oss/virtual_oss/eq.c,usr.sbin/virtual_oss/virtual_oss,226,PENDING,
b1475,hbsd/src/usr.sbin/virtual_oss/virtual_oss/format.c,usr.sbin/virtual_oss/virtual_oss,429,DEFERRED,
b1475,hbsd/src/usr.sbin/virtual_oss/virtual_oss/ctl.c,usr.sbin/virtual_oss/virtual_oss,615,DEFERRED,
b1475,hbsd/src/usr.sbin/virtual_oss/virtual_oss/httpd.c,usr.sbin/virtual_oss/virtual_oss,846,DEFERRED,
b1476,hbsd/src/usr.sbin/rtadvd/control.c,usr.sbin/rtadvd,492,PENDING,
b1476,hbsd/src/usr.sbin/rtadvd/rrenum.c,usr.sbin/rtadvd,501,DEFERRED,
b1476,hbsd/src/usr.sbin/rtadvd/control_server.c,usr.sbin/rtadvd,752,DEFERRED,
b1476,hbsd/src/usr.sbin/rtadvd/if.c,usr.sbin/rtadvd,769,DEFERRED,
b1477,hbsd/src/usr.sbin/lpr/lpd/modes.c,usr.sbin/lpr/lpd,225,PENDING,
b1477,hbsd/src/usr.sbin/lpr/lpd/recvjob.c,usr.sbin/lpr/lpd,480,PENDING,
b1477,hbsd/src/usr.sbin/lpr/lpd/lpdchar.c,usr.sbin/lpr/lpd,1062,DEFERRED,
b1477,hbsd/src/usr.sbin/lpr/lpd/lpd.c,usr.sbin/lpr/lpd,929,PENDING,
b1478,hbsd/src/usr.sbin/pw/pw_conf.c,usr.sbin/pw,554,PENDING,
b1478,hbsd/src/usr.sbin/pw/pw_group.c,usr.sbin/pw,728,PENDING,
b1478,hbsd/src/usr.sbin/pw/pw_user.c,usr.sbin/pw,1865,PENDING,
b1479,hbsd/src/usr.sbin/mountd/mountd.c,usr.sbin/mountd,4138,DEFERRED,
b1480,hbsd/src/usr.sbin/syslogd/syslogd_cap.c,usr.sbin/syslogd,60,PENDING,
b1480,hbsd/src/usr.sbin/syslogd/syslogd_cap_log.c,usr.sbin/syslogd,193,DEFERRED,
b1480,hbsd/src/usr.sbin/syslogd/syslogd_cap_config.c,usr.sbin/syslogd,323,DEFERRED,
b1480,hbsd/src/usr.sbin/syslogd/syslogd.c,usr.sbin/syslogd,3933,DEFERRED,
b1481,hbsd/src/usr.sbin/ppp/physical.c,usr.sbin/ppp,1124,PENDING,
b1481,hbsd/src/usr.sbin/ppp/ip.c,usr.sbin/ppp,995,PENDING,
b1481,hbsd/src/usr.sbin/ppp/fsm.c,usr.sbin/ppp,1213,PENDING,
b1481,hbsd/src/usr.sbin/ppp/mp.c,usr.sbin/ppp,1209,PENDING,
b1482,hbsd/src/sys/netinet6/in6.c,sys/netinet6,2780,DEFERRED,
b1482,hbsd/src/sys/netinet6/icmp6.c,sys/netinet6,2912,DEFERRED,
b1482,hbsd/src/sys/netinet6/in6_mcast.c,sys/netinet6,2943,DEFERRED,
b1482,hbsd/src/sys/netinet6/ip6_output.c,sys/netinet6,3344,PENDING,
b1483,hbsd/src/usr.sbin/lpr/lpq/lpq.c,usr.sbin/lpr/lpq,183,PENDING,
b1484,hbsd/src/sys/netipsec/ipsec_mod.c,sys/netipsec,149,DEFERRED,
b1484,hbsd/src/sys/netipsec/ipsec_mbuf.c,sys/netipsec,340,PENDING,
b1484,hbsd/src/sys/netipsec/keysock.c,sys/netipsec,354,DEFERRED,
b1484,hbsd/src/sys/netipsec/udpencap.c,sys/netipsec,409,PENDING,
b1485,hbsd/src/usr.sbin/nfsd/nfsd.c,usr.sbin/nfsd,1400,PENDING,
b1486,hbsd/src/sys/netlink/route/iface.c,sys/netlink/route,1528,DEFERRED,
b1487,hbsd/src/usr.sbin/traceroute6/traceroute6.c,usr.sbin/traceroute6,1849,PENDING,
b1488,hbsd/src/usr.sbin/rpcbind/rpcbind.c,usr.sbin/rpcbind,941,PENDING,
b1488,hbsd/src/usr.sbin/rpcbind/rpcb_svc_com.c,usr.sbin/rpcbind,1489,PENDING,
b1489,hbsd/src/sys/netpfil/ipfw/dn_heap.c,sys/netpfil/ipfw,556,PENDING,
b1489,hbsd/src/sys/netpfil/ipfw/dn_sched_fq_codel.c,sys/netpfil/ipfw,615,DEFERRED,
b1489,hbsd/src/sys/netpfil/ipfw/ip_fw_pfil.c,sys/netpfil/ipfw,740,PENDING,
b1489,hbsd/src/sys/netpfil/ipfw/ip_fw_compat.c,sys/netpfil/ipfw,714,DEFERRED,
b1490,hbsd/src/sys/netpfil/pf/pf_syncookies.c,sys/netpfil/pf,520,PENDING,
b1490,hbsd/src/sys/netpfil/pf/pf_osfp.c,sys/netpfil/pf,525,DEFERRED,
b1490,hbsd/src/sys/netpfil/pf/pf_ruleset.c,sys/netpfil/pf,768,DEFERRED,
b1490,hbsd/src/sys/netpfil/pf/pf_if.c,sys/netpfil/pf,1190,DEFERRED,
b1491,hbsd/src/usr.sbin/rpc.lockd/test.c,usr.sbin/rpc.lockd,356,PENDING,
b1491,hbsd/src/usr.sbin/rpc.lockd/kern.c,usr.sbin/rpc.lockd,609,PENDING,
b1491,hbsd/src/usr.sbin/rpc.lockd/lockd.c,usr.sbin/rpc.lockd,912,PENDING,
b1491,hbsd/src/usr.sbin/rpc.lockd/lock_proc.c,usr.sbin/rpc.lockd,1328,PENDING,
b1492,hbsd/src/sys/netpfil/ipfw/ip_fw_table_value.c,sys/netpfil/ipfw,770,PENDING,
b1492,hbsd/src/sys/netpfil/ipfw/ip_fw_log.c,sys/netpfil/ipfw,766,PENDING,
b1492,hbsd/src/sys/netpfil/ipfw/dn_aqm_pie.c,sys/netpfil/ipfw,813,PENDING,
b1492,hbsd/src/sys/netpfil/ipfw/dn_sched_qfq.c,sys/netpfil/ipfw,885,PENDING,
b1493,hbsd/src/sys/netinet6/mld6.c,sys/netinet6,3331,DEFERRED,
b1494,hbsd/src/usr.sbin/rtadvd/config.c,usr.sbin/rtadvd,1637,DEFERRED,
b1494,hbsd/src/usr.sbin/rtadvd/rtadvd.c,usr.sbin/rtadvd,1910,DEFERRED,
b1495,hbsd/src/usr.sbin/virtual_oss/virtual_oss/virtual_oss.c,usr.sbin/virtual_oss/virtual_oss,908,DEFERRED,
b1495,hbsd/src/usr.sbin/virtual_oss/virtual_oss/main.c,usr.sbin/virtual_oss/virtual_oss,2683,DEFERRED,
b1496,hbsd/src/usr.sbin/pmcstudy/eval_expr.c,usr.sbin/pmcstudy,714,PENDING,
b1496,hbsd/src/usr.sbin/pmcstudy/pmcstudy.c,usr.sbin/pmcstudy,2953,DEFERRED,
b1497,hbsd/src/sys/netpfil/ipfilter/netinet/ip_lookup.c,sys/netpfil/ipfilter/netinet,933,PENDING,
b1497,hbsd/src/sys/netpfil/ipfilter/netinet/ip_fil_freebsd.c,sys/netpfil/ipfilter/netinet,1444,DEFERRED,
b1497,hbsd/src/sys/netpfil/ipfilter/netinet/ip_auth.c,sys/netpfil/ipfilter/netinet,1203,PENDING,
b1497,hbsd/src/sys/netpfil/ipfilter/netinet/ip_rpcb_pxy.c,sys/netpfil/ipfilter/netinet,1400,PENDING,
b1498,hbsd/src/usr.sbin/ppp/lcp.c,usr.sbin/ppp,1305,PENDING,
b1498,hbsd/src/usr.sbin/ppp/radius.c,usr.sbin/ppp,1361,PENDING,
b1498,hbsd/src/usr.sbin/ppp/datalink.c,usr.sbin/ppp,1478,PENDING,
b1498,hbsd/src/usr.sbin/ppp/ipcp.c,usr.sbin/ppp,1482,PENDING,
b1499,hbsd/src/usr.sbin/valectl/valectl.c,usr.sbin/valectl,444,PENDING,
b1500,hbsd/src/usr.sbin/rtsold/cap_llflags.c,usr.sbin/rtsold,160,PENDING,
b1500,hbsd/src/usr.sbin/rtsold/rtsock.c,usr.sbin/rtsold,176,PENDING,
b1500,hbsd/src/usr.sbin/rtsold/cap_script.c,usr.sbin/rtsold,235,PENDING,
b1500,hbsd/src/usr.sbin/rtsold/dump.c,usr.sbin/rtsold,202,DEFERRED,
b1501,hbsd/src/usr.sbin/rpc.statd/test.c,usr.sbin/rpc.statd,139,PENDING,
b1501,hbsd/src/usr.sbin/rpc.statd/file.c,usr.sbin/rpc.statd,367,DEFERRED,
b1501,hbsd/src/usr.sbin/rpc.statd/procs.c,usr.sbin/rpc.statd,437,PENDING,
b1501,hbsd/src/usr.sbin/rpc.statd/statd.c,usr.sbin/rpc.statd,664,PENDING,
b1502,hbsd/src/sys/netipsec/subr_ipsec.c,sys/netipsec,416,DEFERRED,
b1502,hbsd/src/sys/netipsec/xform_tcp.c,sys/netipsec,439,DEFERRED,
b1502,hbsd/src/sys/netipsec/ipsec_pcb.c,sys/netipsec,498,PENDING,
b1502,hbsd/src/sys/netipsec/ipsec_input.c,sys/netipsec,804,PENDING,
b1503,hbsd/src/usr.sbin/rpc.lockd/lockd_lock.c,usr.sbin/rpc.lockd,2278,DEFERRED,
b1504,hbsd/src/usr.sbin/ppp/bundle.c,usr.sbin/ppp,2016,PENDING,
b1504,hbsd/src/usr.sbin/ppp/command.c,usr.sbin/ppp,3341,PENDING,
b1505,hbsd/src/sys/netpfil/ipfw/ip_dn_io.c,sys/netpfil/ipfw,1009,PENDING,
b1505,hbsd/src/sys/netpfil/ipfw/ip_fw_nat.c,sys/netpfil/ipfw,1248,DEFERRED,
b1505,hbsd/src/sys/netpfil/ipfw/dn_sched_fq_pie.c,sys/netpfil/ipfw,1237,DEFERRED,
b1505,hbsd/src/sys/netpfil/ipfw/ip_dummynet.c,sys/netpfil/ipfw,2824,DEFERRED,
b1506,hbsd/src/sys/netpfil/pf/pf_nv.c,sys/netpfil/pf,1230,PENDING,
b1506,hbsd/src/sys/netpfil/pf/pf_lb.c,sys/netpfil/pf,1361,DEFERRED,
b1506,hbsd/src/sys/netpfil/pf/pflow.c,sys/netpfil/pf,1842,DEFERRED,
b1506,hbsd/src/sys/netpfil/pf/pf_table.c,sys/netpfil/pf,2477,DEFERRED,
b1507,hbsd/src/sys/netpfil/ipfilter/netinet/ip_nat6.c,sys/netpfil/ipfilter/netinet,3996,PENDING,
b1507,hbsd/src/sys/netpfil/ipfilter/netinet/ip_state.c,sys/netpfil/ipfilter/netinet,5257,PENDING,
b1507,hbsd/src/sys/netpfil/ipfilter/netinet/ip_nat.c,sys/netpfil/ipfilter/netinet,8416,DEFERRED,
b1507,hbsd/src/sys/netpfil/ipfilter/netinet/fil.c,sys/netpfil/ipfilter/netinet,10075,DEFERRED,
b1508,hbsd/src/sys/netpfil/ipfw/test/test_dn_sched.c,sys/netpfil/ipfw/test,95,PENDING,
b1508,hbsd/src/sys/netpfil/ipfw/test/test_dn_heap.c,sys/netpfil/ipfw/test,161,PENDING,
b1508,hbsd/src/sys/netpfil/ipfw/test/main.c,sys/netpfil/ipfw/test,736,PENDING,
b1509,hbsd/src/sys/security/audit/audit_bsm_db.c,sys/security/audit,402,DEFERRED,
b1509,hbsd/src/sys/security/audit/audit_bsm_klib.c,sys/security/audit,528,PENDING,
b1509,hbsd/src/sys/security/audit/audit_worker.c,sys/security/audit,542,DEFERRED,
b1509,hbsd/src/sys/security/audit/audit_dtrace.c,sys/security/audit,533,DEFERRED,
b1510,hbsd/src/sys/netipsec/xform_ipcomp.c,sys/netipsec,793,DEFERRED,
b1510,hbsd/src/sys/netipsec/key_debug.c,sys/netipsec,1056,PENDING,
b1510,hbsd/src/sys/netipsec/xform_esp.c,sys/netipsec,1093,DEFERRED,
b1510,hbsd/src/sys/netipsec/xform_ah.c,sys/netipsec,1192,DEFERRED,
b1511,hbsd/src/sys/ufs/ffs/ffs_balloc.c,sys/ufs/ffs,1212,PENDING,
b1511,hbsd/src/sys/ufs/ffs/ffs_subr.c,sys/ufs/ffs,1270,PENDING,
b1511,hbsd/src/sys/ufs/ffs/ffs_vnops.c,sys/ufs/ffs,2105,DEFERRED,
b1511,hbsd/src/sys/ufs/ffs/ffs_vfsops.c,sys/ufs/ffs,2466,DEFERRED,
b1512,hbsd/src/sys/vm/vm_reserv.c,sys/vm,1506,DEFERRED,
b1512,hbsd/src/sys/vm/vnode_pager.c,sys/vm,1682,DEFERRED,
b1512,hbsd/src/sys/vm/vm_phys.c,sys/vm,2095,DEFERRED,
b1512,hbsd/src/sys/vm/vm_pageout.c,sys/vm,2449,DEFERRED,
b1513,hbsd/src/sys/netpfil/ipfw/ip_fw_table.c,sys/netpfil/ipfw,3059,DEFERRED,
b1513,hbsd/src/sys/netpfil/ipfw/ip_fw_sockopt.c,sys/netpfil/ipfw,3814,DEFERRED,
b1513,hbsd/src/sys/netpfil/ipfw/ip_fw_dynamic.c,sys/netpfil/ipfw,3312,DEFERRED,
b1513,hbsd/src/sys/netpfil/ipfw/ip_fw2.c,sys/netpfil/ipfw,3891,DEFERRED,
b1514,hbsd/src/sys/netpfil/pf/pf_norm.c,sys/netpfil/pf,2279,DEFERRED,
b1514,hbsd/src/sys/netpfil/pf/pf_nl.c,sys/netpfil/pf,2524,DEFERRED,
b1514,hbsd/src/sys/netpfil/pf/if_pfsync.c,sys/netpfil/pf,3453,DEFERRED,
b1514,hbsd/src/sys/netpfil/pf/pf_ioctl.c,sys/netpfil/pf,7250,DEFERRED,
b1515,hbsd/src/usr.bin/renice/renice.c,usr.bin/renice,179,PENDING,
b1516,hbsd/src/usr.sbin/fdcontrol/fdcontrol.c,usr.sbin/fdcontrol,210,PENDING,
b1517,hbsd/src/usr.sbin/smbmsg/smbmsg.c,usr.sbin/smbmsg,343,PENDING,
b1518,hbsd/src/usr.sbin/fdformat/fdformat.c,usr.sbin/fdformat,360,PENDING,
b1519,hbsd/src/sys/x86/x86/autoconf.c,sys/x86/x86,120,DEFERRED,
b1519,hbsd/src/sys/x86/x86/delay.c,sys/x86/x86,139,PENDING,
b1519,hbsd/src/sys/x86/x86/stack_machdep.c,sys/x86/x86,172,PENDING,
b1519,hbsd/src/sys/x86/x86/busdma_machdep.c,sys/x86/x86,193,PENDING,
b1520,hbsd/src/usr.bin/printf/printf.c,usr.bin/printf,672,PENDING,
b1521,hbsd/src/usr.sbin/apmd/apmd.c,usr.sbin/apmd,702,PENDING,
b1522,hbsd/src/usr.sbin/fdread/fdread.c,usr.sbin/fdread,334,PENDING,
b1522,hbsd/src/usr.sbin/fdread/fdutil.c,usr.sbin/fdread,484,PENDING,
b1523,hbsd/src/usr.sbin/i2c/i2c.c,usr.sbin/i2c,908,PENDING,
b1524,hbsd/src/sys/netpfil/ipfw/nat64/ip_fw_nat64.c,sys/netpfil/ipfw/nat64,151,DEFERRED,
b1524,hbsd/src/sys/netpfil/ipfw/nat64/nat64clat.c,sys/netpfil/ipfw/nat64,252,PENDING,
b1524,hbsd/src/sys/netpfil/ipfw/nat64/nat64stl.c,sys/netpfil/ipfw/nat64,262,PENDING,
b1524,hbsd/src/sys/netpfil/ipfw/nat64/nat64stl_control.c,sys/netpfil/ipfw/nat64,556,PENDING,
b1525,hbsd/src/usr.sbin/mfiutil/mfiutil.c,usr.sbin/mfiutil,218,PENDING,
b1525,hbsd/src/usr.sbin/mfiutil/mfi_foreign.c,usr.sbin/mfiutil,364,PENDING,
b1525,hbsd/src/usr.sbin/mfiutil/mfi_cmd.c,usr.sbin/mfiutil,373,PENDING,
b1525,hbsd/src/usr.sbin/mfiutil/mfi_volume.c,usr.sbin/mfiutil,498,PENDING,
b1526,hbsd/src/usr.sbin/usbconfig/dump.c,usr.sbin/usbconfig,763,DEFERRED,
b1526,hbsd/src/usr.sbin/usbconfig/usbconfig.c,usr.sbin/usbconfig,900,PENDING,
b1527,hbsd/src/usr.sbin/bhyve/config.c,usr.sbin/bhyve,464,PENDING,
b1527,hbsd/src/usr.sbin/bhyve/uart_emul.c,usr.sbin/bhyve,485,PENDING,
b1527,hbsd/src/usr.sbin/bhyve/pci_fbuf.c,usr.sbin/bhyve,487,PENDING,
b1527,hbsd/src/usr.sbin/bhyve/net_backends.c,usr.sbin/bhyve,502,DEFERRED,
b1528,hbsd/src/sys/security/audit/bsm_errno.c,sys/security/audit,778,DEFERRED,
b1528,hbsd/src/sys/security/audit/audit_arg.c,sys/security/audit,1015,PENDING,
b1528,hbsd/src/sys/security/audit/audit_syscalls.c,sys/security/audit,913,PENDING,
b1528,hbsd/src/sys/security/audit/audit.c,sys/security/audit,837,DEFERRED,
b1529,hbsd/src/sys/netpfil/ipfw/ip_fw_table_algo.c,sys/netpfil/ipfw,4371,DEFERRED,
b1530,hbsd/src/sys/netpfil/pf/pf.c,sys/netpfil/pf,11408,DEFERRED,
b1531,hbsd/src/sys/netipsec/ipsec_offload.c,sys/netipsec,1211,DEFERRED,
b1531,hbsd/src/sys/netipsec/ipsec_output.c,sys/netipsec,1239,PENDING,
b1531,hbsd/src/sys/netipsec/ipsec.c,sys/netipsec,1588,PENDING,
b1531,hbsd/src/sys/netipsec/key.c,sys/netipsec,9022,DEFERRED,
b1532,hbsd/src/sys/vm/vm_fault.c,sys/vm,2512,PENDING,
b1532,hbsd/src/sys/vm/vm_object.c,sys/vm,2886,DEFERRED,
b1532,hbsd/src/sys/vm/swap_pager.c,sys/vm,3488,DEFERRED,
b1532,hbsd/src/sys/vm/uma_core.c,sys/vm,5982,DEFERRED,
b1533,hbsd/src/sys/ufs/ffs/ffs_snapshot.c,sys/ufs/ffs,2757,DEFERRED,
b1533,hbsd/src/sys/ufs/ffs/ffs_alloc.c,sys/ufs/ffs,3620,DEFERRED,
b1533,hbsd/src/sys/ufs/ffs/ffs_softdep.c,sys/ufs/ffs,15020,DEFERRED,
b1534,hbsd/src/usr.sbin/fdwrite/fdwrite.c,usr.sbin/fdwrite,198,PENDING,
b1535,hbsd/src/usr.sbin/bhyve/slirp/slirp-helper.c,usr.sbin/bhyve/slirp,578,PENDING,
b1536,hbsd/src/usr.bin/mkuzip/mkuz_fqueue.c,usr.bin/mkuzip,212,PENDING,
b1536,hbsd/src/usr.bin/mkuzip/mkuzip.c,usr.bin/mkuzip,502,PENDING,
b1537,hbsd/src/usr.sbin/bluetooth/btpand/packet.c,usr.sbin/bluetooth/btpand,112,DEFERRED,
b1537,hbsd/src/usr.sbin/bluetooth/btpand/sdp.c,usr.sbin/bluetooth/btpand,211,PENDING,
b1537,hbsd/src/usr.sbin/bluetooth/btpand/tap.c,usr.sbin/bluetooth/btpand,169,PENDING,
b1537,hbsd/src/usr.sbin/bluetooth/btpand/client.c,usr.sbin/bluetooth/btpand,229,PENDING,
b1538,hbsd/src/usr.sbin/rwhod/rwhod.c,usr.sbin/rwhod,769,PENDING,
b1539,hbsd/src/usr.bin/m4/expr.c,usr.bin/m4,45,PENDING,
b1539,hbsd/src/usr.bin/m4/trace.c,usr.bin/m4,198,PENDING,
b1539,hbsd/src/usr.bin/m4/look.c,usr.bin/m4,340,PENDING,
b1539,hbsd/src/usr.bin/m4/misc.c,usr.bin/m4,466,PENDING,
b1540,hbsd/src/sys/netpfil/ipfw/nptv6/ip_fw_nptv6.c,sys/netpfil/ipfw/nptv6,96,DEFERRED,
b1540,hbsd/src/sys/netpfil/ipfw/nptv6/nptv6.c,sys/netpfil/ipfw/nptv6,1040,PENDING,
b1541,hbsd/src/sys/ufs/ufs/ufs_gjournal.c,sys/ufs/ufs,130,PENDING,
b1541,hbsd/src/sys/ufs/ufs/ufs_vfsops.c,sys/ufs/ufs,198,PENDING,
b1541,hbsd/src/sys/ufs/ufs/ufs_inode.c,sys/ufs/ufs,256,PENDING,
b1541,hbsd/src/sys/ufs/ufs/ufs_acl.c,sys/ufs/ufs,683,PENDING,
b1542,hbsd/src/usr.sbin/bhyve/tpm_intf_crb.c,usr.sbin/bhyve,627,PENDING,
b1542,hbsd/src/usr.sbin/bhyve/basl.c,usr.sbin/bhyve,702,DEFERRED,
b1542,hbsd/src/usr.sbin/bhyve/pci_virtio_block.c,usr.sbin/bhyve,601,PENDING,
b1542,hbsd/src/usr.sbin/bhyve/pci_virtio_console.c,usr.sbin/bhyve,764,PENDING,
b1543,hbsd/src/usr.sbin/bhyve/pci_virtio_input.c,usr.sbin/bhyve,774,PENDING,
b1543,hbsd/src/usr.sbin/bhyve/pci_virtio_net.c,usr.sbin/bhyve,815,PENDING,
b1543,hbsd/src/usr.sbin/bhyve/usb_mouse.c,usr.sbin/bhyve,841,PENDING,
b1543,hbsd/src/usr.sbin/bhyve/pci_virtio_scsi.c,usr.sbin/bhyve,770,DEFERRED,
b1544,hbsd/src/usr.sbin/mfiutil/mfi_evt.c,usr.sbin/mfiutil,703,PENDING,
b1544,hbsd/src/usr.sbin/mfiutil/mfi_drive.c,usr.sbin/mfiutil,727,PENDING,
b1544,hbsd/src/usr.sbin/mfiutil/mfi_show.c,usr.sbin/mfiutil,791,PENDING,
b1544,hbsd/src/usr.sbin/mfiutil/mfi_config.c,usr.sbin/mfiutil,1288,PENDING,
b1545,hbsd/src/sys/security/audit/audit_pipe.c,sys/security/audit,1077,DEFERRED,
b1545,hbsd/src/sys/security/audit/bsm_token.c,sys/security/audit,1608,PENDING,
b1545,hbsd/src/sys/security/audit/audit_bsm.c,sys/security/audit,1885,DEFERRED,
b1546,hbsd/src/sys/ufs/ufs/ufs_bmap.c,sys/ufs/ufs,651,PENDING,
b1546,hbsd/src/sys/ufs/ufs/ufs_extattr.c,sys/ufs/ufs,1298,DEFERRED,
b1546,hbsd/src/sys/ufs/ufs/ufs_dirhash.c,sys/ufs/ufs,1324,DEFERRED,
b1546,hbsd/src/sys/ufs/ufs/ufs_lookup.c,sys/ufs/ufs,1568,PENDING,
b1547,hbsd/src/sys/netpfil/ipfw/nat64/nat64clat_control.c,sys/netpfil/ipfw/nat64,551,PENDING,
b1547,hbsd/src/sys/netpfil/ipfw/nat64/nat64lsn_control.c,sys/netpfil/ipfw/nat64,951,PENDING,
b1547,hbsd/src/sys/netpfil/ipfw/nat64/nat64_translate.c,sys/netpfil/ipfw/nat64,1721,PENDING,
b1547,hbsd/src/sys/netpfil/ipfw/nat64/nat64lsn.c,sys/netpfil/ipfw/nat64,1959,DEFERRED,
b1548,hbsd/src/sys/vm/vm_map.c,sys/vm,5577,PENDING,
b1548,hbsd/src/sys/vm/vm_page.c,sys/vm,5952,DEFERRED,
b1549,hbsd/src/usr.sbin/makefs/ffs/ufs_bmap.c,usr.sbin/makefs/ffs,137,PENDING,
b1549,hbsd/src/usr.sbin/makefs/ffs/ffs_subr.c,usr.sbin/makefs/ffs,179,PENDING,
b1549,hbsd/src/usr.sbin/makefs/ffs/buf.c,usr.sbin/makefs/ffs,219,DEFERRED,
b1549,hbsd/src/usr.sbin/makefs/ffs/ffs_bswap.c,usr.sbin/makefs/ffs,258,PENDING,
b1550,hbsd/src/usr.sbin/mptutil/mptutil.c,usr.sbin/mptutil,128,PENDING,
b1550,hbsd/src/usr.sbin/mptutil/mpt_evt.c,usr.sbin/mptutil,164,PENDING,
b1550,hbsd/src/usr.sbin/mptutil/mpt_volume.c,usr.sbin/mptutil,269,PENDING,
b1550,hbsd/src/usr.sbin/mptutil/mpt_drive.c,usr.sbin/mptutil,429,PENDING,
b1551,hbsd/src/usr.sbin/bluetooth/btpand/event.c,usr.sbin/bluetooth/btpand,311,DEFERRED,
b1551,hbsd/src/usr.sbin/bluetooth/btpand/server.c,usr.sbin/bluetooth/btpand,294,PENDING,
b1551,hbsd/src/usr.sbin/bluetooth/btpand/channel.c,usr.sbin/bluetooth/btpand,336,DEFERRED,
b1551,hbsd/src/usr.sbin/bluetooth/btpand/btpand.c,usr.sbin/bluetooth/btpand,294,PENDING,
b1552,hbsd/src/usr.bin/login/login_fbtab.c,usr.bin/login,139,VERIFIED,
b1552,hbsd/src/usr.bin/login/login_audit.c,usr.bin/login,203,PENDING,
b1552,hbsd/src/usr.bin/login/login.c,usr.bin/login,1034,PENDING,
b1553,hbsd/src/sys/x86/iommu/amd_intrmap.c,sys/x86/iommu,398,PENDING,
b1553,hbsd/src/sys/x86/iommu/intel_intrmap.c,sys/x86/iommu,393,PENDING,
b1553,hbsd/src/sys/x86/iommu/intel_qi.c,sys/x86/iommu,425,PENDING,
b1553,hbsd/src/sys/x86/iommu/amd_idpgtbl.c,sys/x86/iommu,399,PENDING,
b1554,hbsd/src/usr.sbin/mpsutil/mps_flash.c,usr.sbin/mpsutil,244,PENDING,
b1554,hbsd/src/usr.sbin/mpsutil/mps_cmd.c,usr.sbin/mpsutil,814,PENDING,
b1554,hbsd/src/usr.sbin/mpsutil/mps_show.c,usr.sbin/mpsutil,854,PENDING,
b1555,hbsd/src/usr.bin/m4/gnum4.c,usr.bin/m4,694,PENDING,
b1555,hbsd/src/usr.bin/m4/main.c,usr.bin/m4,660,PENDING,
b1555,hbsd/src/usr.bin/m4/eval.c,usr.bin/m4,1023,PENDING,
b1556,hbsd/src/usr.sbin/route6d/route6d.c,usr.sbin/route6d,3580,DEFERRED,
b1557,hbsd/src/usr.sbin/bhyve/block_if.c,usr.sbin/bhyve,1041,DEFERRED,
b1557,hbsd/src/usr.sbin/bhyve/bhyverun.c,usr.sbin/bhyve,1022,PENDING,
b1557,hbsd/src/usr.sbin/bhyve/acpi.c,usr.sbin/bhyve,904,DEFERRED,
b1557,hbsd/src/usr.sbin/bhyve/hda_codec.c,usr.sbin/bhyve,949,PENDING,
b1558,hbsd/src/sys/ufs/ufs/ufs_quota.c,sys/ufs/ufs,1869,DEFERRED,
b1558,hbsd/src/sys/ufs/ufs/ufs_vnops.c,sys/ufs/ufs,3087,DEFERRED,
b1559,hbsd/src/usr.sbin/bsnmpd/tools/libbsnmptools/bsnmpimport.c,usr.sbin/bsnmpd/tools/libbsnmptools,967,DEFERRED,
b1559,hbsd/src/usr.sbin/bsnmpd/tools/libbsnmptools/bsnmpmap.c,usr.sbin/bsnmpd/tools/libbsnmptools,1007,DEFERRED,
b1559,hbsd/src/usr.sbin/bsnmpd/tools/libbsnmptools/bsnmptc.c,usr.sbin/bsnmpd/tools/libbsnmptools,1297,PENDING,
b1559,hbsd/src/usr.sbin/bsnmpd/tools/libbsnmptools/bsnmptools.c,usr.sbin/bsnmpd/tools/libbsnmptools,2125,DEFERRED,
b1560,hbsd/src/usr.sbin/rmt/rmt.c,usr.sbin/rmt,240,PENDING,
b1561,hbsd/src/usr.sbin/bluetooth/l2ping/l2ping.c,usr.sbin/bluetooth/l2ping,294,PENDING,
b1562,hbsd/src/usr.sbin/bhyve/aarch64/fdt.c,usr.sbin/bhyve/aarch64,395,PENDING,
b1563,hbsd/src/usr.sbin/bluetooth/hcsecd/hcsecd.c,usr.sbin/bluetooth/hcsecd,448,PENDING,
b1564,hbsd/src/usr.sbin/services_mkdb/uniq.c,usr.sbin/services_mkdb,165,PENDING,
b1564,hbsd/src/usr.sbin/services_mkdb/services_mkdb.c,usr.sbin/services_mkdb,461,PENDING,
b1565,hbsd/src/usr.bin/su/su.c,usr.bin/su,629,PENDING,
b1566,hbsd/src/usr.bin/script/script.c,usr.bin/script,653,DEFERRED,
b1567,hbsd/src/usr.sbin/bluetooth/btpand/bnep.c,usr.sbin/bluetooth/btpand,757,DEFERRED,
b1568,hbsd/src/usr.sbin/bhyve/amd64/kernemu_dev.c,usr.sbin/bhyve/amd64,96,PENDING,
b1568,hbsd/src/usr.sbin/bhyve/amd64/rtc.c,usr.sbin/bhyve/amd64,127,PENDING,
b1568,hbsd/src/usr.sbin/bhyve/amd64/xmsr.c,usr.sbin/bhyve/amd64,260,PENDING,
b1568,hbsd/src/usr.sbin/bhyve/amd64/inout.c,usr.sbin/bhyve/amd64,295,PENDING,
b1569,hbsd/src/usr.bin/stat/stat.c,usr.bin/stat,1193,PENDING,
b1570,hbsd/src/usr.sbin/ypldap/log.c,usr.sbin/ypldap,161,VERIFIED,
b1570,hbsd/src/usr.sbin/ypldap/entries.c,usr.sbin/ypldap,145,DEFERRED,
b1570,hbsd/src/usr.sbin/ypldap/ypldap_dns.c,usr.sbin/ypldap,250,DEFERRED,
b1570,hbsd/src/usr.sbin/ypldap/ypldap.c,usr.sbin/ypldap,651,DEFERRED,
b1571,hbsd/src/usr.sbin/cron/cron/cron.c,usr.sbin/cron/cron,568,PENDING,
b1571,hbsd/src/usr.sbin/cron/cron/do_command.c,usr.sbin/cron/cron,801,PENDING,
b1572,hbsd/src/usr.sbin/makefs/msdos/msdosfs_lookup.c,usr.sbin/makefs/msdos,298,PENDING,
b1572,hbsd/src/usr.sbin/makefs/msdos/msdosfs_denode.c,usr.sbin/makefs/msdos,370,PENDING,
b1572,hbsd/src/usr.sbin/makefs/msdos/msdosfs_vfsops.c,usr.sbin/makefs/msdos,384,PENDING,
b1572,hbsd/src/usr.sbin/makefs/msdos/msdosfs_conv.c,usr.sbin/makefs/msdos,504,PENDING,
b1573,hbsd/src/usr.sbin/makefs/ffs/ffs_balloc.c,usr.sbin/makefs/ffs,587,PENDING,
b1573,hbsd/src/usr.sbin/makefs/ffs/ffs_alloc.c,usr.sbin/makefs/ffs,676,PENDING,
b1573,hbsd/src/usr.sbin/makefs/ffs/mkfs.c,usr.sbin/makefs/ffs,881,PENDING,
b1574,hbsd/src/usr.sbin/rtsold/cap_sendmsg.c,usr.sbin/rtsold,282,PENDING,
b1574,hbsd/src/usr.sbin/rtsold/if.c,usr.sbin/rtsold,358,PENDING,
b1574,hbsd/src/usr.sbin/rtsold/rtsold.c,usr.sbin/rtsold,938,DEFERRED,
b1574,hbsd/src/usr.sbin/rtsold/rtsol.c,usr.sbin/rtsold,849,DEFERRED,
b1575,hbsd/src/usr.sbin/moused/msconvd/msconvd.c,usr.sbin/moused/msconvd,2603,PENDING,
b1576,hbsd/src/sys/x86/iommu/intel_utils.c,sys/x86/iommu,551,PENDING,
b1576,hbsd/src/sys/x86/iommu/amd_ctx.c,sys/x86/iommu,620,DEFERRED,
b1576,hbsd/src/sys/x86/iommu/iommu_utils.c,sys/x86/iommu,841,DEFERRED,
b1576,hbsd/src/sys/x86/iommu/intel_idpgtbl.c,sys/x86/iommu,808,DEFERRED,
b1577,hbsd/src/usr.sbin/mptutil/mpt_cmd.c,usr.sbin/mptutil,628,PENDING,
b1577,hbsd/src/usr.sbin/mptutil/mpt_cam.c,usr.sbin/mptutil,565,PENDING,
b1577,hbsd/src/usr.sbin/mptutil/mpt_show.c,usr.sbin/mptutil,584,PENDING,
b1577,hbsd/src/usr.sbin/mptutil/mpt_config.c,usr.sbin/mptutil,1259,PENDING,
b1578,hbsd/src/usr.sbin/bhyve/virtio.c,usr.sbin/bhyve,968,PENDING,
b1578,hbsd/src/usr.sbin/bhyve/smbiostbl.c,usr.sbin/bhyve,938,PENDING,
b1578,hbsd/src/usr.sbin/bhyve/pci_hda.c,usr.sbin/bhyve,1295,PENDING,
b1578,hbsd/src/usr.sbin/bhyve/rfb.c,usr.sbin/bhyve,1480,DEFERRED,
b1579,hbsd/src/usr.sbin/bhyve/snapshot.c,usr.sbin/bhyve,1597,PENDING,
b1579,hbsd/src/usr.sbin/bhyve/pci_passthru.c,usr.sbin/bhyve,1457,DEFERRED,
b1579,hbsd/src/usr.sbin/bhyve/gdb.c,usr.sbin/bhyve,2272,DEFERRED,
b1579,hbsd/src/usr.sbin/bhyve/pci_ahci.c,usr.sbin/bhyve,2789,DEFERRED,
b1580,hbsd/src/usr.sbin/bhyve/pci_e82545.c,usr.sbin/bhyve,2538,PENDING,
b1580,hbsd/src/usr.sbin/bhyve/pci_emul.c,usr.sbin/bhyve,2807,DEFERRED,
b1580,hbsd/src/usr.sbin/bhyve/pci_xhci.c,usr.sbin/bhyve,3270,PENDING,
b1580,hbsd/src/usr.sbin/bhyve/pci_nvme.c,usr.sbin/bhyve,3412,DEFERRED,
b1581,hbsd/src/usr.sbin/efidp/efidp.c,usr.sbin/efidp,248,PENDING,
b1582,hbsd/src/usr.sbin/virtual_oss/virtual_bt_speaker/bt_speaker.c,usr.sbin/virtual_oss/virtual_bt_speaker,541,PENDING,
b1583,hbsd/src/usr.sbin/efivar/efiutil.c,usr.sbin/efivar,190,PENDING,
b1583,hbsd/src/usr.sbin/efivar/efivar.c,usr.sbin/efivar,427,PENDING,
b1584,hbsd/src/usr.sbin/cron/crontab/crontab.c,usr.sbin/cron/crontab,632,PENDING,
b1585,hbsd/src/usr.sbin/kbdmap/kbdmap.c,usr.sbin/kbdmap,860,DEFERRED,
b1586,hbsd/src/usr.sbin/bhyve/aarch64/pci_irq.c,usr.sbin/bhyve/aarch64,66,PENDING,
b1586,hbsd/src/usr.sbin/bhyve/aarch64/mem_aarch64.c,usr.sbin/bhyve/aarch64,58,PENDING,
b1586,hbsd/src/usr.sbin/bhyve/aarch64/vmexit.c,usr.sbin/bhyve/aarch64,305,PENDING,
b1586,hbsd/src/usr.sbin/bhyve/aarch64/bhyverun_machdep.c,usr.sbin/bhyve/aarch64,438,PENDING,
b1587,hbsd/src/usr.sbin/efibootmgr/efibootmgr.c,usr.sbin/efibootmgr,1144,DEFERRED,
b1588,hbsd/src/usr.sbin/makefs/msdos/msdosfs_vnops.c,usr.sbin/makefs/msdos,639,PENDING,
b1588,hbsd/src/usr.sbin/makefs/msdos/msdosfs_fat.c,usr.sbin/makefs/msdos,1053,PENDING,
b1589,hbsd/src/usr.sbin/bhyve/amd64/task_switch.c,usr.sbin/bhyve/amd64,941,PENDING,
b1589,hbsd/src/usr.sbin/bhyve/amd64/vga.c,usr.sbin/bhyve/amd64,1330,PENDING,
b1590,hbsd/src/sys/x86/x86/intr_machdep.c,sys/x86/x86,780,DEFERRED,
b1590,hbsd/src/sys/x86/x86/nexus.c,sys/x86/x86,770,PENDING,
b1590,hbsd/src/sys/x86/x86/msi.c,sys/x86/x86,795,DEFERRED,
b1590,hbsd/src/sys/x86/x86/tsc.c,sys/x86/x86,1000,DEFERRED,
b1591,hbsd/src/sys/x86/iommu/intel_ctx.c,sys/x86/iommu,932,DEFERRED,
b1591,hbsd/src/sys/x86/iommu/amd_drv.c,sys/x86/iommu,1223,DEFERRED,
b1591,hbsd/src/sys/x86/iommu/intel_drv.c,sys/x86/iommu,1339,DEFERRED,
b1592,hbsd/src/usr.sbin/newsyslog/ptimes.c,usr.sbin/newsyslog,696,PENDING,
b1592,hbsd/src/usr.sbin/newsyslog/newsyslog.c,usr.sbin/newsyslog,2918,DEFERRED,
b1593,hbsd/src/usr.sbin/ypldap/yp.c,usr.sbin/ypldap,676,DEFERRED,
b1593,hbsd/src/usr.sbin/ypldap/ldapclient.c,usr.sbin/ypldap,691,DEFERRED,
b1593,hbsd/src/usr.sbin/ypldap/aldap.c,usr.sbin/ypldap,1256,PENDING,
b1593,hbsd/src/usr.sbin/ypldap/ber.c,usr.sbin/ypldap,1276,PENDING,
b1594,hbsd/src/usr.sbin/trim/trim.c,usr.sbin/trim,244,PENDING,
b1595,hbsd/src/usr.sbin/bhyve/amd64/pm.c,usr.sbin/bhyve/amd64,376,PENDING,
b1595,hbsd/src/usr.sbin/bhyve/amd64/mptbl.c,usr.sbin/bhyve/amd64,375,PENDING,
b1595,hbsd/src/usr.sbin/bhyve/amd64/pci_irq.c,usr.sbin/bhyve/amd64,378,PENDING,
b1595,hbsd/src/usr.sbin/bhyve/amd64/ps2mouse.c,usr.sbin/bhyve/amd64,439,PENDING,
b1596,hbsd/src/usr.sbin/ypserv/yp_main.c,usr.sbin/ypserv,578,DEFERRED,
b1596,hbsd/src/usr.sbin/ypserv/yp_dblookup.c,usr.sbin/ypserv,727,DEFERRED,
b1596,hbsd/src/usr.sbin/ypserv/yp_server.c,usr.sbin/ypserv,985,PENDING,
b1597,hbsd/src/sys/x86/x86/busdma_bounce.c,sys/x86/x86,995,DEFERRED,
b1597,hbsd/src/sys/x86/x86/mptable.c,sys/x86/x86,1297,DEFERRED,
b1597,hbsd/src/sys/x86/x86/io_apic.c,sys/x86/x86,1269,DEFERRED,
b1597,hbsd/src/sys/x86/x86/mca.c,sys/x86/x86,1772,DEFERRED,
b1598,hbsd/src/usr.sbin/mptable/mptable.c,usr.sbin/mptable,930,PENDING,
b1599,hbsd/src/usr.sbin/bhyve/amd64/bhyverun_machdep.c,usr.sbin/bhyve/amd64,394,PENDING,
b1599,hbsd/src/usr.sbin/bhyve/amd64/fwctl.c,usr.sbin/bhyve/amd64,581,PENDING,
b1599,hbsd/src/usr.sbin/bhyve/amd64/e820.c,usr.sbin/bhyve/amd64,533,DEFERRED,
b1599,hbsd/src/usr.sbin/bhyve/amd64/ps2kbd.c,usr.sbin/bhyve/amd64,520,PENDING,
b1600,hbsd/src/sys/x86/x86/mp_x86.c,sys/x86/x86,1767,DEFERRED,
b1600,hbsd/src/sys/x86/x86/cpu_machdep.c,sys/x86/x86,1880,DEFERRED,
b1600,hbsd/src/sys/x86/x86/local_apic.c,sys/x86/x86,2364,DEFERRED,
b1600,hbsd/src/sys/x86/x86/identcpu.c,sys/x86/x86,2700,DEFERRED,
b1601,hbsd/src/sys/x86/xen/xen_apic.c,sys/x86/xen,361,DEFERRED,
b1601,hbsd/src/sys/x86/xen/xen_arch_intr.c,sys/x86/xen,382,DEFERRED,
b1601,hbsd/src/sys/x86/xen/pv.c,sys/x86/xen,418,PENDING,
b1601,hbsd/src/sys/x86/xen/hvm.c,sys/x86/xen,591,DEFERRED,
b1602,hbsd/src/usr.sbin/bhyve/amd64/vmexit.c,usr.sbin/bhyve/amd64,529,PENDING,
b1602,hbsd/src/usr.sbin/bhyve/amd64/pci_lpc.c,usr.sbin/bhyve/amd64,620,PENDING,
b1602,hbsd/src/usr.sbin/bhyve/amd64/atkbdc.c,usr.sbin/bhyve/amd64,629,PENDING,
b1602,hbsd/src/usr.sbin/bhyve/amd64/pci_gvt-d.c,usr.sbin/bhyve/amd64,591,PENDING,
